:START_ID,:END_ID,:TYPE
0,142,FALLS_UNDER
1,142,FALLS_UNDER
2,143,FALLS_UNDER
3,142,FALLS_UNDER
4,142,FALLS_UNDER
5,142,FALLS_UNDER
6,142,FALLS_UNDER
7,142,FALLS_UNDER
8,143,FALLS_UNDER
9,143,FALLS_UNDER
10,143,FALLS_UNDER
11,143,FALLS_UNDER
12,143,FALLS_UNDER
13,142,FALLS_UNDER
14,143,FALLS_UNDER
15,143,FALLS_UNDER
16,142,FALLS_UNDER
17,142,FALLS_UNDER
18,143,FALLS_UNDER
19,143,FALLS_UNDER
20,143,FALLS_UNDER
21,143,FALLS_UNDER
22,142,FALLS_UNDER
23,143,FALLS_UNDER
24,143,FALLS_UNDER
25,143,FALLS_UNDER
26,143,FALLS_UNDER
27,142,FALLS_UNDER
28,142,FALLS_UNDER
29,142,FALLS_UNDER
30,143,FALLS_UNDER
31,143,FALLS_UNDER
32,142,FALLS_UNDER
33,143,FALLS_UNDER
34,143,FALLS_UNDER
35,143,FALLS_UNDER
36,142,FALLS_UNDER
37,143,FALLS_UNDER
38,142,FALLS_UNDER
39,142,FALLS_UNDER
40,143,FALLS_UNDER
41,142,FALLS_UNDER
42,142,FALLS_UNDER
43,142,FALLS_UNDER
44,143,FALLS_UNDER
45,143,FALLS_UNDER
46,142,FALLS_UNDER
47,142,FALLS_UNDER
48,143,FALLS_UNDER
49,143,FALLS_UNDER
50,142,FALLS_UNDER
51,142,FALLS_UNDER
52,144,FALLS_UNDER
53,143,FALLS_UNDER
54,143,FALLS_UNDER
55,142,FALLS_UNDER
56,142,FALLS_UNDER
57,142,FALLS_UNDER
58,142,FALLS_UNDER
59,142,FALLS_UNDER
60,142,FALLS_UNDER
61,142,FALLS_UNDER
62,143,FALLS_UNDER
63,144,FALLS_UNDER
64,143,FALLS_UNDER
65,143,FALLS_UNDER
66,143,FALLS_UNDER
67,143,FALLS_UNDER
68,142,FALLS_UNDER
69,142,FALLS_UNDER
70,143,FALLS_UNDER
71,142,FALLS_UNDER
72,142,FALLS_UNDER
73,144,FALLS_UNDER
74,143,FALLS_UNDER
75,143,FALLS_UNDER
76,143,FALLS_UNDER
77,142,FALLS_UNDER
78,142,FALLS_UNDER
79,142,FALLS_UNDER
80,143,FALLS_UNDER
81,143,FALLS_UNDER
82,143,FALLS_UNDER
83,142,FALLS_UNDER
84,142,FALLS_UNDER
85,143,FALLS_UNDER
86,143,FALLS_UNDER
87,143,FALLS_UNDER
88,142,FALLS_UNDER
89,142,FALLS_UNDER
90,142,FALLS_UNDER
91,142,FALLS_UNDER
92,142,FALLS_UNDER
93,142,FALLS_UNDER
94,143,FALLS_UNDER
95,142,FALLS_UNDER
96,142,FALLS_UNDER
97,142,FALLS_UNDER
98,142,FALLS_UNDER
99,143,FALLS_UNDER
100,142,FALLS_UNDER
101,143,FALLS_UNDER
102,142,FALLS_UNDER
103,142,FALLS_UNDER
104,142,FALLS_UNDER
105,142,FALLS_UNDER
106,142,FALLS_UNDER
107,142,FALLS_UNDER
108,142,FALLS_UNDER
109,142,FALLS_UNDER
110,142,FALLS_UNDER
111,143,FALLS_UNDER
112,143,FALLS_UNDER
113,143,FALLS_UNDER
114,143,FALLS_UNDER
115,142,FALLS_UNDER
116,142,FALLS_UNDER
117,142,FALLS_UNDER
118,142,FALLS_UNDER
119,143,FALLS_UNDER
120,143,FALLS_UNDER
121,143,FALLS_UNDER
122,143,FALLS_UNDER
123,144,FALLS_UNDER
124,144,FALLS_UNDER
125,143,FALLS_UNDER
126,142,FALLS_UNDER
127,143,FALLS_UNDER
145,142,FALLS_UNDER
146,142,FALLS_UNDER
147,143,FALLS_UNDER
148,143,FALLS_UNDER
149,142,FALLS_UNDER
150,143,FALLS_UNDER
151,143,FALLS_UNDER
152,143,FALLS_UNDER
153,142,FALLS_UNDER
154,142,FALLS_UNDER
155,142,FALLS_UNDER
156,143,FALLS_UNDER
157,143,FALLS_UNDER
158,143,FALLS_UNDER
159,143,FALLS_UNDER
160,142,FALLS_UNDER
161,143,FALLS_UNDER
162,143,FALLS_UNDER
163,144,FALLS_UNDER
164,142,FALLS_UNDER
165,143,FALLS_UNDER
166,142,FALLS_UNDER
167,142,FALLS_UNDER
168,142,FALLS_UNDER
169,143,FALLS_UNDER
170,143,FALLS_UNDER
171,143,FALLS_UNDER
172,143,FALLS_UNDER
173,142,FALLS_UNDER
174,143,FALLS_UNDER
175,142,FALLS_UNDER
176,142,FALLS_UNDER
177,143,FALLS_UNDER
178,281,FALLS_UNDER
179,143,FALLS_UNDER
180,142,FALLS_UNDER
181,142,FALLS_UNDER
182,142,FALLS_UNDER
183,143,FALLS_UNDER
184,142,FALLS_UNDER
185,143,FALLS_UNDER
186,142,FALLS_UNDER
187,142,FALLS_UNDER
188,142,FALLS_UNDER
189,143,FALLS_UNDER
190,143,FALLS_UNDER
191,142,FALLS_UNDER
192,142,FALLS_UNDER
193,142,FALLS_UNDER
194,142,FALLS_UNDER
195,142,FALLS_UNDER
196,143,FALLS_UNDER
197,143,FALLS_UNDER
198,143,FALLS_UNDER
199,142,FALLS_UNDER
200,143,FALLS_UNDER
201,142,FALLS_UNDER
202,143,FALLS_UNDER
203,143,FALLS_UNDER
204,143,FALLS_UNDER
205,143,FALLS_UNDER
206,142,FALLS_UNDER
207,143,FALLS_UNDER
208,143,FALLS_UNDER
209,144,FALLS_UNDER
210,142,FALLS_UNDER
211,143,FALLS_UNDER
212,143,FALLS_UNDER
213,143,FALLS_UNDER
214,143,FALLS_UNDER
215,142,FALLS_UNDER
216,143,FALLS_UNDER
217,143,FALLS_UNDER
218,142,FALLS_UNDER
219,142,FALLS_UNDER
220,143,FALLS_UNDER
221,142,FALLS_UNDER
222,142,FALLS_UNDER
223,143,FALLS_UNDER
224,143,FALLS_UNDER
225,143,FALLS_UNDER
226,142,FALLS_UNDER
227,142,FALLS_UNDER
228,143,FALLS_UNDER
229,143,FALLS_UNDER
230,143,FALLS_UNDER
231,143,FALLS_UNDER
232,142,FALLS_UNDER
233,142,FALLS_UNDER
234,143,FALLS_UNDER
235,143,FALLS_UNDER
236,142,FALLS_UNDER
237,281,FALLS_UNDER
238,143,FALLS_UNDER
239,143,FALLS_UNDER
240,143,FALLS_UNDER
241,143,FALLS_UNDER
242,143,FALLS_UNDER
243,143,FALLS_UNDER
244,142,FALLS_UNDER
245,143,FALLS_UNDER
246,143,FALLS_UNDER
247,143,FALLS_UNDER
248,142,FALLS_UNDER
249,142,FALLS_UNDER
250,142,FALLS_UNDER
251,143,FALLS_UNDER
252,142,FALLS_UNDER
253,143,FALLS_UNDER
254,143,FALLS_UNDER
255,143,FALLS_UNDER
256,143,FALLS_UNDER
257,143,FALLS_UNDER
258,143,FALLS_UNDER
259,142,FALLS_UNDER
260,143,FALLS_UNDER
261,142,FALLS_UNDER
262,143,FALLS_UNDER
263,143,FALLS_UNDER
264,143,FALLS_UNDER
265,143,FALLS_UNDER
266,142,FALLS_UNDER
267,142,FALLS_UNDER
268,143,FALLS_UNDER
269,143,FALLS_UNDER
270,142,FALLS_UNDER
271,143,FALLS_UNDER
272,143,FALLS_UNDER
282,143,FALLS_UNDER
283,142,FALLS_UNDER
284,143,FALLS_UNDER
285,143,FALLS_UNDER
286,143,FALLS_UNDER
287,143,FALLS_UNDER
288,143,FALLS_UNDER
289,143,FALLS_UNDER
290,143,FALLS_UNDER
291,142,FALLS_UNDER
292,143,FALLS_UNDER
293,415,FALLS_UNDER
294,143,FALLS_UNDER
295,143,FALLS_UNDER
296,143,FALLS_UNDER
297,142,FALLS_UNDER
298,142,FALLS_UNDER
299,143,FALLS_UNDER
300,142,FALLS_UNDER
301,143,FALLS_UNDER
302,142,FALLS_UNDER
303,142,FALLS_UNDER
304,143,FALLS_UNDER
305,143,FALLS_UNDER
306,142,FALLS_UNDER
307,143,FALLS_UNDER
308,142,FALLS_UNDER
309,142,FALLS_UNDER
310,142,FALLS_UNDER
311,143,FALLS_UNDER
312,143,FALLS_UNDER
313,143,FALLS_UNDER
314,143,FALLS_UNDER
315,142,FALLS_UNDER
316,142,FALLS_UNDER
317,142,FALLS_UNDER
318,143,FALLS_UNDER
319,281,FALLS_UNDER
320,142,FALLS_UNDER
321,142,FALLS_UNDER
322,142,FALLS_UNDER
323,143,FALLS_UNDER
324,143,FALLS_UNDER
325,281,FALLS_UNDER
326,142,FALLS_UNDER
327,142,FALLS_UNDER
328,142,FALLS_UNDER
329,144,FALLS_UNDER
330,143,FALLS_UNDER
331,142,FALLS_UNDER
332,142,FALLS_UNDER
333,142,FALLS_UNDER
334,143,FALLS_UNDER
335,143,FALLS_UNDER
336,143,FALLS_UNDER
337,142,FALLS_UNDER
338,143,FALLS_UNDER
339,142,FALLS_UNDER
340,142,FALLS_UNDER
341,143,FALLS_UNDER
342,143,FALLS_UNDER
343,142,FALLS_UNDER
344,143,FALLS_UNDER
345,142,FALLS_UNDER
346,142,FALLS_UNDER
347,142,FALLS_UNDER
348,142,FALLS_UNDER
349,143,FALLS_UNDER
350,142,FALLS_UNDER
351,142,FALLS_UNDER
352,142,FALLS_UNDER
353,143,FALLS_UNDER
354,142,FALLS_UNDER
355,142,FALLS_UNDER
356,142,FALLS_UNDER
357,142,FALLS_UNDER
358,142,FALLS_UNDER
359,142,FALLS_UNDER
360,142,FALLS_UNDER
361,142,FALLS_UNDER
362,142,FALLS_UNDER
363,143,FALLS_UNDER
364,143,FALLS_UNDER
365,143,FALLS_UNDER
366,142,FALLS_UNDER
367,142,FALLS_UNDER
368,143,FALLS_UNDER
369,142,FALLS_UNDER
370,142,FALLS_UNDER
371,142,FALLS_UNDER
372,143,FALLS_UNDER
373,142,FALLS_UNDER
374,142,FALLS_UNDER
375,142,FALLS_UNDER
376,143,FALLS_UNDER
377,142,FALLS_UNDER
378,143,FALLS_UNDER
379,143,FALLS_UNDER
380,142,FALLS_UNDER
381,142,FALLS_UNDER
382,142,FALLS_UNDER
383,143,FALLS_UNDER
384,143,FALLS_UNDER
385,143,FALLS_UNDER
386,142,FALLS_UNDER
387,142,FALLS_UNDER
388,143,FALLS_UNDER
389,142,FALLS_UNDER
390,143,FALLS_UNDER
391,142,FALLS_UNDER
392,142,FALLS_UNDER
393,143,FALLS_UNDER
394,143,FALLS_UNDER
395,143,FALLS_UNDER
396,142,FALLS_UNDER
397,143,FALLS_UNDER
398,143,FALLS_UNDER
399,143,FALLS_UNDER
400,143,FALLS_UNDER
401,142,FALLS_UNDER
402,144,FALLS_UNDER
403,142,FALLS_UNDER
404,142,FALLS_UNDER
405,142,FALLS_UNDER
406,142,FALLS_UNDER
407,142,FALLS_UNDER
408,144,FALLS_UNDER
409,142,FALLS_UNDER
416,143,FALLS_UNDER
417,143,FALLS_UNDER
418,142,FALLS_UNDER
419,142,FALLS_UNDER
420,142,FALLS_UNDER
421,143,FALLS_UNDER
422,143,FALLS_UNDER
423,142,FALLS_UNDER
424,143,FALLS_UNDER
425,142,FALLS_UNDER
426,142,FALLS_UNDER
427,142,FALLS_UNDER
428,142,FALLS_UNDER
429,143,FALLS_UNDER
430,143,FALLS_UNDER
431,143,FALLS_UNDER
432,143,FALLS_UNDER
433,143,FALLS_UNDER
434,144,FALLS_UNDER
435,142,FALLS_UNDER
436,142,FALLS_UNDER
437,142,FALLS_UNDER
438,143,FALLS_UNDER
439,142,FALLS_UNDER
440,142,FALLS_UNDER
441,142,FALLS_UNDER
442,142,FALLS_UNDER
443,144,FALLS_UNDER
444,142,FALLS_UNDER
445,142,FALLS_UNDER
446,144,FALLS_UNDER
447,142,FALLS_UNDER
448,143,FALLS_UNDER
449,142,FALLS_UNDER
450,142,FALLS_UNDER
451,143,FALLS_UNDER
452,143,FALLS_UNDER
453,143,FALLS_UNDER
454,142,FALLS_UNDER
455,144,FALLS_UNDER
456,143,FALLS_UNDER
457,142,FALLS_UNDER
458,142,FALLS_UNDER
459,143,FALLS_UNDER
460,143,FALLS_UNDER
461,143,FALLS_UNDER
462,143,FALLS_UNDER
463,143,FALLS_UNDER
464,142,FALLS_UNDER
465,142,FALLS_UNDER
466,143,FALLS_UNDER
467,142,FALLS_UNDER
468,144,FALLS_UNDER
469,143,FALLS_UNDER
470,143,FALLS_UNDER
471,142,FALLS_UNDER
472,142,FALLS_UNDER
473,143,FALLS_UNDER
474,143,FALLS_UNDER
475,143,FALLS_UNDER
476,143,FALLS_UNDER
477,142,FALLS_UNDER
478,143,FALLS_UNDER
479,142,FALLS_UNDER
480,143,FALLS_UNDER
481,142,FALLS_UNDER
482,142,FALLS_UNDER
483,143,FALLS_UNDER
484,142,FALLS_UNDER
485,142,FALLS_UNDER
486,142,FALLS_UNDER
487,143,FALLS_UNDER
488,142,FALLS_UNDER
489,142,FALLS_UNDER
490,143,FALLS_UNDER
491,144,FALLS_UNDER
492,143,FALLS_UNDER
493,143,FALLS_UNDER
494,143,FALLS_UNDER
495,143,FALLS_UNDER
496,142,FALLS_UNDER
497,143,FALLS_UNDER
498,143,FALLS_UNDER
499,142,FALLS_UNDER
500,143,FALLS_UNDER
501,142,FALLS_UNDER
502,143,FALLS_UNDER
503,142,FALLS_UNDER
504,142,FALLS_UNDER
505,142,FALLS_UNDER
506,143,FALLS_UNDER
507,142,FALLS_UNDER
508,142,FALLS_UNDER
509,143,FALLS_UNDER
510,142,FALLS_UNDER
511,142,FALLS_UNDER
512,142,FALLS_UNDER
513,142,FALLS_UNDER
514,142,FALLS_UNDER
515,143,FALLS_UNDER
516,143,FALLS_UNDER
517,142,FALLS_UNDER
518,142,FALLS_UNDER
519,142,FALLS_UNDER
520,143,FALLS_UNDER
521,143,FALLS_UNDER
522,143,FALLS_UNDER
523,142,FALLS_UNDER
524,143,FALLS_UNDER
525,143,FALLS_UNDER
526,143,FALLS_UNDER
527,142,FALLS_UNDER
528,142,FALLS_UNDER
529,142,FALLS_UNDER
530,142,FALLS_UNDER
531,143,FALLS_UNDER
532,142,FALLS_UNDER
533,142,FALLS_UNDER
534,142,FALLS_UNDER
535,143,FALLS_UNDER
536,143,FALLS_UNDER
537,143,FALLS_UNDER
538,142,FALLS_UNDER
539,281,FALLS_UNDER
540,142,FALLS_UNDER
541,143,FALLS_UNDER
542,143,FALLS_UNDER
543,143,FALLS_UNDER
549,142,FALLS_UNDER
550,143,FALLS_UNDER
551,142,FALLS_UNDER
552,142,FALLS_UNDER
553,142,FALLS_UNDER
554,143,FALLS_UNDER
555,142,FALLS_UNDER
556,143,FALLS_UNDER
557,144,FALLS_UNDER
558,142,FALLS_UNDER
559,142,FALLS_UNDER
560,143,FALLS_UNDER
561,143,FALLS_UNDER
562,143,FALLS_UNDER
563,143,FALLS_UNDER
564,143,FALLS_UNDER
565,142,FALLS_UNDER
566,143,FALLS_UNDER
567,142,FALLS_UNDER
568,143,FALLS_UNDER
569,142,FALLS_UNDER
570,143,FALLS_UNDER
571,142,FALLS_UNDER
572,143,FALLS_UNDER
573,142,FALLS_UNDER
574,143,FALLS_UNDER
575,143,FALLS_UNDER
576,143,FALLS_UNDER
577,142,FALLS_UNDER
578,142,FALLS_UNDER
579,143,FALLS_UNDER
580,143,FALLS_UNDER
581,143,FALLS_UNDER
582,142,FALLS_UNDER
583,143,FALLS_UNDER
584,143,FALLS_UNDER
585,142,FALLS_UNDER
586,143,FALLS_UNDER
587,281,FALLS_UNDER
588,143,FALLS_UNDER
589,143,FALLS_UNDER
590,143,FALLS_UNDER
591,143,FALLS_UNDER
592,142,FALLS_UNDER
593,143,FALLS_UNDER
594,142,FALLS_UNDER
595,143,FALLS_UNDER
596,143,FALLS_UNDER
597,142,FALLS_UNDER
598,281,FALLS_UNDER
599,142,FALLS_UNDER
600,415,FALLS_UNDER
601,143,FALLS_UNDER
602,142,FALLS_UNDER
603,143,FALLS_UNDER
604,142,FALLS_UNDER
605,142,FALLS_UNDER
606,143,FALLS_UNDER
607,143,FALLS_UNDER
608,143,FALLS_UNDER
609,142,FALLS_UNDER
610,142,FALLS_UNDER
611,142,FALLS_UNDER
612,142,FALLS_UNDER
613,142,FALLS_UNDER
614,142,FALLS_UNDER
615,142,FALLS_UNDER
616,142,FALLS_UNDER
617,142,FALLS_UNDER
618,142,FALLS_UNDER
619,142,FALLS_UNDER
620,142,FALLS_UNDER
621,142,FALLS_UNDER
622,142,FALLS_UNDER
623,143,FALLS_UNDER
624,142,FALLS_UNDER
625,143,FALLS_UNDER
626,143,FALLS_UNDER
627,142,FALLS_UNDER
628,143,FALLS_UNDER
629,143,FALLS_UNDER
630,142,FALLS_UNDER
631,143,FALLS_UNDER
632,143,FALLS_UNDER
633,142,FALLS_UNDER
634,143,FALLS_UNDER
635,143,FALLS_UNDER
636,143,FALLS_UNDER
637,143,FALLS_UNDER
638,143,FALLS_UNDER
639,143,FALLS_UNDER
640,143,FALLS_UNDER
641,142,FALLS_UNDER
642,143,FALLS_UNDER
643,144,FALLS_UNDER
644,142,FALLS_UNDER
645,143,FALLS_UNDER
646,143,FALLS_UNDER
647,142,FALLS_UNDER
648,142,FALLS_UNDER
649,143,FALLS_UNDER
650,142,FALLS_UNDER
651,143,FALLS_UNDER
652,143,FALLS_UNDER
653,143,FALLS_UNDER
654,142,FALLS_UNDER
655,142,FALLS_UNDER
656,142,FALLS_UNDER
657,142,FALLS_UNDER
658,142,FALLS_UNDER
659,142,FALLS_UNDER
660,142,FALLS_UNDER
661,142,FALLS_UNDER
662,142,FALLS_UNDER
663,143,FALLS_UNDER
664,143,FALLS_UNDER
665,143,FALLS_UNDER
666,142,FALLS_UNDER
667,142,FALLS_UNDER
668,143,FALLS_UNDER
669,142,FALLS_UNDER
670,142,FALLS_UNDER
671,142,FALLS_UNDER
672,143,FALLS_UNDER
673,142,FALLS_UNDER
674,142,FALLS_UNDER
675,142,FALLS_UNDER
676,143,FALLS_UNDER
682,143,FALLS_UNDER
683,142,FALLS_UNDER
684,143,FALLS_UNDER
685,142,FALLS_UNDER
686,142,FALLS_UNDER
687,142,FALLS_UNDER
688,144,FALLS_UNDER
689,142,FALLS_UNDER
690,142,FALLS_UNDER
691,144,FALLS_UNDER
692,142,FALLS_UNDER
693,142,FALLS_UNDER
694,142,FALLS_UNDER
695,144,FALLS_UNDER
696,143,FALLS_UNDER
697,143,FALLS_UNDER
698,281,FALLS_UNDER
699,143,FALLS_UNDER
700,142,FALLS_UNDER
701,143,FALLS_UNDER
702,142,FALLS_UNDER
703,143,FALLS_UNDER
704,142,FALLS_UNDER
705,143,FALLS_UNDER
706,143,FALLS_UNDER
707,142,FALLS_UNDER
708,142,FALLS_UNDER
709,142,FALLS_UNDER
710,144,FALLS_UNDER
711,143,FALLS_UNDER
712,142,FALLS_UNDER
713,143,FALLS_UNDER
714,142,FALLS_UNDER
715,143,FALLS_UNDER
716,142,FALLS_UNDER
717,142,FALLS_UNDER
718,143,FALLS_UNDER
719,143,FALLS_UNDER
720,143,FALLS_UNDER
721,143,FALLS_UNDER
722,143,FALLS_UNDER
723,142,FALLS_UNDER
724,143,FALLS_UNDER
725,142,FALLS_UNDER
726,143,FALLS_UNDER
727,142,FALLS_UNDER
728,143,FALLS_UNDER
729,143,FALLS_UNDER
730,142,FALLS_UNDER
731,142,FALLS_UNDER
732,143,FALLS_UNDER
733,142,FALLS_UNDER
734,143,FALLS_UNDER
735,143,FALLS_UNDER
736,142,FALLS_UNDER
737,143,FALLS_UNDER
738,143,FALLS_UNDER
739,143,FALLS_UNDER
740,281,FALLS_UNDER
741,142,FALLS_UNDER
742,142,FALLS_UNDER
743,143,FALLS_UNDER
744,142,FALLS_UNDER
745,281,FALLS_UNDER
746,143,FALLS_UNDER
747,143,FALLS_UNDER
748,143,FALLS_UNDER
749,142,FALLS_UNDER
750,144,FALLS_UNDER
751,142,FALLS_UNDER
752,143,FALLS_UNDER
753,143,FALLS_UNDER
754,142,FALLS_UNDER
755,142,FALLS_UNDER
756,143,FALLS_UNDER
757,143,FALLS_UNDER
758,142,FALLS_UNDER
759,143,FALLS_UNDER
760,143,FALLS_UNDER
761,143,FALLS_UNDER
762,142,FALLS_UNDER
763,144,FALLS_UNDER
764,281,FALLS_UNDER
765,143,FALLS_UNDER
766,142,FALLS_UNDER
767,142,FALLS_UNDER
768,143,FALLS_UNDER
769,142,FALLS_UNDER
770,143,FALLS_UNDER
771,143,FALLS_UNDER
772,142,FALLS_UNDER
773,281,FALLS_UNDER
774,142,FALLS_UNDER
775,142,FALLS_UNDER
776,143,FALLS_UNDER
777,142,FALLS_UNDER
778,142,FALLS_UNDER
779,142,FALLS_UNDER
780,142,FALLS_UNDER
781,143,FALLS_UNDER
782,143,FALLS_UNDER
783,143,FALLS_UNDER
784,142,FALLS_UNDER
785,143,FALLS_UNDER
786,142,FALLS_UNDER
787,144,FALLS_UNDER
788,143,FALLS_UNDER
789,143,FALLS_UNDER
790,143,FALLS_UNDER
791,144,FALLS_UNDER
792,143,FALLS_UNDER
793,143,FALLS_UNDER
794,142,FALLS_UNDER
795,143,FALLS_UNDER
796,142,FALLS_UNDER
797,143,FALLS_UNDER
798,142,FALLS_UNDER
799,144,FALLS_UNDER
800,281,FALLS_UNDER
801,142,FALLS_UNDER
802,142,FALLS_UNDER
803,142,FALLS_UNDER
804,142,FALLS_UNDER
805,142,FALLS_UNDER
806,143,FALLS_UNDER
807,143,FALLS_UNDER
808,142,FALLS_UNDER
809,143,FALLS_UNDER
814,142,FALLS_UNDER
815,143,FALLS_UNDER
816,143,FALLS_UNDER
817,281,FALLS_UNDER
818,142,FALLS_UNDER
819,142,FALLS_UNDER
820,142,FALLS_UNDER
821,142,FALLS_UNDER
822,142,FALLS_UNDER
823,143,FALLS_UNDER
824,143,FALLS_UNDER
825,143,FALLS_UNDER
826,142,FALLS_UNDER
827,143,FALLS_UNDER
828,142,FALLS_UNDER
829,143,FALLS_UNDER
830,143,FALLS_UNDER
831,142,FALLS_UNDER
832,143,FALLS_UNDER
833,143,FALLS_UNDER
834,143,FALLS_UNDER
835,143,FALLS_UNDER
836,143,FALLS_UNDER
837,143,FALLS_UNDER
838,143,FALLS_UNDER
839,142,FALLS_UNDER
840,142,FALLS_UNDER
841,143,FALLS_UNDER
842,143,FALLS_UNDER
843,143,FALLS_UNDER
844,143,FALLS_UNDER
845,142,FALLS_UNDER
846,143,FALLS_UNDER
847,142,FALLS_UNDER
848,142,FALLS_UNDER
849,144,FALLS_UNDER
850,143,FALLS_UNDER
851,144,FALLS_UNDER
852,143,FALLS_UNDER
853,143,FALLS_UNDER
854,142,FALLS_UNDER
855,144,FALLS_UNDER
856,142,FALLS_UNDER
857,281,FALLS_UNDER
858,143,FALLS_UNDER
859,142,FALLS_UNDER
860,142,FALLS_UNDER
861,144,FALLS_UNDER
862,142,FALLS_UNDER
863,142,FALLS_UNDER
864,143,FALLS_UNDER
865,142,FALLS_UNDER
866,142,FALLS_UNDER
867,143,FALLS_UNDER
868,142,FALLS_UNDER
869,144,FALLS_UNDER
870,142,FALLS_UNDER
871,281,FALLS_UNDER
872,143,FALLS_UNDER
873,143,FALLS_UNDER
874,142,FALLS_UNDER
875,143,FALLS_UNDER
876,142,FALLS_UNDER
877,143,FALLS_UNDER
878,142,FALLS_UNDER
879,142,FALLS_UNDER
880,142,FALLS_UNDER
881,143,FALLS_UNDER
882,143,FALLS_UNDER
883,281,FALLS_UNDER
884,143,FALLS_UNDER
885,143,FALLS_UNDER
886,143,FALLS_UNDER
887,143,FALLS_UNDER
888,142,FALLS_UNDER
889,144,FALLS_UNDER
890,143,FALLS_UNDER
891,143,FALLS_UNDER
892,144,FALLS_UNDER
893,142,FALLS_UNDER
894,281,FALLS_UNDER
895,415,FALLS_UNDER
896,143,FALLS_UNDER
897,143,FALLS_UNDER
898,143,FALLS_UNDER
899,142,FALLS_UNDER
900,142,FALLS_UNDER
901,143,FALLS_UNDER
902,143,FALLS_UNDER
903,143,FALLS_UNDER
904,142,FALLS_UNDER
905,142,FALLS_UNDER
906,142,FALLS_UNDER
907,142,FALLS_UNDER
908,142,FALLS_UNDER
909,142,FALLS_UNDER
910,142,FALLS_UNDER
911,142,FALLS_UNDER
912,143,FALLS_UNDER
913,143,FALLS_UNDER
914,142,FALLS_UNDER
915,142,FALLS_UNDER
916,144,FALLS_UNDER
917,144,FALLS_UNDER
918,143,FALLS_UNDER
919,143,FALLS_UNDER
920,143,FALLS_UNDER
921,143,FALLS_UNDER
922,142,FALLS_UNDER
923,143,FALLS_UNDER
924,142,FALLS_UNDER
925,143,FALLS_UNDER
926,142,FALLS_UNDER
927,143,FALLS_UNDER
928,142,FALLS_UNDER
929,144,FALLS_UNDER
930,142,FALLS_UNDER
931,142,FALLS_UNDER
932,142,FALLS_UNDER
933,142,FALLS_UNDER
934,143,FALLS_UNDER
935,142,FALLS_UNDER
936,143,FALLS_UNDER
937,142,FALLS_UNDER
938,142,FALLS_UNDER
939,142,FALLS_UNDER
940,142,FALLS_UNDER
941,142,FALLS_UNDER
950,142,FALLS_UNDER
951,143,FALLS_UNDER
952,142,FALLS_UNDER
953,143,FALLS_UNDER
954,142,FALLS_UNDER
955,142,FALLS_UNDER
956,142,FALLS_UNDER
957,143,FALLS_UNDER
958,142,FALLS_UNDER
959,142,FALLS_UNDER
960,143,FALLS_UNDER
961,143,FALLS_UNDER
962,143,FALLS_UNDER
963,143,FALLS_UNDER
964,143,FALLS_UNDER
965,142,FALLS_UNDER
966,143,FALLS_UNDER
967,142,FALLS_UNDER
968,142,FALLS_UNDER
969,142,FALLS_UNDER
970,281,FALLS_UNDER
971,143,FALLS_UNDER
972,143,FALLS_UNDER
973,143,FALLS_UNDER
974,142,FALLS_UNDER
975,142,FALLS_UNDER
976,142,FALLS_UNDER
977,142,FALLS_UNDER
978,142,FALLS_UNDER
979,142,FALLS_UNDER
980,142,FALLS_UNDER
981,142,FALLS_UNDER
982,143,FALLS_UNDER
983,143,FALLS_UNDER
984,143,FALLS_UNDER
985,142,FALLS_UNDER
986,143,FALLS_UNDER
987,143,FALLS_UNDER
988,143,FALLS_UNDER
989,142,FALLS_UNDER
990,143,FALLS_UNDER
991,142,FALLS_UNDER
992,143,FALLS_UNDER
993,143,FALLS_UNDER
994,142,FALLS_UNDER
995,143,FALLS_UNDER
996,142,FALLS_UNDER
997,143,FALLS_UNDER
998,142,FALLS_UNDER
999,142,FALLS_UNDER
1000,143,FALLS_UNDER
1001,143,FALLS_UNDER
1002,143,FALLS_UNDER
1003,143,FALLS_UNDER
1004,144,FALLS_UNDER
1005,143,FALLS_UNDER
1006,142,FALLS_UNDER
1007,142,FALLS_UNDER
1008,142,FALLS_UNDER
1009,281,FALLS_UNDER
1010,143,FALLS_UNDER
1011,143,FALLS_UNDER
1012,142,FALLS_UNDER
1013,142,FALLS_UNDER
1014,142,FALLS_UNDER
1015,142,FALLS_UNDER
1016,143,FALLS_UNDER
1017,142,FALLS_UNDER
1018,142,FALLS_UNDER
1019,143,FALLS_UNDER
1020,142,FALLS_UNDER
1021,142,FALLS_UNDER
1022,142,FALLS_UNDER
1023,143,FALLS_UNDER
1024,143,FALLS_UNDER
1025,143,FALLS_UNDER
1026,143,FALLS_UNDER
1027,142,FALLS_UNDER
1028,144,FALLS_UNDER
1029,143,FALLS_UNDER
1030,144,FALLS_UNDER
1031,144,FALLS_UNDER
1032,142,FALLS_UNDER
1033,143,FALLS_UNDER
1034,142,FALLS_UNDER
1035,142,FALLS_UNDER
1036,142,FALLS_UNDER
1037,142,FALLS_UNDER
1038,142,FALLS_UNDER
1039,142,FALLS_UNDER
1040,143,FALLS_UNDER
1041,144,FALLS_UNDER
1042,144,FALLS_UNDER
1043,143,FALLS_UNDER
1044,143,FALLS_UNDER
1045,143,FALLS_UNDER
1046,142,FALLS_UNDER
1047,142,FALLS_UNDER
1048,142,FALLS_UNDER
1049,142,FALLS_UNDER
1050,143,FALLS_UNDER
1051,281,FALLS_UNDER
1052,142,FALLS_UNDER
1053,143,FALLS_UNDER
1054,142,FALLS_UNDER
1055,142,FALLS_UNDER
1056,142,FALLS_UNDER
1057,143,FALLS_UNDER
1058,142,FALLS_UNDER
1059,143,FALLS_UNDER
1060,142,FALLS_UNDER
1061,142,FALLS_UNDER
1062,143,FALLS_UNDER
1063,143,FALLS_UNDER
1064,143,FALLS_UNDER
1065,142,FALLS_UNDER
1066,142,FALLS_UNDER
1067,281,FALLS_UNDER
1068,143,FALLS_UNDER
1069,143,FALLS_UNDER
1070,142,FALLS_UNDER
1071,143,FALLS_UNDER
1072,143,FALLS_UNDER
1073,281,FALLS_UNDER
1074,143,FALLS_UNDER
1075,142,FALLS_UNDER
1076,142,FALLS_UNDER
1077,142,FALLS_UNDER
1080,143,FALLS_UNDER
1081,144,FALLS_UNDER
1082,281,FALLS_UNDER
1083,142,FALLS_UNDER
1084,143,FALLS_UNDER
1085,142,FALLS_UNDER
1086,142,FALLS_UNDER
1087,143,FALLS_UNDER
1088,143,FALLS_UNDER
1089,143,FALLS_UNDER
1090,142,FALLS_UNDER
1091,142,FALLS_UNDER
1092,142,FALLS_UNDER
1093,143,FALLS_UNDER
1094,142,FALLS_UNDER
1095,143,FALLS_UNDER
1096,143,FALLS_UNDER
1097,143,FALLS_UNDER
1098,142,FALLS_UNDER
1099,281,FALLS_UNDER
1100,143,FALLS_UNDER
1101,142,FALLS_UNDER
1102,142,FALLS_UNDER
1103,143,FALLS_UNDER
1104,281,FALLS_UNDER
1105,142,FALLS_UNDER
1106,142,FALLS_UNDER
1107,143,FALLS_UNDER
1108,142,FALLS_UNDER
1109,142,FALLS_UNDER
1110,142,FALLS_UNDER
1111,281,FALLS_UNDER
1112,142,FALLS_UNDER
1113,143,FALLS_UNDER
1114,281,FALLS_UNDER
1115,142,FALLS_UNDER
1116,144,FALLS_UNDER
1117,143,FALLS_UNDER
1118,142,FALLS_UNDER
1119,142,FALLS_UNDER
1120,142,FALLS_UNDER
1121,142,FALLS_UNDER
1122,143,FALLS_UNDER
1123,143,FALLS_UNDER
1124,143,FALLS_UNDER
1125,143,FALLS_UNDER
1126,144,FALLS_UNDER
1127,144,FALLS_UNDER
1128,281,FALLS_UNDER
1129,142,FALLS_UNDER
1130,142,FALLS_UNDER
1131,142,FALLS_UNDER
1132,143,FALLS_UNDER
1133,143,FALLS_UNDER
1134,142,FALLS_UNDER
1135,143,FALLS_UNDER
1136,142,FALLS_UNDER
1137,143,FALLS_UNDER
1138,143,FALLS_UNDER
1139,142,FALLS_UNDER
1140,142,FALLS_UNDER
1141,142,FALLS_UNDER
1142,142,FALLS_UNDER
1143,142,FALLS_UNDER
1144,142,FALLS_UNDER
1145,143,FALLS_UNDER
1146,142,FALLS_UNDER
1147,143,FALLS_UNDER
1148,144,FALLS_UNDER
1149,142,FALLS_UNDER
1150,144,FALLS_UNDER
1151,142,FALLS_UNDER
1152,144,FALLS_UNDER
1153,142,FALLS_UNDER
1154,142,FALLS_UNDER
1155,143,FALLS_UNDER
1156,143,FALLS_UNDER
1157,142,FALLS_UNDER
1158,142,FALLS_UNDER
1159,142,FALLS_UNDER
1160,144,FALLS_UNDER
1161,143,FALLS_UNDER
1162,143,FALLS_UNDER
1163,143,FALLS_UNDER
1164,142,FALLS_UNDER
1165,142,FALLS_UNDER
1166,142,FALLS_UNDER
1167,143,FALLS_UNDER
1168,142,FALLS_UNDER
1169,143,FALLS_UNDER
1170,142,FALLS_UNDER
1171,142,FALLS_UNDER
1172,142,FALLS_UNDER
1173,143,FALLS_UNDER
1174,142,FALLS_UNDER
1175,144,FALLS_UNDER
1176,142,FALLS_UNDER
1177,142,FALLS_UNDER
1178,143,FALLS_UNDER
1179,143,FALLS_UNDER
1180,142,FALLS_UNDER
1181,143,FALLS_UNDER
1182,143,FALLS_UNDER
1183,142,FALLS_UNDER
1184,143,FALLS_UNDER
1185,143,FALLS_UNDER
1186,143,FALLS_UNDER
1187,142,FALLS_UNDER
1188,142,FALLS_UNDER
1189,415,FALLS_UNDER
1190,144,FALLS_UNDER
1191,143,FALLS_UNDER
1192,281,FALLS_UNDER
1193,142,FALLS_UNDER
1194,142,FALLS_UNDER
1195,143,FALLS_UNDER
1196,143,FALLS_UNDER
1197,142,FALLS_UNDER
1198,142,FALLS_UNDER
1199,144,FALLS_UNDER
1200,142,FALLS_UNDER
1201,142,FALLS_UNDER
1202,281,FALLS_UNDER
1203,142,FALLS_UNDER
1204,142,FALLS_UNDER
1205,143,FALLS_UNDER
1206,415,FALLS_UNDER
1207,143,FALLS_UNDER
1215,143,FALLS_UNDER
1216,142,FALLS_UNDER
1217,143,FALLS_UNDER
1218,144,FALLS_UNDER
1219,142,FALLS_UNDER
1220,142,FALLS_UNDER
1221,143,FALLS_UNDER
1222,142,FALLS_UNDER
1223,142,FALLS_UNDER
1224,144,FALLS_UNDER
1225,142,FALLS_UNDER
1226,143,FALLS_UNDER
1227,142,FALLS_UNDER
1228,143,FALLS_UNDER
1229,143,FALLS_UNDER
1230,142,FALLS_UNDER
1231,142,FALLS_UNDER
1232,281,FALLS_UNDER
1233,142,FALLS_UNDER
1234,143,FALLS_UNDER
1235,142,FALLS_UNDER
1236,142,FALLS_UNDER
1237,143,FALLS_UNDER
1238,143,FALLS_UNDER
1239,142,FALLS_UNDER
1240,142,FALLS_UNDER
1241,142,FALLS_UNDER
1242,143,FALLS_UNDER
1243,142,FALLS_UNDER
1244,143,FALLS_UNDER
1245,142,FALLS_UNDER
1246,142,FALLS_UNDER
1247,143,FALLS_UNDER
1248,142,FALLS_UNDER
1249,142,FALLS_UNDER
1250,142,FALLS_UNDER
1251,144,FALLS_UNDER
1252,142,FALLS_UNDER
1253,142,FALLS_UNDER
1254,142,FALLS_UNDER
1255,142,FALLS_UNDER
1256,143,FALLS_UNDER
1257,143,FALLS_UNDER
1258,143,FALLS_UNDER
1259,143,FALLS_UNDER
1260,142,FALLS_UNDER
1261,142,FALLS_UNDER
1262,281,FALLS_UNDER
1263,143,FALLS_UNDER
1264,143,FALLS_UNDER
1265,144,FALLS_UNDER
1266,143,FALLS_UNDER
1267,281,FALLS_UNDER
1268,143,FALLS_UNDER
1269,143,FALLS_UNDER
1270,143,FALLS_UNDER
1271,143,FALLS_UNDER
1272,142,FALLS_UNDER
1273,142,FALLS_UNDER
1274,143,FALLS_UNDER
1275,143,FALLS_UNDER
1276,142,FALLS_UNDER
1277,142,FALLS_UNDER
1278,144,FALLS_UNDER
1279,142,FALLS_UNDER
1280,143,FALLS_UNDER
1281,142,FALLS_UNDER
1282,143,FALLS_UNDER
1283,142,FALLS_UNDER
1284,142,FALLS_UNDER
1285,142,FALLS_UNDER
1286,142,FALLS_UNDER
1287,142,FALLS_UNDER
1288,142,FALLS_UNDER
1289,143,FALLS_UNDER
1290,142,FALLS_UNDER
1291,143,FALLS_UNDER
1292,143,FALLS_UNDER
1293,142,FALLS_UNDER
1294,144,FALLS_UNDER
1295,144,FALLS_UNDER
1296,142,FALLS_UNDER
1297,142,FALLS_UNDER
1298,142,FALLS_UNDER
1299,142,FALLS_UNDER
1300,143,FALLS_UNDER
1301,142,FALLS_UNDER
1302,143,FALLS_UNDER
1303,143,FALLS_UNDER
1304,144,FALLS_UNDER
1305,142,FALLS_UNDER
1306,143,FALLS_UNDER
1307,143,FALLS_UNDER
1308,142,FALLS_UNDER
1309,142,FALLS_UNDER
1310,142,FALLS_UNDER
1311,142,FALLS_UNDER
1312,142,FALLS_UNDER
1313,142,FALLS_UNDER
1314,142,FALLS_UNDER
1315,144,FALLS_UNDER
1316,142,FALLS_UNDER
1317,144,FALLS_UNDER
1318,144,FALLS_UNDER
1319,142,FALLS_UNDER
1320,143,FALLS_UNDER
1321,143,FALLS_UNDER
1322,144,FALLS_UNDER
1323,142,FALLS_UNDER
1324,142,FALLS_UNDER
1325,142,FALLS_UNDER
1326,142,FALLS_UNDER
1327,144,FALLS_UNDER
1328,281,FALLS_UNDER
1329,281,FALLS_UNDER
1330,144,FALLS_UNDER
1331,144,FALLS_UNDER
1332,281,FALLS_UNDER
1333,144,FALLS_UNDER
1334,144,FALLS_UNDER
1335,281,FALLS_UNDER
1336,144,FALLS_UNDER
1337,144,FALLS_UNDER
1338,144,FALLS_UNDER
1339,143,FALLS_UNDER
1340,143,FALLS_UNDER
1341,142,FALLS_UNDER
1342,143,FALLS_UNDER
1349,142,FALLS_UNDER
1350,142,FALLS_UNDER
1351,143,FALLS_UNDER
1352,142,FALLS_UNDER
1353,142,FALLS_UNDER
1354,144,FALLS_UNDER
1355,143,FALLS_UNDER
1356,415,FALLS_UNDER
1357,142,FALLS_UNDER
1358,142,FALLS_UNDER
1359,281,FALLS_UNDER
1360,143,FALLS_UNDER
1361,143,FALLS_UNDER
1362,143,FALLS_UNDER
1363,142,FALLS_UNDER
1364,143,FALLS_UNDER
1365,142,FALLS_UNDER
1366,144,FALLS_UNDER
1367,143,FALLS_UNDER
1368,143,FALLS_UNDER
1369,142,FALLS_UNDER
1370,281,FALLS_UNDER
1371,142,FALLS_UNDER
1372,142,FALLS_UNDER
1373,144,FALLS_UNDER
1374,144,FALLS_UNDER
1375,143,FALLS_UNDER
1376,142,FALLS_UNDER
1377,142,FALLS_UNDER
1378,142,FALLS_UNDER
1379,142,FALLS_UNDER
1380,143,FALLS_UNDER
1381,143,FALLS_UNDER
1382,142,FALLS_UNDER
1383,143,FALLS_UNDER
1384,143,FALLS_UNDER
1385,143,FALLS_UNDER
1386,142,FALLS_UNDER
1387,143,FALLS_UNDER
1388,142,FALLS_UNDER
1389,143,FALLS_UNDER
1390,142,FALLS_UNDER
1391,143,FALLS_UNDER
1392,281,FALLS_UNDER
1393,143,FALLS_UNDER
1394,142,FALLS_UNDER
1395,144,FALLS_UNDER
1396,143,FALLS_UNDER
1397,143,FALLS_UNDER
1398,143,FALLS_UNDER
1399,144,FALLS_UNDER
1400,142,FALLS_UNDER
1401,142,FALLS_UNDER
1402,143,FALLS_UNDER
1403,143,FALLS_UNDER
1404,144,FALLS_UNDER
1405,143,FALLS_UNDER
1406,143,FALLS_UNDER
1407,142,FALLS_UNDER
1408,143,FALLS_UNDER
1409,142,FALLS_UNDER
1410,143,FALLS_UNDER
1411,143,FALLS_UNDER
1412,142,FALLS_UNDER
1413,142,FALLS_UNDER
1414,143,FALLS_UNDER
1415,142,FALLS_UNDER
1416,415,FALLS_UNDER
1417,143,FALLS_UNDER
1418,142,FALLS_UNDER
1419,143,FALLS_UNDER
1420,142,FALLS_UNDER
1421,142,FALLS_UNDER
1422,142,FALLS_UNDER
1423,143,FALLS_UNDER
1424,142,FALLS_UNDER
1425,142,FALLS_UNDER
1426,143,FALLS_UNDER
1427,143,FALLS_UNDER
1428,143,FALLS_UNDER
1429,281,FALLS_UNDER
1430,143,FALLS_UNDER
1431,142,FALLS_UNDER
1432,142,FALLS_UNDER
1433,142,FALLS_UNDER
1434,142,FALLS_UNDER
1435,143,FALLS_UNDER
1436,143,FALLS_UNDER
1437,143,FALLS_UNDER
1438,142,FALLS_UNDER
1439,144,FALLS_UNDER
1440,142,FALLS_UNDER
1441,143,FALLS_UNDER
1442,281,FALLS_UNDER
1443,281,FALLS_UNDER
1444,143,FALLS_UNDER
1445,143,FALLS_UNDER
1446,142,FALLS_UNDER
1447,143,FALLS_UNDER
1448,144,FALLS_UNDER
1449,143,FALLS_UNDER
1450,142,FALLS_UNDER
1451,143,FALLS_UNDER
1452,142,FALLS_UNDER
1453,143,FALLS_UNDER
1454,142,FALLS_UNDER
1455,142,FALLS_UNDER
1456,142,FALLS_UNDER
1457,144,FALLS_UNDER
1458,142,FALLS_UNDER
1459,142,FALLS_UNDER
1460,142,FALLS_UNDER
1461,143,FALLS_UNDER
1462,143,FALLS_UNDER
1463,143,FALLS_UNDER
1464,142,FALLS_UNDER
1465,142,FALLS_UNDER
1466,142,FALLS_UNDER
1467,142,FALLS_UNDER
1468,142,FALLS_UNDER
1469,142,FALLS_UNDER
1470,281,FALLS_UNDER
1471,142,FALLS_UNDER
1472,143,FALLS_UNDER
1473,143,FALLS_UNDER
1474,142,FALLS_UNDER
1475,142,FALLS_UNDER
1476,143,FALLS_UNDER
1479,142,FALLS_UNDER
1480,143,FALLS_UNDER
1481,143,FALLS_UNDER
1482,143,FALLS_UNDER
1483,142,FALLS_UNDER
1484,142,FALLS_UNDER
1485,142,FALLS_UNDER
1486,415,FALLS_UNDER
1487,143,FALLS_UNDER
1488,143,FALLS_UNDER
1489,142,FALLS_UNDER
1490,143,FALLS_UNDER
1491,143,FALLS_UNDER
1492,143,FALLS_UNDER
1493,142,FALLS_UNDER
1494,144,FALLS_UNDER
1495,142,FALLS_UNDER
1496,142,FALLS_UNDER
1497,142,FALLS_UNDER
1498,143,FALLS_UNDER
1499,142,FALLS_UNDER
1500,142,FALLS_UNDER
1501,142,FALLS_UNDER
1502,281,FALLS_UNDER
1503,143,FALLS_UNDER
1504,142,FALLS_UNDER
1505,143,FALLS_UNDER
1506,142,FALLS_UNDER
1507,142,FALLS_UNDER
1508,142,FALLS_UNDER
1509,142,FALLS_UNDER
1510,142,FALLS_UNDER
1511,142,FALLS_UNDER
1512,143,FALLS_UNDER
1513,142,FALLS_UNDER
1514,143,FALLS_UNDER
1515,281,FALLS_UNDER
1516,142,FALLS_UNDER
1517,142,FALLS_UNDER
1518,142,FALLS_UNDER
1519,143,FALLS_UNDER
1520,143,FALLS_UNDER
1521,143,FALLS_UNDER
1522,142,FALLS_UNDER
1523,142,FALLS_UNDER
1524,281,FALLS_UNDER
1525,142,FALLS_UNDER
1526,142,FALLS_UNDER
1527,143,FALLS_UNDER
1528,143,FALLS_UNDER
1529,142,FALLS_UNDER
1530,142,FALLS_UNDER
1531,142,FALLS_UNDER
1532,142,FALLS_UNDER
1533,143,FALLS_UNDER
1534,142,FALLS_UNDER
1535,142,FALLS_UNDER
1536,144,FALLS_UNDER
1537,142,FALLS_UNDER
1538,143,FALLS_UNDER
1539,143,FALLS_UNDER
1540,143,FALLS_UNDER
1541,281,FALLS_UNDER
1542,142,FALLS_UNDER
1543,142,FALLS_UNDER
1544,143,FALLS_UNDER
1545,142,FALLS_UNDER
1546,143,FALLS_UNDER
1547,143,FALLS_UNDER
1548,142,FALLS_UNDER
1549,143,FALLS_UNDER
1550,143,FALLS_UNDER
1551,281,FALLS_UNDER
1552,143,FALLS_UNDER
1553,142,FALLS_UNDER
1554,142,FALLS_UNDER
1555,143,FALLS_UNDER
1556,142,FALLS_UNDER
1557,142,FALLS_UNDER
1558,143,FALLS_UNDER
1559,142,FALLS_UNDER
1560,143,FALLS_UNDER
1561,142,FALLS_UNDER
1562,142,FALLS_UNDER
1563,142,FALLS_UNDER
1564,144,FALLS_UNDER
1565,143,FALLS_UNDER
1566,142,FALLS_UNDER
1567,415,FALLS_UNDER
1568,142,FALLS_UNDER
1569,144,FALLS_UNDER
1570,142,FALLS_UNDER
1571,142,FALLS_UNDER
1572,143,FALLS_UNDER
1573,144,FALLS_UNDER
1574,142,FALLS_UNDER
1575,143,FALLS_UNDER
1576,143,FALLS_UNDER
1577,143,FALLS_UNDER
1578,143,FALLS_UNDER
1579,143,FALLS_UNDER
1580,143,FALLS_UNDER
1581,143,FALLS_UNDER
1582,142,FALLS_UNDER
1583,142,FALLS_UNDER
1584,142,FALLS_UNDER
1585,143,FALLS_UNDER
1586,144,FALLS_UNDER
1587,143,FALLS_UNDER
1588,143,FALLS_UNDER
1589,144,FALLS_UNDER
1590,142,FALLS_UNDER
1591,143,FALLS_UNDER
1592,142,FALLS_UNDER
1593,142,FALLS_UNDER
1594,142,FALLS_UNDER
1595,142,FALLS_UNDER
1596,143,FALLS_UNDER
1597,142,FALLS_UNDER
1598,143,FALLS_UNDER
1599,142,FALLS_UNDER
1600,143,FALLS_UNDER
1601,142,FALLS_UNDER
1602,143,FALLS_UNDER
1603,142,FALLS_UNDER
1604,142,FALLS_UNDER
1605,143,FALLS_UNDER
1606,142,FALLS_UNDER
1612,143,FALLS_UNDER
1613,142,FALLS_UNDER
1614,142,FALLS_UNDER
1615,142,FALLS_UNDER
1616,142,FALLS_UNDER
1617,142,FALLS_UNDER
1618,142,FALLS_UNDER
1619,142,FALLS_UNDER
1620,143,FALLS_UNDER
1621,143,FALLS_UNDER
1622,143,FALLS_UNDER
1623,143,FALLS_UNDER
1624,143,FALLS_UNDER
1625,143,FALLS_UNDER
1626,142,FALLS_UNDER
1627,142,FALLS_UNDER
1628,142,FALLS_UNDER
1629,143,FALLS_UNDER
1630,142,FALLS_UNDER
1631,143,FALLS_UNDER
1632,142,FALLS_UNDER
1633,142,FALLS_UNDER
1634,143,FALLS_UNDER
1635,143,FALLS_UNDER
1636,142,FALLS_UNDER
1637,281,FALLS_UNDER
1638,143,FALLS_UNDER
1639,143,FALLS_UNDER
1640,142,FALLS_UNDER
1641,281,FALLS_UNDER
1642,281,FALLS_UNDER
1643,142,FALLS_UNDER
1644,143,FALLS_UNDER
1645,143,FALLS_UNDER
1646,142,FALLS_UNDER
1647,142,FALLS_UNDER
1648,142,FALLS_UNDER
1649,143,FALLS_UNDER
1650,142,FALLS_UNDER
1651,142,FALLS_UNDER
1652,142,FALLS_UNDER
1653,143,FALLS_UNDER
1654,142,FALLS_UNDER
1655,143,FALLS_UNDER
1656,142,FALLS_UNDER
1657,142,FALLS_UNDER
1658,142,FALLS_UNDER
1659,143,FALLS_UNDER
1660,142,FALLS_UNDER
1661,143,FALLS_UNDER
1662,142,FALLS_UNDER
1663,143,FALLS_UNDER
1664,143,FALLS_UNDER
1665,144,FALLS_UNDER
1666,142,FALLS_UNDER
1667,142,FALLS_UNDER
1668,142,FALLS_UNDER
1669,143,FALLS_UNDER
1670,143,FALLS_UNDER
1671,143,FALLS_UNDER
1672,144,FALLS_UNDER
1673,142,FALLS_UNDER
1674,142,FALLS_UNDER
1675,415,FALLS_UNDER
1676,142,FALLS_UNDER
1677,144,FALLS_UNDER
1678,144,FALLS_UNDER
1679,144,FALLS_UNDER
1680,144,FALLS_UNDER
1681,142,FALLS_UNDER
1682,143,FALLS_UNDER
1683,143,FALLS_UNDER
1684,143,FALLS_UNDER
1685,142,FALLS_UNDER
1686,143,FALLS_UNDER
1687,281,FALLS_UNDER
1688,143,FALLS_UNDER
1689,143,FALLS_UNDER
1690,142,FALLS_UNDER
1691,142,FALLS_UNDER
1692,142,FALLS_UNDER
1693,143,FALLS_UNDER
1694,143,FALLS_UNDER
1695,143,FALLS_UNDER
1696,143,FALLS_UNDER
1697,143,FALLS_UNDER
1698,143,FALLS_UNDER
1699,142,FALLS_UNDER
1700,143,FALLS_UNDER
1701,142,FALLS_UNDER
1702,142,FALLS_UNDER
1703,143,FALLS_UNDER
1704,142,FALLS_UNDER
1705,143,FALLS_UNDER
1706,142,FALLS_UNDER
1707,142,FALLS_UNDER
1708,143,FALLS_UNDER
1709,142,FALLS_UNDER
1710,143,FALLS_UNDER
1711,143,FALLS_UNDER
1712,142,FALLS_UNDER
1713,142,FALLS_UNDER
1714,143,FALLS_UNDER
1715,143,FALLS_UNDER
1716,143,FALLS_UNDER
1717,143,FALLS_UNDER
1718,142,FALLS_UNDER
1719,143,FALLS_UNDER
1720,142,FALLS_UNDER
1721,142,FALLS_UNDER
1722,142,FALLS_UNDER
1723,142,FALLS_UNDER
1724,142,FALLS_UNDER
1725,142,FALLS_UNDER
1726,142,FALLS_UNDER
1727,143,FALLS_UNDER
1728,142,FALLS_UNDER
1729,142,FALLS_UNDER
1730,143,FALLS_UNDER
1731,144,FALLS_UNDER
1732,143,FALLS_UNDER
1733,142,FALLS_UNDER
1734,143,FALLS_UNDER
1735,142,FALLS_UNDER
1736,142,FALLS_UNDER
1737,143,FALLS_UNDER
1738,143,FALLS_UNDER
1739,143,FALLS_UNDER
1744,142,FALLS_UNDER
1745,142,FALLS_UNDER
1746,143,FALLS_UNDER
1747,142,FALLS_UNDER
1748,143,FALLS_UNDER
1749,142,FALLS_UNDER
1750,143,FALLS_UNDER
1751,143,FALLS_UNDER
1752,142,FALLS_UNDER
1753,142,FALLS_UNDER
1754,143,FALLS_UNDER
1755,142,FALLS_UNDER
1756,143,FALLS_UNDER
1757,142,FALLS_UNDER
1758,143,FALLS_UNDER
1759,142,FALLS_UNDER
1760,143,FALLS_UNDER
1761,142,FALLS_UNDER
1762,142,FALLS_UNDER
1763,142,FALLS_UNDER
1764,144,FALLS_UNDER
1765,142,FALLS_UNDER
1766,143,FALLS_UNDER
1767,143,FALLS_UNDER
1768,142,FALLS_UNDER
1769,142,FALLS_UNDER
1770,142,FALLS_UNDER
1771,142,FALLS_UNDER
1772,142,FALLS_UNDER
1773,142,FALLS_UNDER
1774,142,FALLS_UNDER
1775,143,FALLS_UNDER
1776,143,FALLS_UNDER
1777,142,FALLS_UNDER
1778,142,FALLS_UNDER
1779,142,FALLS_UNDER
1780,143,FALLS_UNDER
1781,144,FALLS_UNDER
1782,144,FALLS_UNDER
1783,144,FALLS_UNDER
1784,143,FALLS_UNDER
1785,143,FALLS_UNDER
1786,143,FALLS_UNDER
1787,142,FALLS_UNDER
1788,143,FALLS_UNDER
1789,142,FALLS_UNDER
1790,143,FALLS_UNDER
1791,143,FALLS_UNDER
1792,143,FALLS_UNDER
1793,142,FALLS_UNDER
1794,143,FALLS_UNDER
1795,142,FALLS_UNDER
1796,142,FALLS_UNDER
1797,142,FALLS_UNDER
1798,142,FALLS_UNDER
1799,142,FALLS_UNDER
1800,142,FALLS_UNDER
1801,143,FALLS_UNDER
1802,142,FALLS_UNDER
1803,143,FALLS_UNDER
1804,143,FALLS_UNDER
1805,142,FALLS_UNDER
1806,143,FALLS_UNDER
1807,143,FALLS_UNDER
1808,143,FALLS_UNDER
1809,142,FALLS_UNDER
1810,142,FALLS_UNDER
1811,142,FALLS_UNDER
1812,142,FALLS_UNDER
1813,143,FALLS_UNDER
1814,142,FALLS_UNDER
1815,143,FALLS_UNDER
1816,142,FALLS_UNDER
1817,143,FALLS_UNDER
1818,142,FALLS_UNDER
1819,142,FALLS_UNDER
1820,142,FALLS_UNDER
1821,143,FALLS_UNDER
1822,142,FALLS_UNDER
1823,143,FALLS_UNDER
1824,142,FALLS_UNDER
1825,142,FALLS_UNDER
1826,144,FALLS_UNDER
1827,143,FALLS_UNDER
1828,143,FALLS_UNDER
1829,142,FALLS_UNDER
1830,142,FALLS_UNDER
1831,142,FALLS_UNDER
1832,143,FALLS_UNDER
1833,143,FALLS_UNDER
1834,143,FALLS_UNDER
1835,143,FALLS_UNDER
1836,143,FALLS_UNDER
1837,142,FALLS_UNDER
1838,142,FALLS_UNDER
1839,142,FALLS_UNDER
1840,143,FALLS_UNDER
1841,143,FALLS_UNDER
1842,142,FALLS_UNDER
1843,142,FALLS_UNDER
1844,142,FALLS_UNDER
1845,143,FALLS_UNDER
1846,143,FALLS_UNDER
1847,142,FALLS_UNDER
1848,143,FALLS_UNDER
1849,143,FALLS_UNDER
1850,143,FALLS_UNDER
1851,142,FALLS_UNDER
1852,142,FALLS_UNDER
1853,144,FALLS_UNDER
1854,143,FALLS_UNDER
1855,142,FALLS_UNDER
1856,142,FALLS_UNDER
1857,143,FALLS_UNDER
1858,143,FALLS_UNDER
1859,142,FALLS_UNDER
1860,142,FALLS_UNDER
1861,143,FALLS_UNDER
1862,144,FALLS_UNDER
1863,142,FALLS_UNDER
1864,143,FALLS_UNDER
1865,143,FALLS_UNDER
1866,142,FALLS_UNDER
1867,142,FALLS_UNDER
1868,142,FALLS_UNDER
1869,143,FALLS_UNDER
1870,142,FALLS_UNDER
1871,144,FALLS_UNDER
1877,143,FALLS_UNDER
1878,143,FALLS_UNDER
1879,143,FALLS_UNDER
1880,144,FALLS_UNDER
1881,143,FALLS_UNDER
1882,144,FALLS_UNDER
1883,143,FALLS_UNDER
1884,143,FALLS_UNDER
1885,142,FALLS_UNDER
1886,142,FALLS_UNDER
1887,142,FALLS_UNDER
1888,144,FALLS_UNDER
1889,143,FALLS_UNDER
1890,142,FALLS_UNDER
1891,143,FALLS_UNDER
1892,143,FALLS_UNDER
1893,143,FALLS_UNDER
1894,142,FALLS_UNDER
1895,142,FALLS_UNDER
1896,143,FALLS_UNDER
1897,142,FALLS_UNDER
1898,143,FALLS_UNDER
1899,143,FALLS_UNDER
1900,142,FALLS_UNDER
1901,143,FALLS_UNDER
1902,142,FALLS_UNDER
1903,415,FALLS_UNDER
1904,143,FALLS_UNDER
1905,142,FALLS_UNDER
1906,143,FALLS_UNDER
1907,142,FALLS_UNDER
1908,143,FALLS_UNDER
1909,142,FALLS_UNDER
1910,142,FALLS_UNDER
1911,142,FALLS_UNDER
1912,143,FALLS_UNDER
1913,142,FALLS_UNDER
1914,143,FALLS_UNDER
1915,143,FALLS_UNDER
1916,144,FALLS_UNDER
1917,142,FALLS_UNDER
1918,143,FALLS_UNDER
1919,142,FALLS_UNDER
1920,142,FALLS_UNDER
1921,143,FALLS_UNDER
1922,142,FALLS_UNDER
1923,143,FALLS_UNDER
1924,144,FALLS_UNDER
1925,142,FALLS_UNDER
1926,143,FALLS_UNDER
1927,142,FALLS_UNDER
1928,142,FALLS_UNDER
1929,144,FALLS_UNDER
1930,143,FALLS_UNDER
1931,143,FALLS_UNDER
1932,143,FALLS_UNDER
1933,142,FALLS_UNDER
1934,142,FALLS_UNDER
1935,143,FALLS_UNDER
1936,142,FALLS_UNDER
1937,143,FALLS_UNDER
1938,143,FALLS_UNDER
1939,142,FALLS_UNDER
1940,142,FALLS_UNDER
1941,142,FALLS_UNDER
1942,143,FALLS_UNDER
1943,143,FALLS_UNDER
1944,143,FALLS_UNDER
1945,143,FALLS_UNDER
1946,143,FALLS_UNDER
1947,142,FALLS_UNDER
1948,142,FALLS_UNDER
1949,142,FALLS_UNDER
1950,142,FALLS_UNDER
1951,143,FALLS_UNDER
1952,142,FALLS_UNDER
1953,142,FALLS_UNDER
1954,142,FALLS_UNDER
1955,143,FALLS_UNDER
1956,143,FALLS_UNDER
1957,142,FALLS_UNDER
1958,143,FALLS_UNDER
1959,143,FALLS_UNDER
1960,142,FALLS_UNDER
1961,142,FALLS_UNDER
1962,144,FALLS_UNDER
1963,142,FALLS_UNDER
1964,142,FALLS_UNDER
1965,142,FALLS_UNDER
1966,142,FALLS_UNDER
1967,143,FALLS_UNDER
1968,142,FALLS_UNDER
1969,142,FALLS_UNDER
1970,142,FALLS_UNDER
1971,143,FALLS_UNDER
1972,281,FALLS_UNDER
1973,143,FALLS_UNDER
1974,142,FALLS_UNDER
1975,142,FALLS_UNDER
1976,143,FALLS_UNDER
1977,142,FALLS_UNDER
1978,143,FALLS_UNDER
1979,142,FALLS_UNDER
1980,142,FALLS_UNDER
1981,142,FALLS_UNDER
1982,142,FALLS_UNDER
1983,143,FALLS_UNDER
1984,281,FALLS_UNDER
1985,144,FALLS_UNDER
1986,143,FALLS_UNDER
1987,142,FALLS_UNDER
1988,143,FALLS_UNDER
1989,143,FALLS_UNDER
1990,281,FALLS_UNDER
1991,142,FALLS_UNDER
1992,142,FALLS_UNDER
1993,143,FALLS_UNDER
1994,142,FALLS_UNDER
1995,142,FALLS_UNDER
1996,142,FALLS_UNDER
1997,142,FALLS_UNDER
1998,142,FALLS_UNDER
1999,142,FALLS_UNDER
2000,143,FALLS_UNDER
2001,142,FALLS_UNDER
2002,142,FALLS_UNDER
2003,143,FALLS_UNDER
2004,143,FALLS_UNDER
2008,142,FALLS_UNDER
2009,144,FALLS_UNDER
2010,143,FALLS_UNDER
2011,142,FALLS_UNDER
2012,142,FALLS_UNDER
2013,142,FALLS_UNDER
2014,144,FALLS_UNDER
2015,143,FALLS_UNDER
2016,143,FALLS_UNDER
2017,142,FALLS_UNDER
2018,142,FALLS_UNDER
2019,143,FALLS_UNDER
2020,142,FALLS_UNDER
2021,143,FALLS_UNDER
2022,143,FALLS_UNDER
2023,143,FALLS_UNDER
2024,143,FALLS_UNDER
2025,142,FALLS_UNDER
2026,142,FALLS_UNDER
2027,143,FALLS_UNDER
2028,143,FALLS_UNDER
2029,142,FALLS_UNDER
2030,142,FALLS_UNDER
2031,143,FALLS_UNDER
2032,415,FALLS_UNDER
2033,143,FALLS_UNDER
2034,144,FALLS_UNDER
2035,143,FALLS_UNDER
2036,142,FALLS_UNDER
2037,144,FALLS_UNDER
2038,143,FALLS_UNDER
2039,143,FALLS_UNDER
2040,142,FALLS_UNDER
2041,142,FALLS_UNDER
2042,142,FALLS_UNDER
2043,142,FALLS_UNDER
2044,143,FALLS_UNDER
2045,142,FALLS_UNDER
2046,142,FALLS_UNDER
2047,143,FALLS_UNDER
2048,143,FALLS_UNDER
2049,281,FALLS_UNDER
2050,143,FALLS_UNDER
2051,143,FALLS_UNDER
2052,142,FALLS_UNDER
2053,142,FALLS_UNDER
2054,143,FALLS_UNDER
2055,143,FALLS_UNDER
2056,143,FALLS_UNDER
2057,142,FALLS_UNDER
2058,142,FALLS_UNDER
2059,142,FALLS_UNDER
2060,142,FALLS_UNDER
2061,144,FALLS_UNDER
2062,142,FALLS_UNDER
2063,143,FALLS_UNDER
2064,142,FALLS_UNDER
2065,143,FALLS_UNDER
2066,143,FALLS_UNDER
2067,143,FALLS_UNDER
2068,142,FALLS_UNDER
2069,143,FALLS_UNDER
2070,142,FALLS_UNDER
2071,144,FALLS_UNDER
2072,142,FALLS_UNDER
2073,143,FALLS_UNDER
2074,142,FALLS_UNDER
2075,142,FALLS_UNDER
2076,143,FALLS_UNDER
2077,143,FALLS_UNDER
2078,143,FALLS_UNDER
2079,142,FALLS_UNDER
2080,142,FALLS_UNDER
2081,144,FALLS_UNDER
2082,143,FALLS_UNDER
2083,143,FALLS_UNDER
2084,142,FALLS_UNDER
2085,143,FALLS_UNDER
2086,143,FALLS_UNDER
2087,143,FALLS_UNDER
2088,142,FALLS_UNDER
2089,143,FALLS_UNDER
2090,142,FALLS_UNDER
2091,143,FALLS_UNDER
2092,143,FALLS_UNDER
2093,142,FALLS_UNDER
2094,144,FALLS_UNDER
2095,144,FALLS_UNDER
2096,143,FALLS_UNDER
2097,142,FALLS_UNDER
2098,143,FALLS_UNDER
2099,142,FALLS_UNDER
2100,143,FALLS_UNDER
2101,142,FALLS_UNDER
2102,142,FALLS_UNDER
2103,142,FALLS_UNDER
2104,142,FALLS_UNDER
2105,143,FALLS_UNDER
2106,142,FALLS_UNDER
2107,142,FALLS_UNDER
2108,143,FALLS_UNDER
2109,142,FALLS_UNDER
2110,143,FALLS_UNDER
2111,142,FALLS_UNDER
2112,142,FALLS_UNDER
2113,142,FALLS_UNDER
2114,142,FALLS_UNDER
2115,142,FALLS_UNDER
2116,143,FALLS_UNDER
2117,143,FALLS_UNDER
2118,142,FALLS_UNDER
2119,142,FALLS_UNDER
2120,281,FALLS_UNDER
2121,143,FALLS_UNDER
2122,142,FALLS_UNDER
2123,142,FALLS_UNDER
2124,143,FALLS_UNDER
2125,142,FALLS_UNDER
2126,142,FALLS_UNDER
2127,142,FALLS_UNDER
2128,142,FALLS_UNDER
2129,142,FALLS_UNDER
2130,143,FALLS_UNDER
2131,143,FALLS_UNDER
2132,143,FALLS_UNDER
2133,143,FALLS_UNDER
2134,142,FALLS_UNDER
2135,142,FALLS_UNDER
2144,142,FALLS_UNDER
2145,142,FALLS_UNDER
2146,142,FALLS_UNDER
2147,142,FALLS_UNDER
2148,143,FALLS_UNDER
2149,144,FALLS_UNDER
2150,142,FALLS_UNDER
2151,142,FALLS_UNDER
2152,142,FALLS_UNDER
2153,142,FALLS_UNDER
2154,142,FALLS_UNDER
2155,143,FALLS_UNDER
2156,143,FALLS_UNDER
2157,142,FALLS_UNDER
2158,143,FALLS_UNDER
2159,143,FALLS_UNDER
2160,143,FALLS_UNDER
2161,143,FALLS_UNDER
2162,144,FALLS_UNDER
2163,144,FALLS_UNDER
2164,143,FALLS_UNDER
2165,143,FALLS_UNDER
2166,142,FALLS_UNDER
2167,142,FALLS_UNDER
2168,143,FALLS_UNDER
2169,143,FALLS_UNDER
2170,143,FALLS_UNDER
2171,143,FALLS_UNDER
2172,143,FALLS_UNDER
2173,142,FALLS_UNDER
2174,142,FALLS_UNDER
2175,144,FALLS_UNDER
2176,281,FALLS_UNDER
2177,143,FALLS_UNDER
2178,143,FALLS_UNDER
2179,415,FALLS_UNDER
2180,142,FALLS_UNDER
2181,142,FALLS_UNDER
2182,144,FALLS_UNDER
2183,143,FALLS_UNDER
2184,143,FALLS_UNDER
2185,143,FALLS_UNDER
2186,143,FALLS_UNDER
2187,144,FALLS_UNDER
2188,142,FALLS_UNDER
2189,142,FALLS_UNDER
2190,142,FALLS_UNDER
2191,142,FALLS_UNDER
2192,142,FALLS_UNDER
2193,143,FALLS_UNDER
2194,142,FALLS_UNDER
2195,142,FALLS_UNDER
2196,142,FALLS_UNDER
2197,281,FALLS_UNDER
2198,142,FALLS_UNDER
2199,143,FALLS_UNDER
2200,144,FALLS_UNDER
2201,142,FALLS_UNDER
2202,143,FALLS_UNDER
2203,143,FALLS_UNDER
2204,143,FALLS_UNDER
2205,143,FALLS_UNDER
2206,143,FALLS_UNDER
2207,281,FALLS_UNDER
2208,143,FALLS_UNDER
2209,281,FALLS_UNDER
2210,142,FALLS_UNDER
2211,143,FALLS_UNDER
2212,142,FALLS_UNDER
2213,142,FALLS_UNDER
2214,142,FALLS_UNDER
2215,143,FALLS_UNDER
2216,144,FALLS_UNDER
2217,143,FALLS_UNDER
2218,142,FALLS_UNDER
2219,142,FALLS_UNDER
2220,143,FALLS_UNDER
2221,142,FALLS_UNDER
2222,143,FALLS_UNDER
2223,144,FALLS_UNDER
2224,143,FALLS_UNDER
2225,143,FALLS_UNDER
2226,143,FALLS_UNDER
2227,142,FALLS_UNDER
2228,143,FALLS_UNDER
2229,142,FALLS_UNDER
2230,143,FALLS_UNDER
2231,142,FALLS_UNDER
2232,142,FALLS_UNDER
2233,142,FALLS_UNDER
2234,142,FALLS_UNDER
2235,142,FALLS_UNDER
2236,142,FALLS_UNDER
2237,143,FALLS_UNDER
2238,143,FALLS_UNDER
2239,143,FALLS_UNDER
2240,143,FALLS_UNDER
2241,143,FALLS_UNDER
2242,142,FALLS_UNDER
2243,143,FALLS_UNDER
2244,143,FALLS_UNDER
2245,142,FALLS_UNDER
2246,142,FALLS_UNDER
2247,142,FALLS_UNDER
2248,142,FALLS_UNDER
2249,142,FALLS_UNDER
2250,143,FALLS_UNDER
2251,143,FALLS_UNDER
2252,142,FALLS_UNDER
2253,142,FALLS_UNDER
2254,142,FALLS_UNDER
2255,143,FALLS_UNDER
2256,143,FALLS_UNDER
2257,143,FALLS_UNDER
2258,144,FALLS_UNDER
2259,143,FALLS_UNDER
2260,142,FALLS_UNDER
2261,142,FALLS_UNDER
2262,143,FALLS_UNDER
2263,143,FALLS_UNDER
2264,143,FALLS_UNDER
2265,142,FALLS_UNDER
2266,143,FALLS_UNDER
2267,143,FALLS_UNDER
2268,143,FALLS_UNDER
2269,144,FALLS_UNDER
2270,143,FALLS_UNDER
2271,143,FALLS_UNDER
2278,143,FALLS_UNDER
2279,143,FALLS_UNDER
2280,143,FALLS_UNDER
2281,142,FALLS_UNDER
2282,142,FALLS_UNDER
2283,143,FALLS_UNDER
2284,143,FALLS_UNDER
2285,142,FALLS_UNDER
2286,142,FALLS_UNDER
2287,142,FALLS_UNDER
2288,144,FALLS_UNDER
2289,144,FALLS_UNDER
2290,142,FALLS_UNDER
2291,143,FALLS_UNDER
2292,143,FALLS_UNDER
2293,142,FALLS_UNDER
2294,142,FALLS_UNDER
2295,142,FALLS_UNDER
2296,143,FALLS_UNDER
2297,143,FALLS_UNDER
2298,143,FALLS_UNDER
2299,142,FALLS_UNDER
2300,144,FALLS_UNDER
2301,143,FALLS_UNDER
2302,143,FALLS_UNDER
2303,142,FALLS_UNDER
2304,143,FALLS_UNDER
2305,144,FALLS_UNDER
2306,142,FALLS_UNDER
2307,142,FALLS_UNDER
2308,142,FALLS_UNDER
2309,142,FALLS_UNDER
2310,142,FALLS_UNDER
2311,142,FALLS_UNDER
2312,142,FALLS_UNDER
2313,142,FALLS_UNDER
2314,142,FALLS_UNDER
2315,142,FALLS_UNDER
2316,142,FALLS_UNDER
2317,142,FALLS_UNDER
2318,142,FALLS_UNDER
2319,143,FALLS_UNDER
2320,144,FALLS_UNDER
2321,144,FALLS_UNDER
2322,142,FALLS_UNDER
2323,142,FALLS_UNDER
2324,142,FALLS_UNDER
2325,142,FALLS_UNDER
2326,142,FALLS_UNDER
2327,143,FALLS_UNDER
2328,143,FALLS_UNDER
2329,143,FALLS_UNDER
2330,142,FALLS_UNDER
2331,142,FALLS_UNDER
2332,142,FALLS_UNDER
2333,142,FALLS_UNDER
2334,143,FALLS_UNDER
2335,144,FALLS_UNDER
2336,143,FALLS_UNDER
2337,142,FALLS_UNDER
2338,143,FALLS_UNDER
2339,142,FALLS_UNDER
2340,143,FALLS_UNDER
2341,142,FALLS_UNDER
2342,142,FALLS_UNDER
2343,142,FALLS_UNDER
2344,143,FALLS_UNDER
2345,142,FALLS_UNDER
2346,143,FALLS_UNDER
2347,142,FALLS_UNDER
2348,143,FALLS_UNDER
2349,143,FALLS_UNDER
2350,143,FALLS_UNDER
2351,144,FALLS_UNDER
2352,142,FALLS_UNDER
2353,143,FALLS_UNDER
2354,142,FALLS_UNDER
2355,143,FALLS_UNDER
2356,142,FALLS_UNDER
2357,143,FALLS_UNDER
2358,143,FALLS_UNDER
2359,143,FALLS_UNDER
2360,142,FALLS_UNDER
2361,142,FALLS_UNDER
2362,142,FALLS_UNDER
2363,142,FALLS_UNDER
2364,142,FALLS_UNDER
2365,142,FALLS_UNDER
2366,142,FALLS_UNDER
2367,143,FALLS_UNDER
2368,142,FALLS_UNDER
2369,142,FALLS_UNDER
2370,142,FALLS_UNDER
2371,142,FALLS_UNDER
2372,143,FALLS_UNDER
2373,143,FALLS_UNDER
2374,143,FALLS_UNDER
2375,142,FALLS_UNDER
2376,143,FALLS_UNDER
2377,143,FALLS_UNDER
2378,142,FALLS_UNDER
2379,142,FALLS_UNDER
2380,144,FALLS_UNDER
2381,143,FALLS_UNDER
2382,142,FALLS_UNDER
2383,142,FALLS_UNDER
2384,143,FALLS_UNDER
2385,142,FALLS_UNDER
2386,142,FALLS_UNDER
2387,143,FALLS_UNDER
2388,142,FALLS_UNDER
2389,142,FALLS_UNDER
2390,142,FALLS_UNDER
2391,143,FALLS_UNDER
2392,142,FALLS_UNDER
2393,143,FALLS_UNDER
2394,142,FALLS_UNDER
2395,144,FALLS_UNDER
2396,143,FALLS_UNDER
2397,142,FALLS_UNDER
2398,142,FALLS_UNDER
2399,142,FALLS_UNDER
2400,142,FALLS_UNDER
2401,142,FALLS_UNDER
2402,142,FALLS_UNDER
2403,143,FALLS_UNDER
2404,142,FALLS_UNDER
2405,142,FALLS_UNDER
2411,143,FALLS_UNDER
2412,144,FALLS_UNDER
2413,142,FALLS_UNDER
2414,142,FALLS_UNDER
2415,142,FALLS_UNDER
2416,142,FALLS_UNDER
2417,142,FALLS_UNDER
2418,142,FALLS_UNDER
2419,142,FALLS_UNDER
2420,143,FALLS_UNDER
2421,143,FALLS_UNDER
2422,143,FALLS_UNDER
2423,143,FALLS_UNDER
2424,143,FALLS_UNDER
2425,281,FALLS_UNDER
2426,142,FALLS_UNDER
2427,143,FALLS_UNDER
2428,142,FALLS_UNDER
2429,142,FALLS_UNDER
2430,142,FALLS_UNDER
2431,142,FALLS_UNDER
2432,143,FALLS_UNDER
2433,143,FALLS_UNDER
2434,142,FALLS_UNDER
2435,142,FALLS_UNDER
2436,143,FALLS_UNDER
2437,143,FALLS_UNDER
2438,142,FALLS_UNDER
2439,143,FALLS_UNDER
2440,143,FALLS_UNDER
2441,143,FALLS_UNDER
2442,143,FALLS_UNDER
2443,142,FALLS_UNDER
2444,142,FALLS_UNDER
2445,142,FALLS_UNDER
2446,143,FALLS_UNDER
2447,142,FALLS_UNDER
2448,143,FALLS_UNDER
2449,142,FALLS_UNDER
2450,142,FALLS_UNDER
2451,143,FALLS_UNDER
2452,142,FALLS_UNDER
2453,142,FALLS_UNDER
2454,143,FALLS_UNDER
2455,143,FALLS_UNDER
2456,142,FALLS_UNDER
2457,142,FALLS_UNDER
2458,142,FALLS_UNDER
2459,142,FALLS_UNDER
2460,143,FALLS_UNDER
2461,142,FALLS_UNDER
2462,143,FALLS_UNDER
2463,142,FALLS_UNDER
2464,142,FALLS_UNDER
2465,142,FALLS_UNDER
2466,142,FALLS_UNDER
2467,143,FALLS_UNDER
2468,142,FALLS_UNDER
2469,144,FALLS_UNDER
2470,143,FALLS_UNDER
2471,142,FALLS_UNDER
2472,143,FALLS_UNDER
2473,142,FALLS_UNDER
2474,143,FALLS_UNDER
2475,142,FALLS_UNDER
2476,143,FALLS_UNDER
2477,143,FALLS_UNDER
2478,143,FALLS_UNDER
2479,143,FALLS_UNDER
2480,142,FALLS_UNDER
2481,142,FALLS_UNDER
2482,143,FALLS_UNDER
2483,143,FALLS_UNDER
2484,143,FALLS_UNDER
2485,142,FALLS_UNDER
2486,142,FALLS_UNDER
2487,143,FALLS_UNDER
2488,142,FALLS_UNDER
2489,143,FALLS_UNDER
2490,143,FALLS_UNDER
2491,143,FALLS_UNDER
2492,143,FALLS_UNDER
2493,142,FALLS_UNDER
2494,143,FALLS_UNDER
2495,142,FALLS_UNDER
2496,142,FALLS_UNDER
2497,143,FALLS_UNDER
2498,142,FALLS_UNDER
2499,143,FALLS_UNDER
2500,143,FALLS_UNDER
2501,142,FALLS_UNDER
2502,142,FALLS_UNDER
2503,142,FALLS_UNDER
2504,142,FALLS_UNDER
2505,143,FALLS_UNDER
2506,142,FALLS_UNDER
2507,143,FALLS_UNDER
2508,143,FALLS_UNDER
2509,142,FALLS_UNDER
2510,142,FALLS_UNDER
2511,142,FALLS_UNDER
2512,143,FALLS_UNDER
2513,142,FALLS_UNDER
2514,143,FALLS_UNDER
2515,143,FALLS_UNDER
2516,144,FALLS_UNDER
2517,143,FALLS_UNDER
2518,143,FALLS_UNDER
2519,143,FALLS_UNDER
2520,143,FALLS_UNDER
2521,143,FALLS_UNDER
2522,142,FALLS_UNDER
2523,142,FALLS_UNDER
2524,142,FALLS_UNDER
2525,143,FALLS_UNDER
2526,143,FALLS_UNDER
2527,142,FALLS_UNDER
2528,142,FALLS_UNDER
2529,142,FALLS_UNDER
2530,143,FALLS_UNDER
2531,142,FALLS_UNDER
2532,142,FALLS_UNDER
2533,143,FALLS_UNDER
2534,142,FALLS_UNDER
2535,142,FALLS_UNDER
2536,142,FALLS_UNDER
2537,142,FALLS_UNDER
2538,142,FALLS_UNDER
2543,143,FALLS_UNDER
2544,143,FALLS_UNDER
2545,142,FALLS_UNDER
2546,143,FALLS_UNDER
2547,142,FALLS_UNDER
2548,143,FALLS_UNDER
2549,143,FALLS_UNDER
2550,142,FALLS_UNDER
2551,143,FALLS_UNDER
2552,143,FALLS_UNDER
2553,143,FALLS_UNDER
2554,143,FALLS_UNDER
2555,142,FALLS_UNDER
2556,143,FALLS_UNDER
2557,142,FALLS_UNDER
2558,142,FALLS_UNDER
2559,143,FALLS_UNDER
2560,142,FALLS_UNDER
2561,142,FALLS_UNDER
2562,143,FALLS_UNDER
2563,143,FALLS_UNDER
2564,143,FALLS_UNDER
2565,143,FALLS_UNDER
2566,142,FALLS_UNDER
2567,143,FALLS_UNDER
2568,143,FALLS_UNDER
2569,143,FALLS_UNDER
2570,142,FALLS_UNDER
2571,142,FALLS_UNDER
2572,142,FALLS_UNDER
2573,142,FALLS_UNDER
2574,143,FALLS_UNDER
2575,144,FALLS_UNDER
2576,142,FALLS_UNDER
2577,142,FALLS_UNDER
2578,281,FALLS_UNDER
2579,142,FALLS_UNDER
2580,143,FALLS_UNDER
2581,142,FALLS_UNDER
2582,142,FALLS_UNDER
2583,143,FALLS_UNDER
2584,142,FALLS_UNDER
2585,143,FALLS_UNDER
2586,143,FALLS_UNDER
2587,142,FALLS_UNDER
2588,142,FALLS_UNDER
2589,142,FALLS_UNDER
2590,143,FALLS_UNDER
2591,142,FALLS_UNDER
2592,144,FALLS_UNDER
2593,143,FALLS_UNDER
2594,144,FALLS_UNDER
2595,142,FALLS_UNDER
2596,142,FALLS_UNDER
2597,281,FALLS_UNDER
2598,142,FALLS_UNDER
2599,281,FALLS_UNDER
2600,142,FALLS_UNDER
2601,142,FALLS_UNDER
2602,142,FALLS_UNDER
2603,143,FALLS_UNDER
2604,144,FALLS_UNDER
2605,144,FALLS_UNDER
2606,142,FALLS_UNDER
2607,143,FALLS_UNDER
2608,142,FALLS_UNDER
2609,143,FALLS_UNDER
2610,143,FALLS_UNDER
2611,143,FALLS_UNDER
2612,143,FALLS_UNDER
2613,143,FALLS_UNDER
2614,142,FALLS_UNDER
2615,142,FALLS_UNDER
2616,144,FALLS_UNDER
2617,142,FALLS_UNDER
2618,142,FALLS_UNDER
2619,143,FALLS_UNDER
2620,142,FALLS_UNDER
2621,142,FALLS_UNDER
2622,143,FALLS_UNDER
2623,142,FALLS_UNDER
2624,143,FALLS_UNDER
2625,142,FALLS_UNDER
2626,142,FALLS_UNDER
2627,143,FALLS_UNDER
2628,142,FALLS_UNDER
2629,142,FALLS_UNDER
2630,142,FALLS_UNDER
2631,143,FALLS_UNDER
2632,142,FALLS_UNDER
2633,142,FALLS_UNDER
2634,142,FALLS_UNDER
2635,142,FALLS_UNDER
2636,143,FALLS_UNDER
2637,143,FALLS_UNDER
2638,143,FALLS_UNDER
2639,143,FALLS_UNDER
2640,143,FALLS_UNDER
2641,142,FALLS_UNDER
2642,142,FALLS_UNDER
2643,143,FALLS_UNDER
2644,143,FALLS_UNDER
2645,143,FALLS_UNDER
2646,142,FALLS_UNDER
2647,142,FALLS_UNDER
2648,142,FALLS_UNDER
2649,142,FALLS_UNDER
2650,142,FALLS_UNDER
2651,143,FALLS_UNDER
2652,142,FALLS_UNDER
2653,142,FALLS_UNDER
2654,143,FALLS_UNDER
2655,143,FALLS_UNDER
2656,142,FALLS_UNDER
2657,143,FALLS_UNDER
2658,143,FALLS_UNDER
2659,142,FALLS_UNDER
2660,143,FALLS_UNDER
2661,144,FALLS_UNDER
2662,142,FALLS_UNDER
2663,143,FALLS_UNDER
2664,142,FALLS_UNDER
2665,281,FALLS_UNDER
2666,143,FALLS_UNDER
2667,143,FALLS_UNDER
2668,143,FALLS_UNDER
2669,142,FALLS_UNDER
2670,142,FALLS_UNDER
2674,143,FALLS_UNDER
2675,142,FALLS_UNDER
2676,142,FALLS_UNDER
2677,142,FALLS_UNDER
2678,142,FALLS_UNDER
2679,142,FALLS_UNDER
2680,142,FALLS_UNDER
2681,143,FALLS_UNDER
2682,143,FALLS_UNDER
2683,142,FALLS_UNDER
2684,142,FALLS_UNDER
2685,143,FALLS_UNDER
2686,143,FALLS_UNDER
2687,143,FALLS_UNDER
2688,143,FALLS_UNDER
2689,142,FALLS_UNDER
2690,142,FALLS_UNDER
2691,142,FALLS_UNDER
2692,144,FALLS_UNDER
2693,142,FALLS_UNDER
2694,143,FALLS_UNDER
2695,143,FALLS_UNDER
2696,143,FALLS_UNDER
2697,144,FALLS_UNDER
2698,142,FALLS_UNDER
2699,143,FALLS_UNDER
2700,281,FALLS_UNDER
2701,142,FALLS_UNDER
2702,143,FALLS_UNDER
2703,142,FALLS_UNDER
2704,142,FALLS_UNDER
2705,143,FALLS_UNDER
2706,142,FALLS_UNDER
2707,143,FALLS_UNDER
2708,142,FALLS_UNDER
2709,142,FALLS_UNDER
2710,143,FALLS_UNDER
2711,142,FALLS_UNDER
2712,142,FALLS_UNDER
2713,142,FALLS_UNDER
2714,142,FALLS_UNDER
2715,143,FALLS_UNDER
2716,143,FALLS_UNDER
2717,143,FALLS_UNDER
2718,142,FALLS_UNDER
2719,144,FALLS_UNDER
2720,142,FALLS_UNDER
2721,142,FALLS_UNDER
2722,143,FALLS_UNDER
2723,142,FALLS_UNDER
2724,143,FALLS_UNDER
2725,143,FALLS_UNDER
2726,142,FALLS_UNDER
2727,143,FALLS_UNDER
2728,142,FALLS_UNDER
2729,143,FALLS_UNDER
2730,143,FALLS_UNDER
2731,143,FALLS_UNDER
2732,143,FALLS_UNDER
2733,143,FALLS_UNDER
2734,281,FALLS_UNDER
2735,143,FALLS_UNDER
2736,142,FALLS_UNDER
2737,142,FALLS_UNDER
2738,143,FALLS_UNDER
2739,142,FALLS_UNDER
2740,142,FALLS_UNDER
2741,143,FALLS_UNDER
2742,142,FALLS_UNDER
2743,142,FALLS_UNDER
2744,144,FALLS_UNDER
2745,143,FALLS_UNDER
2746,143,FALLS_UNDER
2747,142,FALLS_UNDER
2748,142,FALLS_UNDER
2749,142,FALLS_UNDER
2750,143,FALLS_UNDER
2751,142,FALLS_UNDER
2752,142,FALLS_UNDER
2753,144,FALLS_UNDER
2754,143,FALLS_UNDER
2755,142,FALLS_UNDER
2756,142,FALLS_UNDER
2757,143,FALLS_UNDER
2758,144,FALLS_UNDER
2759,142,FALLS_UNDER
2760,143,FALLS_UNDER
2761,143,FALLS_UNDER
2762,142,FALLS_UNDER
2763,142,FALLS_UNDER
2764,281,FALLS_UNDER
2765,142,FALLS_UNDER
2766,142,FALLS_UNDER
2767,143,FALLS_UNDER
2768,143,FALLS_UNDER
2769,142,FALLS_UNDER
2770,143,FALLS_UNDER
2771,142,FALLS_UNDER
2772,143,FALLS_UNDER
2773,143,FALLS_UNDER
2774,142,FALLS_UNDER
2775,142,FALLS_UNDER
2776,142,FALLS_UNDER
2777,142,FALLS_UNDER
2778,143,FALLS_UNDER
2779,142,FALLS_UNDER
2780,143,FALLS_UNDER
2781,142,FALLS_UNDER
2782,142,FALLS_UNDER
2783,142,FALLS_UNDER
2784,142,FALLS_UNDER
2785,142,FALLS_UNDER
2786,142,FALLS_UNDER
2787,144,FALLS_UNDER
2788,143,FALLS_UNDER
2789,143,FALLS_UNDER
2790,142,FALLS_UNDER
2791,143,FALLS_UNDER
2792,142,FALLS_UNDER
2793,143,FALLS_UNDER
2794,142,FALLS_UNDER
2795,143,FALLS_UNDER
2796,143,FALLS_UNDER
2797,143,FALLS_UNDER
2798,142,FALLS_UNDER
2799,143,FALLS_UNDER
2800,142,FALLS_UNDER
2801,142,FALLS_UNDER
2805,142,FALLS_UNDER
2806,142,FALLS_UNDER
2807,142,FALLS_UNDER
2808,143,FALLS_UNDER
2809,143,FALLS_UNDER
2810,143,FALLS_UNDER
2811,142,FALLS_UNDER
2812,143,FALLS_UNDER
2813,143,FALLS_UNDER
2814,144,FALLS_UNDER
2815,143,FALLS_UNDER
2816,143,FALLS_UNDER
2817,142,FALLS_UNDER
2818,143,FALLS_UNDER
2819,142,FALLS_UNDER
2820,143,FALLS_UNDER
2821,142,FALLS_UNDER
2822,142,FALLS_UNDER
2823,142,FALLS_UNDER
2824,142,FALLS_UNDER
2825,143,FALLS_UNDER
2826,281,FALLS_UNDER
2827,143,FALLS_UNDER
2828,142,FALLS_UNDER
2829,143,FALLS_UNDER
2830,143,FALLS_UNDER
2831,142,FALLS_UNDER
2832,143,FALLS_UNDER
2833,143,FALLS_UNDER
2834,143,FALLS_UNDER
2835,142,FALLS_UNDER
2836,143,FALLS_UNDER
2837,143,FALLS_UNDER
2838,143,FALLS_UNDER
2839,143,FALLS_UNDER
2840,143,FALLS_UNDER
2841,142,FALLS_UNDER
2842,142,FALLS_UNDER
2843,142,FALLS_UNDER
2844,143,FALLS_UNDER
2845,142,FALLS_UNDER
2846,143,FALLS_UNDER
2847,143,FALLS_UNDER
2848,143,FALLS_UNDER
2849,142,FALLS_UNDER
2850,415,FALLS_UNDER
2851,142,FALLS_UNDER
2852,142,FALLS_UNDER
2853,143,FALLS_UNDER
2854,142,FALLS_UNDER
2855,143,FALLS_UNDER
2856,143,FALLS_UNDER
2857,142,FALLS_UNDER
2858,142,FALLS_UNDER
2859,143,FALLS_UNDER
2860,143,FALLS_UNDER
2861,142,FALLS_UNDER
2862,142,FALLS_UNDER
2863,143,FALLS_UNDER
2864,142,FALLS_UNDER
2865,142,FALLS_UNDER
2866,142,FALLS_UNDER
2867,143,FALLS_UNDER
2868,143,FALLS_UNDER
2869,142,FALLS_UNDER
2870,142,FALLS_UNDER
2871,142,FALLS_UNDER
2872,142,FALLS_UNDER
2873,143,FALLS_UNDER
2874,142,FALLS_UNDER
2875,142,FALLS_UNDER
2876,142,FALLS_UNDER
2877,142,FALLS_UNDER
2878,143,FALLS_UNDER
2879,142,FALLS_UNDER
2880,142,FALLS_UNDER
2881,144,FALLS_UNDER
2882,143,FALLS_UNDER
2883,142,FALLS_UNDER
2884,142,FALLS_UNDER
2885,142,FALLS_UNDER
2886,142,FALLS_UNDER
2887,142,FALLS_UNDER
2888,142,FALLS_UNDER
2889,142,FALLS_UNDER
2890,142,FALLS_UNDER
2891,143,FALLS_UNDER
2892,142,FALLS_UNDER
2893,143,FALLS_UNDER
2894,142,FALLS_UNDER
2895,142,FALLS_UNDER
2896,142,FALLS_UNDER
2897,143,FALLS_UNDER
2898,143,FALLS_UNDER
2899,143,FALLS_UNDER
2900,143,FALLS_UNDER
2901,143,FALLS_UNDER
2902,142,FALLS_UNDER
2903,142,FALLS_UNDER
2904,143,FALLS_UNDER
2905,144,FALLS_UNDER
2906,142,FALLS_UNDER
2907,142,FALLS_UNDER
2908,142,FALLS_UNDER
2909,142,FALLS_UNDER
2910,143,FALLS_UNDER
2911,142,FALLS_UNDER
2912,143,FALLS_UNDER
2913,142,FALLS_UNDER
2914,281,FALLS_UNDER
2915,142,FALLS_UNDER
2916,415,FALLS_UNDER
2917,144,FALLS_UNDER
2918,142,FALLS_UNDER
2919,142,FALLS_UNDER
2920,143,FALLS_UNDER
2921,142,FALLS_UNDER
2922,142,FALLS_UNDER
2923,415,FALLS_UNDER
2924,143,FALLS_UNDER
2925,144,FALLS_UNDER
2926,142,FALLS_UNDER
2927,142,FALLS_UNDER
2928,143,FALLS_UNDER
2929,143,FALLS_UNDER
2930,142,FALLS_UNDER
2931,142,FALLS_UNDER
2932,142,FALLS_UNDER
2934,143,FALLS_UNDER
2935,143,FALLS_UNDER
2936,142,FALLS_UNDER
2937,143,FALLS_UNDER
2938,143,FALLS_UNDER
2939,144,FALLS_UNDER
2940,142,FALLS_UNDER
2941,143,FALLS_UNDER
2942,142,FALLS_UNDER
2943,143,FALLS_UNDER
2944,143,FALLS_UNDER
2945,142,FALLS_UNDER
2946,142,FALLS_UNDER
2947,142,FALLS_UNDER
2948,143,FALLS_UNDER
2949,143,FALLS_UNDER
2950,142,FALLS_UNDER
2951,415,FALLS_UNDER
2952,142,FALLS_UNDER
2953,142,FALLS_UNDER
2954,142,FALLS_UNDER
2955,143,FALLS_UNDER
2956,142,FALLS_UNDER
2957,142,FALLS_UNDER
2958,143,FALLS_UNDER
2959,142,FALLS_UNDER
2960,142,FALLS_UNDER
2961,143,FALLS_UNDER
2962,142,FALLS_UNDER
2963,142,FALLS_UNDER
2964,143,FALLS_UNDER
2965,142,FALLS_UNDER
2966,143,FALLS_UNDER
2967,142,FALLS_UNDER
2968,143,FALLS_UNDER
2969,143,FALLS_UNDER
2970,143,FALLS_UNDER
2971,142,FALLS_UNDER
2972,143,FALLS_UNDER
2973,144,FALLS_UNDER
2974,142,FALLS_UNDER
2975,142,FALLS_UNDER
2976,143,FALLS_UNDER
2977,143,FALLS_UNDER
2978,142,FALLS_UNDER
2979,142,FALLS_UNDER
2980,143,FALLS_UNDER
2981,143,FALLS_UNDER
2982,143,FALLS_UNDER
2983,142,FALLS_UNDER
2984,142,FALLS_UNDER
2985,142,FALLS_UNDER
2986,143,FALLS_UNDER
2987,142,FALLS_UNDER
2988,143,FALLS_UNDER
2989,142,FALLS_UNDER
2990,142,FALLS_UNDER
2991,143,FALLS_UNDER
2992,142,FALLS_UNDER
2993,142,FALLS_UNDER
2994,142,FALLS_UNDER
2995,142,FALLS_UNDER
2996,143,FALLS_UNDER
2997,143,FALLS_UNDER
2998,142,FALLS_UNDER
2999,142,FALLS_UNDER
3000,142,FALLS_UNDER
3001,143,FALLS_UNDER
3002,142,FALLS_UNDER
3003,142,FALLS_UNDER
3004,142,FALLS_UNDER
3005,143,FALLS_UNDER
3006,143,FALLS_UNDER
3007,143,FALLS_UNDER
3008,143,FALLS_UNDER
3009,143,FALLS_UNDER
3010,142,FALLS_UNDER
3011,142,FALLS_UNDER
3012,143,FALLS_UNDER
3013,142,FALLS_UNDER
3014,142,FALLS_UNDER
3015,142,FALLS_UNDER
3016,143,FALLS_UNDER
3017,143,FALLS_UNDER
3018,143,FALLS_UNDER
3019,142,FALLS_UNDER
3020,142,FALLS_UNDER
3021,142,FALLS_UNDER
3022,142,FALLS_UNDER
3023,142,FALLS_UNDER
3024,143,FALLS_UNDER
3025,143,FALLS_UNDER
3026,143,FALLS_UNDER
3027,143,FALLS_UNDER
3028,143,FALLS_UNDER
3029,142,FALLS_UNDER
3030,143,FALLS_UNDER
3031,143,FALLS_UNDER
3032,143,FALLS_UNDER
3033,144,FALLS_UNDER
3034,142,FALLS_UNDER
3035,142,FALLS_UNDER
3036,143,FALLS_UNDER
3037,143,FALLS_UNDER
3038,143,FALLS_UNDER
3039,143,FALLS_UNDER
3040,143,FALLS_UNDER
3041,142,FALLS_UNDER
3042,143,FALLS_UNDER
3043,143,FALLS_UNDER
3044,143,FALLS_UNDER
3045,142,FALLS_UNDER
3046,142,FALLS_UNDER
3047,143,FALLS_UNDER
3048,144,FALLS_UNDER
3049,142,FALLS_UNDER
3050,143,FALLS_UNDER
3051,142,FALLS_UNDER
3052,143,FALLS_UNDER
3053,143,FALLS_UNDER
3054,143,FALLS_UNDER
3055,142,FALLS_UNDER
3056,142,FALLS_UNDER
3057,142,FALLS_UNDER
3058,142,FALLS_UNDER
3059,144,FALLS_UNDER
3060,143,FALLS_UNDER
3061,143,FALLS_UNDER
3063,143,FALLS_UNDER
3064,143,FALLS_UNDER
3065,142,FALLS_UNDER
3066,143,FALLS_UNDER
3067,143,FALLS_UNDER
3068,143,FALLS_UNDER
3069,143,FALLS_UNDER
3070,143,FALLS_UNDER
3071,143,FALLS_UNDER
3072,143,FALLS_UNDER
3073,143,FALLS_UNDER
3074,143,FALLS_UNDER
3075,142,FALLS_UNDER
3076,143,FALLS_UNDER
3077,142,FALLS_UNDER
3078,143,FALLS_UNDER
3079,142,FALLS_UNDER
3080,142,FALLS_UNDER
3081,142,FALLS_UNDER
3082,142,FALLS_UNDER
3083,142,FALLS_UNDER
3084,143,FALLS_UNDER
3085,144,FALLS_UNDER
3086,143,FALLS_UNDER
3087,142,FALLS_UNDER
3088,142,FALLS_UNDER
3089,143,FALLS_UNDER
3090,142,FALLS_UNDER
3091,143,FALLS_UNDER
3092,143,FALLS_UNDER
3093,142,FALLS_UNDER
3094,143,FALLS_UNDER
3095,143,FALLS_UNDER
3096,143,FALLS_UNDER
3097,143,FALLS_UNDER
3098,142,FALLS_UNDER
3099,142,FALLS_UNDER
3100,142,FALLS_UNDER
3101,142,FALLS_UNDER
3102,142,FALLS_UNDER
3103,142,FALLS_UNDER
3104,143,FALLS_UNDER
3105,142,FALLS_UNDER
3106,143,FALLS_UNDER
3107,142,FALLS_UNDER
3108,142,FALLS_UNDER
3109,142,FALLS_UNDER
3110,143,FALLS_UNDER
3111,142,FALLS_UNDER
3112,142,FALLS_UNDER
3113,143,FALLS_UNDER
3114,142,FALLS_UNDER
3115,142,FALLS_UNDER
3116,142,FALLS_UNDER
3117,142,FALLS_UNDER
3118,142,FALLS_UNDER
3119,143,FALLS_UNDER
3120,142,FALLS_UNDER
3121,143,FALLS_UNDER
3122,143,FALLS_UNDER
3123,142,FALLS_UNDER
3124,143,FALLS_UNDER
3125,142,FALLS_UNDER
3126,142,FALLS_UNDER
3127,143,FALLS_UNDER
3128,143,FALLS_UNDER
3129,142,FALLS_UNDER
3130,143,FALLS_UNDER
3131,142,FALLS_UNDER
3132,143,FALLS_UNDER
3133,143,FALLS_UNDER
3134,142,FALLS_UNDER
3135,142,FALLS_UNDER
3136,143,FALLS_UNDER
3137,142,FALLS_UNDER
3138,143,FALLS_UNDER
3139,142,FALLS_UNDER
3140,142,FALLS_UNDER
3141,142,FALLS_UNDER
3142,144,FALLS_UNDER
3143,142,FALLS_UNDER
3144,143,FALLS_UNDER
3145,143,FALLS_UNDER
3146,143,FALLS_UNDER
3147,142,FALLS_UNDER
3148,143,FALLS_UNDER
3149,143,FALLS_UNDER
3150,142,FALLS_UNDER
3151,143,FALLS_UNDER
3152,142,FALLS_UNDER
3153,142,FALLS_UNDER
3154,143,FALLS_UNDER
3155,142,FALLS_UNDER
3156,142,FALLS_UNDER
3157,143,FALLS_UNDER
3158,142,FALLS_UNDER
3159,143,FALLS_UNDER
3160,143,FALLS_UNDER
3161,142,FALLS_UNDER
3162,142,FALLS_UNDER
3163,143,FALLS_UNDER
3164,142,FALLS_UNDER
3165,142,FALLS_UNDER
3166,142,FALLS_UNDER
3167,143,FALLS_UNDER
3168,143,FALLS_UNDER
3169,143,FALLS_UNDER
3170,143,FALLS_UNDER
3171,142,FALLS_UNDER
3172,142,FALLS_UNDER
3173,142,FALLS_UNDER
3174,142,FALLS_UNDER
3175,142,FALLS_UNDER
3176,143,FALLS_UNDER
3177,142,FALLS_UNDER
3178,142,FALLS_UNDER
3179,142,FALLS_UNDER
3180,142,FALLS_UNDER
3181,143,FALLS_UNDER
3182,142,FALLS_UNDER
3183,143,FALLS_UNDER
3184,142,FALLS_UNDER
3185,143,FALLS_UNDER
3186,143,FALLS_UNDER
3187,142,FALLS_UNDER
3188,143,FALLS_UNDER
3189,142,FALLS_UNDER
3190,143,FALLS_UNDER
3195,142,FALLS_UNDER
3196,143,FALLS_UNDER
3197,143,FALLS_UNDER
3198,142,FALLS_UNDER
3199,142,FALLS_UNDER
3200,142,FALLS_UNDER
3201,142,FALLS_UNDER
3202,143,FALLS_UNDER
3203,142,FALLS_UNDER
3204,143,FALLS_UNDER
3205,143,FALLS_UNDER
3206,143,FALLS_UNDER
3207,143,FALLS_UNDER
3208,142,FALLS_UNDER
3209,142,FALLS_UNDER
3210,142,FALLS_UNDER
3211,143,FALLS_UNDER
3212,142,FALLS_UNDER
3213,143,FALLS_UNDER
3214,143,FALLS_UNDER
3215,143,FALLS_UNDER
3216,142,FALLS_UNDER
3217,143,FALLS_UNDER
3218,142,FALLS_UNDER
3219,143,FALLS_UNDER
3220,142,FALLS_UNDER
3221,143,FALLS_UNDER
3222,143,FALLS_UNDER
3223,143,FALLS_UNDER
3224,142,FALLS_UNDER
3225,142,FALLS_UNDER
3226,142,FALLS_UNDER
3227,142,FALLS_UNDER
3228,142,FALLS_UNDER
3229,142,FALLS_UNDER
3230,143,FALLS_UNDER
3231,142,FALLS_UNDER
3232,142,FALLS_UNDER
3233,143,FALLS_UNDER
3234,142,FALLS_UNDER
3235,143,FALLS_UNDER
3236,143,FALLS_UNDER
3237,142,FALLS_UNDER
3238,142,FALLS_UNDER
3239,143,FALLS_UNDER
3240,143,FALLS_UNDER
3241,142,FALLS_UNDER
3242,142,FALLS_UNDER
3243,142,FALLS_UNDER
3244,143,FALLS_UNDER
3245,142,FALLS_UNDER
3246,143,FALLS_UNDER
3247,143,FALLS_UNDER
3248,142,FALLS_UNDER
3249,144,FALLS_UNDER
3250,142,FALLS_UNDER
3251,142,FALLS_UNDER
3252,142,FALLS_UNDER
3253,142,FALLS_UNDER
3254,143,FALLS_UNDER
3255,143,FALLS_UNDER
3256,142,FALLS_UNDER
3257,143,FALLS_UNDER
3258,143,FALLS_UNDER
3259,143,FALLS_UNDER
3260,142,FALLS_UNDER
3261,143,FALLS_UNDER
3262,142,FALLS_UNDER
3263,142,FALLS_UNDER
3264,142,FALLS_UNDER
3265,142,FALLS_UNDER
3266,142,FALLS_UNDER
3267,142,FALLS_UNDER
3268,142,FALLS_UNDER
3269,143,FALLS_UNDER
3270,281,FALLS_UNDER
3271,143,FALLS_UNDER
3272,143,FALLS_UNDER
3273,142,FALLS_UNDER
3274,142,FALLS_UNDER
3275,143,FALLS_UNDER
3276,142,FALLS_UNDER
3277,142,FALLS_UNDER
3278,142,FALLS_UNDER
3279,142,FALLS_UNDER
3280,142,FALLS_UNDER
3281,143,FALLS_UNDER
3282,142,FALLS_UNDER
3283,143,FALLS_UNDER
3284,142,FALLS_UNDER
3285,143,FALLS_UNDER
3286,143,FALLS_UNDER
3287,143,FALLS_UNDER
3288,142,FALLS_UNDER
3289,143,FALLS_UNDER
3290,142,FALLS_UNDER
3291,143,FALLS_UNDER
3292,143,FALLS_UNDER
3293,281,FALLS_UNDER
3294,142,FALLS_UNDER
3295,143,FALLS_UNDER
3296,143,FALLS_UNDER
3297,143,FALLS_UNDER
3298,143,FALLS_UNDER
3299,143,FALLS_UNDER
3300,143,FALLS_UNDER
3301,143,FALLS_UNDER
3302,143,FALLS_UNDER
3303,142,FALLS_UNDER
3304,142,FALLS_UNDER
3305,142,FALLS_UNDER
3306,142,FALLS_UNDER
3307,143,FALLS_UNDER
3308,143,FALLS_UNDER
3309,142,FALLS_UNDER
3310,142,FALLS_UNDER
3311,143,FALLS_UNDER
3312,143,FALLS_UNDER
3313,142,FALLS_UNDER
3314,142,FALLS_UNDER
3315,142,FALLS_UNDER
3316,143,FALLS_UNDER
3317,143,FALLS_UNDER
3318,143,FALLS_UNDER
3319,143,FALLS_UNDER
3320,143,FALLS_UNDER
3321,143,FALLS_UNDER
3322,143,FALLS_UNDER
3326,142,FALLS_UNDER
3327,143,FALLS_UNDER
3328,143,FALLS_UNDER
3329,142,FALLS_UNDER
3330,143,FALLS_UNDER
3331,281,FALLS_UNDER
3332,281,FALLS_UNDER
3333,143,FALLS_UNDER
3334,143,FALLS_UNDER
3335,143,FALLS_UNDER
3336,143,FALLS_UNDER
3337,143,FALLS_UNDER
3338,143,FALLS_UNDER
3339,144,FALLS_UNDER
3340,143,FALLS_UNDER
3341,143,FALLS_UNDER
3342,143,FALLS_UNDER
3343,143,FALLS_UNDER
3344,142,FALLS_UNDER
3345,142,FALLS_UNDER
3346,142,FALLS_UNDER
3347,143,FALLS_UNDER
3348,142,FALLS_UNDER
3349,143,FALLS_UNDER
3350,142,FALLS_UNDER
3351,143,FALLS_UNDER
3352,143,FALLS_UNDER
3353,142,FALLS_UNDER
3354,142,FALLS_UNDER
3355,142,FALLS_UNDER
3356,142,FALLS_UNDER
3357,143,FALLS_UNDER
3358,143,FALLS_UNDER
3359,143,FALLS_UNDER
3360,142,FALLS_UNDER
3361,143,FALLS_UNDER
3362,143,FALLS_UNDER
3363,143,FALLS_UNDER
3364,142,FALLS_UNDER
3365,142,FALLS_UNDER
3366,143,FALLS_UNDER
3367,142,FALLS_UNDER
3368,143,FALLS_UNDER
3369,143,FALLS_UNDER
3370,142,FALLS_UNDER
3371,143,FALLS_UNDER
3372,143,FALLS_UNDER
3373,143,FALLS_UNDER
3374,142,FALLS_UNDER
3375,142,FALLS_UNDER
3376,142,FALLS_UNDER
3377,143,FALLS_UNDER
3378,142,FALLS_UNDER
3379,142,FALLS_UNDER
3380,142,FALLS_UNDER
3381,143,FALLS_UNDER
3382,142,FALLS_UNDER
3383,143,FALLS_UNDER
3384,143,FALLS_UNDER
3385,143,FALLS_UNDER
3386,143,FALLS_UNDER
3387,144,FALLS_UNDER
3388,143,FALLS_UNDER
3389,143,FALLS_UNDER
3390,142,FALLS_UNDER
3391,143,FALLS_UNDER
3392,144,FALLS_UNDER
3393,142,FALLS_UNDER
3394,142,FALLS_UNDER
3395,142,FALLS_UNDER
3396,142,FALLS_UNDER
3397,142,FALLS_UNDER
3398,142,FALLS_UNDER
3399,142,FALLS_UNDER
3400,142,FALLS_UNDER
3401,142,FALLS_UNDER
3402,143,FALLS_UNDER
3403,142,FALLS_UNDER
3404,143,FALLS_UNDER
3405,142,FALLS_UNDER
3406,143,FALLS_UNDER
3407,143,FALLS_UNDER
3408,142,FALLS_UNDER
3409,144,FALLS_UNDER
3410,142,FALLS_UNDER
3411,142,FALLS_UNDER
3412,142,FALLS_UNDER
3413,142,FALLS_UNDER
3414,143,FALLS_UNDER
3415,142,FALLS_UNDER
3416,143,FALLS_UNDER
3417,142,FALLS_UNDER
3418,143,FALLS_UNDER
3419,143,FALLS_UNDER
3420,143,FALLS_UNDER
3421,142,FALLS_UNDER
3422,143,FALLS_UNDER
3423,143,FALLS_UNDER
3424,143,FALLS_UNDER
3425,143,FALLS_UNDER
3426,143,FALLS_UNDER
3427,143,FALLS_UNDER
3428,143,FALLS_UNDER
3429,143,FALLS_UNDER
3430,143,FALLS_UNDER
3431,142,FALLS_UNDER
3432,143,FALLS_UNDER
3433,143,FALLS_UNDER
3434,143,FALLS_UNDER
3435,143,FALLS_UNDER
3436,142,FALLS_UNDER
3437,142,FALLS_UNDER
3438,143,FALLS_UNDER
3439,142,FALLS_UNDER
3440,143,FALLS_UNDER
3441,142,FALLS_UNDER
3442,143,FALLS_UNDER
3443,143,FALLS_UNDER
3444,142,FALLS_UNDER
3445,142,FALLS_UNDER
3446,142,FALLS_UNDER
3447,142,FALLS_UNDER
3448,142,FALLS_UNDER
3449,143,FALLS_UNDER
3450,143,FALLS_UNDER
3451,142,FALLS_UNDER
3452,143,FALLS_UNDER
3453,142,FALLS_UNDER
3457,143,FALLS_UNDER
3458,142,FALLS_UNDER
3459,142,FALLS_UNDER
3460,142,FALLS_UNDER
3461,142,FALLS_UNDER
3462,143,FALLS_UNDER
3463,143,FALLS_UNDER
3464,142,FALLS_UNDER
3465,143,FALLS_UNDER
3466,143,FALLS_UNDER
3467,143,FALLS_UNDER
3468,142,FALLS_UNDER
3469,142,FALLS_UNDER
3470,281,FALLS_UNDER
3471,281,FALLS_UNDER
3472,143,FALLS_UNDER
3473,143,FALLS_UNDER
3474,142,FALLS_UNDER
3475,143,FALLS_UNDER
3476,142,FALLS_UNDER
3477,143,FALLS_UNDER
3478,144,FALLS_UNDER
3479,143,FALLS_UNDER
3480,143,FALLS_UNDER
3481,143,FALLS_UNDER
3482,144,FALLS_UNDER
3483,142,FALLS_UNDER
3484,143,FALLS_UNDER
3485,142,FALLS_UNDER
3486,142,FALLS_UNDER
3487,142,FALLS_UNDER
3488,142,FALLS_UNDER
3489,142,FALLS_UNDER
3490,144,FALLS_UNDER
3491,142,FALLS_UNDER
3492,143,FALLS_UNDER
3493,143,FALLS_UNDER
3494,144,FALLS_UNDER
3495,142,FALLS_UNDER
3496,142,FALLS_UNDER
3497,142,FALLS_UNDER
3498,143,FALLS_UNDER
3499,142,FALLS_UNDER
3500,143,FALLS_UNDER
3501,143,FALLS_UNDER
3502,143,FALLS_UNDER
3503,281,FALLS_UNDER
3504,142,FALLS_UNDER
3505,143,FALLS_UNDER
3506,142,FALLS_UNDER
3507,143,FALLS_UNDER
3508,142,FALLS_UNDER
3509,143,FALLS_UNDER
3510,143,FALLS_UNDER
3511,142,FALLS_UNDER
3512,143,FALLS_UNDER
3513,143,FALLS_UNDER
3514,143,FALLS_UNDER
3515,142,FALLS_UNDER
3516,143,FALLS_UNDER
3517,142,FALLS_UNDER
3518,142,FALLS_UNDER
3519,142,FALLS_UNDER
3520,142,FALLS_UNDER
3521,143,FALLS_UNDER
3522,143,FALLS_UNDER
3523,142,FALLS_UNDER
3524,143,FALLS_UNDER
3525,142,FALLS_UNDER
3526,143,FALLS_UNDER
3527,143,FALLS_UNDER
3528,142,FALLS_UNDER
3529,144,FALLS_UNDER
3530,142,FALLS_UNDER
3531,142,FALLS_UNDER
3532,143,FALLS_UNDER
3533,142,FALLS_UNDER
3534,142,FALLS_UNDER
3535,142,FALLS_UNDER
3536,142,FALLS_UNDER
3537,142,FALLS_UNDER
3538,143,FALLS_UNDER
3539,143,FALLS_UNDER
3540,143,FALLS_UNDER
3541,142,FALLS_UNDER
3542,144,FALLS_UNDER
3543,143,FALLS_UNDER
3544,142,FALLS_UNDER
3545,142,FALLS_UNDER
3546,143,FALLS_UNDER
3547,142,FALLS_UNDER
3548,142,FALLS_UNDER
3549,142,FALLS_UNDER
3550,142,FALLS_UNDER
3551,143,FALLS_UNDER
3552,142,FALLS_UNDER
3553,143,FALLS_UNDER
3554,142,FALLS_UNDER
3555,142,FALLS_UNDER
3556,142,FALLS_UNDER
3557,142,FALLS_UNDER
3558,142,FALLS_UNDER
3559,142,FALLS_UNDER
3560,142,FALLS_UNDER
3561,142,FALLS_UNDER
3562,143,FALLS_UNDER
3563,142,FALLS_UNDER
3564,142,FALLS_UNDER
3565,142,FALLS_UNDER
3566,143,FALLS_UNDER
3567,142,FALLS_UNDER
3568,142,FALLS_UNDER
3569,142,FALLS_UNDER
3570,143,FALLS_UNDER
3571,142,FALLS_UNDER
3572,142,FALLS_UNDER
3573,142,FALLS_UNDER
3574,142,FALLS_UNDER
3575,143,FALLS_UNDER
3576,281,FALLS_UNDER
3577,142,FALLS_UNDER
3578,143,FALLS_UNDER
3579,143,FALLS_UNDER
3580,143,FALLS_UNDER
3581,143,FALLS_UNDER
3582,142,FALLS_UNDER
3583,143,FALLS_UNDER
3584,142,FALLS_UNDER
3587,143,FALLS_UNDER
3588,143,FALLS_UNDER
3589,143,FALLS_UNDER
3590,142,FALLS_UNDER
3591,142,FALLS_UNDER
3592,143,FALLS_UNDER
3593,142,FALLS_UNDER
3594,143,FALLS_UNDER
3595,142,FALLS_UNDER
3596,142,FALLS_UNDER
3597,143,FALLS_UNDER
3598,143,FALLS_UNDER
3599,144,FALLS_UNDER
3600,142,FALLS_UNDER
3601,142,FALLS_UNDER
3602,142,FALLS_UNDER
3603,142,FALLS_UNDER
3604,142,FALLS_UNDER
3605,142,FALLS_UNDER
3606,142,FALLS_UNDER
3607,142,FALLS_UNDER
3608,142,FALLS_UNDER
3609,143,FALLS_UNDER
3610,142,FALLS_UNDER
3611,142,FALLS_UNDER
3612,143,FALLS_UNDER
3613,142,FALLS_UNDER
3614,143,FALLS_UNDER
3615,143,FALLS_UNDER
3616,143,FALLS_UNDER
3617,143,FALLS_UNDER
3618,142,FALLS_UNDER
3619,142,FALLS_UNDER
3620,142,FALLS_UNDER
3621,142,FALLS_UNDER
3622,144,FALLS_UNDER
3623,142,FALLS_UNDER
3624,143,FALLS_UNDER
3625,142,FALLS_UNDER
3626,142,FALLS_UNDER
3627,143,FALLS_UNDER
3628,142,FALLS_UNDER
3629,142,FALLS_UNDER
3630,143,FALLS_UNDER
3631,142,FALLS_UNDER
3632,143,FALLS_UNDER
3633,142,FALLS_UNDER
3634,142,FALLS_UNDER
3635,144,FALLS_UNDER
3636,142,FALLS_UNDER
3637,143,FALLS_UNDER
3638,142,FALLS_UNDER
3639,143,FALLS_UNDER
3640,142,FALLS_UNDER
3641,143,FALLS_UNDER
3642,142,FALLS_UNDER
3643,142,FALLS_UNDER
3644,142,FALLS_UNDER
3645,142,FALLS_UNDER
3646,142,FALLS_UNDER
3647,142,FALLS_UNDER
3648,142,FALLS_UNDER
3649,142,FALLS_UNDER
3650,142,FALLS_UNDER
3651,143,FALLS_UNDER
3652,142,FALLS_UNDER
3653,143,FALLS_UNDER
3654,143,FALLS_UNDER
3655,142,FALLS_UNDER
3656,142,FALLS_UNDER
3657,142,FALLS_UNDER
3658,142,FALLS_UNDER
3659,142,FALLS_UNDER
3660,143,FALLS_UNDER
3661,143,FALLS_UNDER
3662,143,FALLS_UNDER
3663,142,FALLS_UNDER
3664,142,FALLS_UNDER
3665,142,FALLS_UNDER
3666,142,FALLS_UNDER
3667,143,FALLS_UNDER
3668,142,FALLS_UNDER
3669,142,FALLS_UNDER
3670,142,FALLS_UNDER
3671,142,FALLS_UNDER
3672,142,FALLS_UNDER
3673,143,FALLS_UNDER
3674,143,FALLS_UNDER
3675,142,FALLS_UNDER
3676,142,FALLS_UNDER
3677,143,FALLS_UNDER
3678,142,FALLS_UNDER
3679,143,FALLS_UNDER
3680,142,FALLS_UNDER
3681,142,FALLS_UNDER
3682,143,FALLS_UNDER
3683,142,FALLS_UNDER
3684,142,FALLS_UNDER
3685,142,FALLS_UNDER
3686,142,FALLS_UNDER
3687,281,FALLS_UNDER
3688,144,FALLS_UNDER
3689,143,FALLS_UNDER
3690,144,FALLS_UNDER
3691,142,FALLS_UNDER
3692,143,FALLS_UNDER
3693,142,FALLS_UNDER
3694,143,FALLS_UNDER
3695,143,FALLS_UNDER
3696,143,FALLS_UNDER
3697,142,FALLS_UNDER
3698,142,FALLS_UNDER
3699,142,FALLS_UNDER
3700,143,FALLS_UNDER
3701,143,FALLS_UNDER
3702,144,FALLS_UNDER
3703,142,FALLS_UNDER
3704,142,FALLS_UNDER
3705,143,FALLS_UNDER
3706,142,FALLS_UNDER
3707,143,FALLS_UNDER
3708,142,FALLS_UNDER
3709,143,FALLS_UNDER
3710,144,FALLS_UNDER
3711,142,FALLS_UNDER
3712,142,FALLS_UNDER
3713,142,FALLS_UNDER
3714,142,FALLS_UNDER
3718,142,FALLS_UNDER
3719,142,FALLS_UNDER
3720,142,FALLS_UNDER
3721,142,FALLS_UNDER
3722,143,FALLS_UNDER
3723,142,FALLS_UNDER
3724,142,FALLS_UNDER
3725,142,FALLS_UNDER
3726,142,FALLS_UNDER
3727,142,FALLS_UNDER
3728,143,FALLS_UNDER
3729,144,FALLS_UNDER
3730,143,FALLS_UNDER
3731,143,FALLS_UNDER
3732,143,FALLS_UNDER
3733,143,FALLS_UNDER
3734,142,FALLS_UNDER
3735,142,FALLS_UNDER
3736,143,FALLS_UNDER
3737,142,FALLS_UNDER
3738,142,FALLS_UNDER
3739,142,FALLS_UNDER
3740,142,FALLS_UNDER
3741,143,FALLS_UNDER
3742,142,FALLS_UNDER
3743,142,FALLS_UNDER
3744,142,FALLS_UNDER
3745,143,FALLS_UNDER
3746,143,FALLS_UNDER
3747,143,FALLS_UNDER
3748,143,FALLS_UNDER
3749,142,FALLS_UNDER
3750,142,FALLS_UNDER
3751,143,FALLS_UNDER
3752,143,FALLS_UNDER
3753,142,FALLS_UNDER
3754,142,FALLS_UNDER
3755,142,FALLS_UNDER
3756,143,FALLS_UNDER
3757,142,FALLS_UNDER
3758,142,FALLS_UNDER
3759,142,FALLS_UNDER
3760,144,FALLS_UNDER
3761,143,FALLS_UNDER
3762,142,FALLS_UNDER
3763,142,FALLS_UNDER
3764,143,FALLS_UNDER
3765,142,FALLS_UNDER
3766,143,FALLS_UNDER
3767,142,FALLS_UNDER
3768,142,FALLS_UNDER
3769,142,FALLS_UNDER
3770,143,FALLS_UNDER
3771,143,FALLS_UNDER
3772,142,FALLS_UNDER
3773,142,FALLS_UNDER
3774,142,FALLS_UNDER
3775,142,FALLS_UNDER
3776,142,FALLS_UNDER
3777,142,FALLS_UNDER
3778,143,FALLS_UNDER
3779,142,FALLS_UNDER
3780,143,FALLS_UNDER
3781,143,FALLS_UNDER
3782,142,FALLS_UNDER
3783,143,FALLS_UNDER
3784,143,FALLS_UNDER
3785,143,FALLS_UNDER
3786,143,FALLS_UNDER
3787,142,FALLS_UNDER
3788,142,FALLS_UNDER
3789,142,FALLS_UNDER
3790,143,FALLS_UNDER
3791,144,FALLS_UNDER
3792,143,FALLS_UNDER
3793,143,FALLS_UNDER
3794,143,FALLS_UNDER
3795,143,FALLS_UNDER
3796,415,FALLS_UNDER
3797,143,FALLS_UNDER
3798,143,FALLS_UNDER
3799,142,FALLS_UNDER
3800,142,FALLS_UNDER
3801,143,FALLS_UNDER
3802,142,FALLS_UNDER
3803,143,FALLS_UNDER
3804,142,FALLS_UNDER
3805,142,FALLS_UNDER
3806,142,FALLS_UNDER
3807,143,FALLS_UNDER
3808,142,FALLS_UNDER
3809,143,FALLS_UNDER
3810,281,FALLS_UNDER
3811,143,FALLS_UNDER
3812,142,FALLS_UNDER
3813,142,FALLS_UNDER
3814,142,FALLS_UNDER
3815,143,FALLS_UNDER
3816,142,FALLS_UNDER
3817,144,FALLS_UNDER
3818,142,FALLS_UNDER
3819,142,FALLS_UNDER
3820,142,FALLS_UNDER
3821,143,FALLS_UNDER
3822,281,FALLS_UNDER
3823,142,FALLS_UNDER
3824,142,FALLS_UNDER
3825,142,FALLS_UNDER
3826,142,FALLS_UNDER
3827,142,FALLS_UNDER
3828,142,FALLS_UNDER
3829,142,FALLS_UNDER
3830,142,FALLS_UNDER
3831,142,FALLS_UNDER
3832,142,FALLS_UNDER
3833,143,FALLS_UNDER
3834,144,FALLS_UNDER
3835,142,FALLS_UNDER
3836,143,FALLS_UNDER
3837,142,FALLS_UNDER
3838,142,FALLS_UNDER
3839,142,FALLS_UNDER
3840,143,FALLS_UNDER
3841,143,FALLS_UNDER
3842,143,FALLS_UNDER
3843,281,FALLS_UNDER
3844,142,FALLS_UNDER
3845,143,FALLS_UNDER
3846,143,FALLS_UNDER
3847,143,FALLS_UNDER
3848,142,FALLS_UNDER
3849,142,FALLS_UNDER
3850,142,FALLS_UNDER
3851,143,FALLS_UNDER
3852,143,FALLS_UNDER
3853,143,FALLS_UNDER
3854,143,FALLS_UNDER
3855,142,FALLS_UNDER
3856,142,FALLS_UNDER
3857,143,FALLS_UNDER
3858,143,FALLS_UNDER
3859,142,FALLS_UNDER
3860,142,FALLS_UNDER
3861,143,FALLS_UNDER
3862,142,FALLS_UNDER
3863,142,FALLS_UNDER
3864,143,FALLS_UNDER
3865,143,FALLS_UNDER
3866,143,FALLS_UNDER
3867,142,FALLS_UNDER
3868,142,FALLS_UNDER
3869,143,FALLS_UNDER
3870,143,FALLS_UNDER
3871,143,FALLS_UNDER
3872,143,FALLS_UNDER
3873,142,FALLS_UNDER
3874,143,FALLS_UNDER
3875,143,FALLS_UNDER
3876,142,FALLS_UNDER
3877,143,FALLS_UNDER
3878,142,FALLS_UNDER
3879,143,FALLS_UNDER
3880,142,FALLS_UNDER
3881,142,FALLS_UNDER
3882,142,FALLS_UNDER
3883,142,FALLS_UNDER
3884,142,FALLS_UNDER
3885,143,FALLS_UNDER
3886,142,FALLS_UNDER
3887,142,FALLS_UNDER
3888,143,FALLS_UNDER
3889,142,FALLS_UNDER
3890,142,FALLS_UNDER
3891,143,FALLS_UNDER
3892,142,FALLS_UNDER
3893,143,FALLS_UNDER
3894,142,FALLS_UNDER
3895,142,FALLS_UNDER
3896,143,FALLS_UNDER
3897,144,FALLS_UNDER
3898,142,FALLS_UNDER
3899,142,FALLS_UNDER
3900,142,FALLS_UNDER
3901,144,FALLS_UNDER
3902,143,FALLS_UNDER
3903,142,FALLS_UNDER
3904,142,FALLS_UNDER
3905,143,FALLS_UNDER
3906,143,FALLS_UNDER
3907,142,FALLS_UNDER
3908,142,FALLS_UNDER
3909,143,FALLS_UNDER
3910,142,FALLS_UNDER
3911,142,FALLS_UNDER
3912,143,FALLS_UNDER
3913,143,FALLS_UNDER
3914,142,FALLS_UNDER
3915,142,FALLS_UNDER
3916,142,FALLS_UNDER
3917,143,FALLS_UNDER
3918,143,FALLS_UNDER
3919,142,FALLS_UNDER
3920,143,FALLS_UNDER
3921,142,FALLS_UNDER
3922,143,FALLS_UNDER
3923,143,FALLS_UNDER
3924,143,FALLS_UNDER
3925,142,FALLS_UNDER
3926,142,FALLS_UNDER
3927,143,FALLS_UNDER
3928,142,FALLS_UNDER
3929,142,FALLS_UNDER
3930,143,FALLS_UNDER
3931,142,FALLS_UNDER
3932,143,FALLS_UNDER
3933,143,FALLS_UNDER
3934,144,FALLS_UNDER
3935,142,FALLS_UNDER
3936,142,FALLS_UNDER
3937,143,FALLS_UNDER
3938,143,FALLS_UNDER
3939,143,FALLS_UNDER
3940,144,FALLS_UNDER
3941,142,FALLS_UNDER
3942,142,FALLS_UNDER
3943,142,FALLS_UNDER
3944,142,FALLS_UNDER
3945,142,FALLS_UNDER
3946,142,FALLS_UNDER
3947,142,FALLS_UNDER
3948,142,FALLS_UNDER
3949,142,FALLS_UNDER
3950,143,FALLS_UNDER
3951,142,FALLS_UNDER
3952,142,FALLS_UNDER
3953,143,FALLS_UNDER
3954,143,FALLS_UNDER
3955,142,FALLS_UNDER
3956,144,FALLS_UNDER
3957,143,FALLS_UNDER
3958,143,FALLS_UNDER
3959,143,FALLS_UNDER
3960,143,FALLS_UNDER
3961,281,FALLS_UNDER
3962,142,FALLS_UNDER
3963,281,FALLS_UNDER
3964,143,FALLS_UNDER
3965,142,FALLS_UNDER
3966,143,FALLS_UNDER
3967,143,FALLS_UNDER
3968,143,FALLS_UNDER
3969,144,FALLS_UNDER
3970,144,FALLS_UNDER
3971,143,FALLS_UNDER
3972,143,FALLS_UNDER
3973,143,FALLS_UNDER
3977,142,FALLS_UNDER
3978,142,FALLS_UNDER
3979,142,FALLS_UNDER
3980,143,FALLS_UNDER
3981,142,FALLS_UNDER
3982,143,FALLS_UNDER
3983,143,FALLS_UNDER
3984,143,FALLS_UNDER
3985,142,FALLS_UNDER
3986,143,FALLS_UNDER
3987,143,FALLS_UNDER
3988,142,FALLS_UNDER
3989,143,FALLS_UNDER
3990,143,FALLS_UNDER
3991,142,FALLS_UNDER
3992,144,FALLS_UNDER
3993,143,FALLS_UNDER
3994,143,FALLS_UNDER
3995,142,FALLS_UNDER
3996,142,FALLS_UNDER
3997,143,FALLS_UNDER
3998,142,FALLS_UNDER
3999,143,FALLS_UNDER
4000,143,FALLS_UNDER
4001,143,FALLS_UNDER
4002,143,FALLS_UNDER
4003,143,FALLS_UNDER
4004,143,FALLS_UNDER
4005,143,FALLS_UNDER
4006,142,FALLS_UNDER
4007,143,FALLS_UNDER
4008,143,FALLS_UNDER
4009,143,FALLS_UNDER
4010,143,FALLS_UNDER
4011,144,FALLS_UNDER
4012,143,FALLS_UNDER
4013,143,FALLS_UNDER
4014,142,FALLS_UNDER
4015,143,FALLS_UNDER
4016,142,FALLS_UNDER
4017,143,FALLS_UNDER
4018,143,FALLS_UNDER
4019,143,FALLS_UNDER
4020,143,FALLS_UNDER
4021,143,FALLS_UNDER
4022,142,FALLS_UNDER
4023,142,FALLS_UNDER
4024,143,FALLS_UNDER
4025,142,FALLS_UNDER
4026,143,FALLS_UNDER
4027,143,FALLS_UNDER
4028,143,FALLS_UNDER
4029,144,FALLS_UNDER
4030,143,FALLS_UNDER
4031,143,FALLS_UNDER
4032,143,FALLS_UNDER
4033,144,FALLS_UNDER
4034,142,FALLS_UNDER
4035,142,FALLS_UNDER
4036,143,FALLS_UNDER
4037,142,FALLS_UNDER
4038,142,FALLS_UNDER
4039,143,FALLS_UNDER
4040,143,FALLS_UNDER
4041,143,FALLS_UNDER
4042,142,FALLS_UNDER
4043,142,FALLS_UNDER
4044,143,FALLS_UNDER
4045,142,FALLS_UNDER
4046,143,FALLS_UNDER
4047,143,FALLS_UNDER
4048,142,FALLS_UNDER
4049,142,FALLS_UNDER
4050,143,FALLS_UNDER
4051,142,FALLS_UNDER
4052,143,FALLS_UNDER
4053,143,FALLS_UNDER
4054,142,FALLS_UNDER
4055,143,FALLS_UNDER
4056,142,FALLS_UNDER
4057,142,FALLS_UNDER
4058,142,FALLS_UNDER
4059,143,FALLS_UNDER
4060,142,FALLS_UNDER
4061,142,FALLS_UNDER
4062,142,FALLS_UNDER
4063,142,FALLS_UNDER
4064,281,FALLS_UNDER
4065,143,FALLS_UNDER
4066,142,FALLS_UNDER
4067,142,FALLS_UNDER
4068,143,FALLS_UNDER
4069,143,FALLS_UNDER
4070,143,FALLS_UNDER
4071,143,FALLS_UNDER
4072,143,FALLS_UNDER
4073,143,FALLS_UNDER
4074,143,FALLS_UNDER
4075,143,FALLS_UNDER
4076,142,FALLS_UNDER
4077,142,FALLS_UNDER
4078,143,FALLS_UNDER
4079,143,FALLS_UNDER
4080,143,FALLS_UNDER
4081,143,FALLS_UNDER
4082,142,FALLS_UNDER
4083,143,FALLS_UNDER
4084,142,FALLS_UNDER
4085,142,FALLS_UNDER
4086,143,FALLS_UNDER
4087,143,FALLS_UNDER
4088,143,FALLS_UNDER
4089,142,FALLS_UNDER
4090,143,FALLS_UNDER
4091,142,FALLS_UNDER
4092,143,FALLS_UNDER
4093,143,FALLS_UNDER
4094,142,FALLS_UNDER
4095,142,FALLS_UNDER
4096,142,FALLS_UNDER
4097,142,FALLS_UNDER
4098,143,FALLS_UNDER
4099,143,FALLS_UNDER
4100,143,FALLS_UNDER
4101,143,FALLS_UNDER
4102,143,FALLS_UNDER
4103,142,FALLS_UNDER
4104,142,FALLS_UNDER
4107,142,FALLS_UNDER
4108,142,FALLS_UNDER
4109,144,FALLS_UNDER
4110,143,FALLS_UNDER
4111,415,FALLS_UNDER
4112,142,FALLS_UNDER
4113,143,FALLS_UNDER
4114,142,FALLS_UNDER
4115,142,FALLS_UNDER
4116,143,FALLS_UNDER
4117,143,FALLS_UNDER
4118,143,FALLS_UNDER
4119,143,FALLS_UNDER
4120,143,FALLS_UNDER
4121,143,FALLS_UNDER
4122,142,FALLS_UNDER
4123,142,FALLS_UNDER
4124,142,FALLS_UNDER
4125,142,FALLS_UNDER
4126,143,FALLS_UNDER
4127,143,FALLS_UNDER
4128,143,FALLS_UNDER
4129,144,FALLS_UNDER
4130,144,FALLS_UNDER
4131,142,FALLS_UNDER
4132,142,FALLS_UNDER
4133,142,FALLS_UNDER
4134,143,FALLS_UNDER
4135,143,FALLS_UNDER
4136,142,FALLS_UNDER
4137,143,FALLS_UNDER
4138,281,FALLS_UNDER
4139,142,FALLS_UNDER
4140,142,FALLS_UNDER
4141,142,FALLS_UNDER
4142,143,FALLS_UNDER
4143,142,FALLS_UNDER
4144,143,FALLS_UNDER
4145,143,FALLS_UNDER
4146,142,FALLS_UNDER
4147,143,FALLS_UNDER
4148,143,FALLS_UNDER
4149,144,FALLS_UNDER
4150,142,FALLS_UNDER
4151,142,FALLS_UNDER
4152,142,FALLS_UNDER
4153,142,FALLS_UNDER
4154,143,FALLS_UNDER
4155,143,FALLS_UNDER
4156,415,FALLS_UNDER
4157,143,FALLS_UNDER
4158,142,FALLS_UNDER
4159,143,FALLS_UNDER
4160,143,FALLS_UNDER
4161,143,FALLS_UNDER
4162,142,FALLS_UNDER
4163,142,FALLS_UNDER
4164,142,FALLS_UNDER
4165,144,FALLS_UNDER
4166,143,FALLS_UNDER
4167,142,FALLS_UNDER
4168,142,FALLS_UNDER
4169,143,FALLS_UNDER
4170,144,FALLS_UNDER
4171,281,FALLS_UNDER
4172,142,FALLS_UNDER
4173,142,FALLS_UNDER
4174,142,FALLS_UNDER
4175,143,FALLS_UNDER
4176,144,FALLS_UNDER
4177,143,FALLS_UNDER
4178,143,FALLS_UNDER
4179,142,FALLS_UNDER
4180,143,FALLS_UNDER
4181,143,FALLS_UNDER
4182,142,FALLS_UNDER
4183,143,FALLS_UNDER
4184,281,FALLS_UNDER
4185,143,FALLS_UNDER
4186,143,FALLS_UNDER
4187,143,FALLS_UNDER
4188,143,FALLS_UNDER
4189,142,FALLS_UNDER
4190,143,FALLS_UNDER
4191,143,FALLS_UNDER
4192,143,FALLS_UNDER
4193,142,FALLS_UNDER
4194,142,FALLS_UNDER
4195,142,FALLS_UNDER
4196,143,FALLS_UNDER
4197,143,FALLS_UNDER
4198,281,FALLS_UNDER
4199,143,FALLS_UNDER
4200,143,FALLS_UNDER
4201,143,FALLS_UNDER
4202,142,FALLS_UNDER
4203,143,FALLS_UNDER
4204,142,FALLS_UNDER
4205,142,FALLS_UNDER
4206,142,FALLS_UNDER
4207,143,FALLS_UNDER
4208,142,FALLS_UNDER
4209,142,FALLS_UNDER
4210,143,FALLS_UNDER
4211,143,FALLS_UNDER
4212,143,FALLS_UNDER
4213,143,FALLS_UNDER
4214,142,FALLS_UNDER
4215,142,FALLS_UNDER
4216,142,FALLS_UNDER
4217,143,FALLS_UNDER
4218,142,FALLS_UNDER
4219,143,FALLS_UNDER
4220,281,FALLS_UNDER
4221,142,FALLS_UNDER
4222,142,FALLS_UNDER
4223,142,FALLS_UNDER
4224,143,FALLS_UNDER
4225,142,FALLS_UNDER
4226,143,FALLS_UNDER
4227,143,FALLS_UNDER
4228,142,FALLS_UNDER
4229,142,FALLS_UNDER
4230,143,FALLS_UNDER
4231,142,FALLS_UNDER
4232,142,FALLS_UNDER
4233,142,FALLS_UNDER
4234,142,FALLS_UNDER
4237,143,FALLS_UNDER
4238,143,FALLS_UNDER
4239,143,FALLS_UNDER
4240,142,FALLS_UNDER
4241,142,FALLS_UNDER
4242,143,FALLS_UNDER
4243,142,FALLS_UNDER
4244,142,FALLS_UNDER
4245,143,FALLS_UNDER
4246,142,FALLS_UNDER
4247,142,FALLS_UNDER
4248,143,FALLS_UNDER
4249,143,FALLS_UNDER
4250,143,FALLS_UNDER
4251,143,FALLS_UNDER
4252,281,FALLS_UNDER
4253,142,FALLS_UNDER
4254,281,FALLS_UNDER
4255,143,FALLS_UNDER
4256,143,FALLS_UNDER
4257,143,FALLS_UNDER
4258,142,FALLS_UNDER
4259,143,FALLS_UNDER
4260,143,FALLS_UNDER
4261,143,FALLS_UNDER
4262,142,FALLS_UNDER
4263,142,FALLS_UNDER
4264,143,FALLS_UNDER
4265,143,FALLS_UNDER
4266,143,FALLS_UNDER
4267,142,FALLS_UNDER
4268,142,FALLS_UNDER
4269,143,FALLS_UNDER
4270,142,FALLS_UNDER
4271,142,FALLS_UNDER
4272,143,FALLS_UNDER
4273,143,FALLS_UNDER
4274,143,FALLS_UNDER
4275,144,FALLS_UNDER
4276,142,FALLS_UNDER
4277,142,FALLS_UNDER
4278,143,FALLS_UNDER
4279,143,FALLS_UNDER
4280,142,FALLS_UNDER
4281,142,FALLS_UNDER
4282,142,FALLS_UNDER
4283,143,FALLS_UNDER
4284,142,FALLS_UNDER
4285,142,FALLS_UNDER
4286,143,FALLS_UNDER
4287,143,FALLS_UNDER
4288,143,FALLS_UNDER
4289,142,FALLS_UNDER
4290,143,FALLS_UNDER
4291,143,FALLS_UNDER
4292,142,FALLS_UNDER
4293,142,FALLS_UNDER
4294,143,FALLS_UNDER
4295,143,FALLS_UNDER
4296,143,FALLS_UNDER
4297,142,FALLS_UNDER
4298,143,FALLS_UNDER
4299,143,FALLS_UNDER
4300,142,FALLS_UNDER
4301,143,FALLS_UNDER
4302,143,FALLS_UNDER
4303,142,FALLS_UNDER
4304,143,FALLS_UNDER
4305,143,FALLS_UNDER
4306,142,FALLS_UNDER
4307,142,FALLS_UNDER
4308,142,FALLS_UNDER
4309,142,FALLS_UNDER
4310,142,FALLS_UNDER
4311,142,FALLS_UNDER
4312,143,FALLS_UNDER
4313,281,FALLS_UNDER
4314,143,FALLS_UNDER
4315,142,FALLS_UNDER
4316,142,FALLS_UNDER
4317,142,FALLS_UNDER
4318,142,FALLS_UNDER
4319,142,FALLS_UNDER
4320,143,FALLS_UNDER
4321,142,FALLS_UNDER
4322,143,FALLS_UNDER
4323,142,FALLS_UNDER
4324,142,FALLS_UNDER
4325,143,FALLS_UNDER
4326,143,FALLS_UNDER
4327,142,FALLS_UNDER
4328,143,FALLS_UNDER
4329,142,FALLS_UNDER
4330,142,FALLS_UNDER
4331,142,FALLS_UNDER
4332,143,FALLS_UNDER
4333,142,FALLS_UNDER
4334,143,FALLS_UNDER
4335,142,FALLS_UNDER
4336,143,FALLS_UNDER
4337,143,FALLS_UNDER
4338,143,FALLS_UNDER
4339,143,FALLS_UNDER
4340,142,FALLS_UNDER
4341,143,FALLS_UNDER
4342,143,FALLS_UNDER
4343,143,FALLS_UNDER
4344,143,FALLS_UNDER
4345,142,FALLS_UNDER
4346,143,FALLS_UNDER
4347,142,FALLS_UNDER
4348,142,FALLS_UNDER
4349,142,FALLS_UNDER
4350,142,FALLS_UNDER
4351,142,FALLS_UNDER
4352,142,FALLS_UNDER
4353,142,FALLS_UNDER
4354,142,FALLS_UNDER
4355,143,FALLS_UNDER
4356,142,FALLS_UNDER
4357,142,FALLS_UNDER
4358,143,FALLS_UNDER
4359,142,FALLS_UNDER
4360,144,FALLS_UNDER
4361,143,FALLS_UNDER
4362,142,FALLS_UNDER
4363,142,FALLS_UNDER
4364,143,FALLS_UNDER
4365,143,FALLS_UNDER
4366,143,FALLS_UNDER
4367,142,FALLS_UNDER
4368,143,FALLS_UNDER
4369,281,FALLS_UNDER
4370,281,FALLS_UNDER
4371,142,FALLS_UNDER
4372,142,FALLS_UNDER
4373,142,FALLS_UNDER
4374,142,FALLS_UNDER
4375,143,FALLS_UNDER
4376,142,FALLS_UNDER
4377,142,FALLS_UNDER
4378,281,FALLS_UNDER
4379,142,FALLS_UNDER
4380,143,FALLS_UNDER
4381,281,FALLS_UNDER
4382,143,FALLS_UNDER
4383,143,FALLS_UNDER
4384,142,FALLS_UNDER
4385,142,FALLS_UNDER
4386,143,FALLS_UNDER
4387,142,FALLS_UNDER
4388,142,FALLS_UNDER
4389,143,FALLS_UNDER
4390,142,FALLS_UNDER
4391,143,FALLS_UNDER
4392,143,FALLS_UNDER
4393,143,FALLS_UNDER
4394,142,FALLS_UNDER
4395,142,FALLS_UNDER
4396,142,FALLS_UNDER
4397,143,FALLS_UNDER
4398,143,FALLS_UNDER
4399,143,FALLS_UNDER
4400,143,FALLS_UNDER
4401,142,FALLS_UNDER
4402,143,FALLS_UNDER
4403,143,FALLS_UNDER
4404,142,FALLS_UNDER
4405,143,FALLS_UNDER
4406,142,FALLS_UNDER
4407,143,FALLS_UNDER
4408,143,FALLS_UNDER
4409,143,FALLS_UNDER
4410,144,FALLS_UNDER
4411,143,FALLS_UNDER
4412,143,FALLS_UNDER
4413,142,FALLS_UNDER
4414,143,FALLS_UNDER
4415,143,FALLS_UNDER
4416,142,FALLS_UNDER
4417,143,FALLS_UNDER
4418,144,FALLS_UNDER
4419,143,FALLS_UNDER
4420,142,FALLS_UNDER
4421,142,FALLS_UNDER
4422,142,FALLS_UNDER
4423,143,FALLS_UNDER
4424,143,FALLS_UNDER
4425,143,FALLS_UNDER
4426,143,FALLS_UNDER
4427,142,FALLS_UNDER
4428,142,FALLS_UNDER
4429,143,FALLS_UNDER
4430,143,FALLS_UNDER
4431,143,FALLS_UNDER
4432,142,FALLS_UNDER
4433,142,FALLS_UNDER
4434,142,FALLS_UNDER
4435,143,FALLS_UNDER
4436,281,FALLS_UNDER
4437,142,FALLS_UNDER
4438,142,FALLS_UNDER
4439,142,FALLS_UNDER
4440,142,FALLS_UNDER
4441,143,FALLS_UNDER
4442,142,FALLS_UNDER
4443,142,FALLS_UNDER
4444,142,FALLS_UNDER
4445,143,FALLS_UNDER
4446,143,FALLS_UNDER
4447,143,FALLS_UNDER
