:ID,primaryid:long,:LABEL
9660,101678656,Therapy
9661,101980392,Therapy
9662,103829296,Therapy
9663,104833856,Therapy
9664,107082202,Therapy
9665,107341882,Therapy
9666,107526832,Therapy
9667,108604323,Therapy
9668,108930083,Therapy
9669,109543792,Therapy
9670,109680226,Therapy
9671,109705882,Therapy
9672,109793992,Therapy
9673,109953332,Therapy
9674,110229263,Therapy
9675,110450415,Therapy
9676,110839482,Therapy
9677,111048356,Therapy
9678,111234763,Therapy
9679,111530912,Therapy
9680,111791005,Therapy
9681,111811932,Therapy
9682,111935483,Therapy
9683,111950182,Therapy
9684,112334352,Therapy
9685,114273577,Therapy
9686,114790362,Therapy
9687,114807992,Therapy
9688,114878542,Therapy
9689,114885984,Therapy
9690,116571622,Therapy
9691,118808975,Therapy
9692,119119832,Therapy
9693,119515824,Therapy
9694,121498993,Therapy
9695,122726952,Therapy
9696,123187006,Therapy
9697,124428272,Therapy
9698,124447842,Therapy
9699,124490452,Therapy
9700,125275772,Therapy
9701,125565162,Therapy
9702,126006862,Therapy
9703,126073862,Therapy
9704,126085982,Therapy
9705,126195922,Therapy
9706,126241282,Therapy
9707,126304695,Therapy
9708,126558852,Therapy
9709,126560072,Therapy
9710,126560602,Therapy
9711,126560632,Therapy
9712,126560692,Therapy
9713,126810552,Therapy
9714,127082802,Therapy
9715,127214013,Therapy
9716,128379702,Therapy
9717,129178182,Therapy
9718,129246454,Therapy
9719,129448762,Therapy
9720,129503102,Therapy
9721,129749296,Therapy
9722,130092244,Therapy
9723,130237442,Therapy
9724,130369532,Therapy
9725,130824462,Therapy
9726,131027192,Therapy
9727,131222902,Therapy
9728,131233303,Therapy
9729,131308012,Therapy
9730,131351752,Therapy
9731,131351774,Therapy
9732,131549983,Therapy
9733,131586014,Therapy
9734,131718604,Therapy
9735,131892513,Therapy
9736,133662522,Therapy
9737,134069622,Therapy
9738,134388427,Therapy
9739,135045152,Therapy
9740,135154643,Therapy
9741,135291232,Therapy
9742,135402785,Therapy
9743,135580445,Therapy
9744,135918033,Therapy
9745,136087405,Therapy
9746,136547453,Therapy
9747,136913062,Therapy
9748,137088336,Therapy
9749,137143972,Therapy
9750,137344842,Therapy
9751,137608567,Therapy
9752,137769098,Therapy
9753,137864952,Therapy
9754,138317392,Therapy
9755,138355402,Therapy
9756,138596044,Therapy
9757,138692664,Therapy
9758,138704006,Therapy
9759,138790343,Therapy
9760,138790944,Therapy
9761,139183416,Therapy
9762,139268032,Therapy
9763,139301616,Therapy
9764,139514586,Therapy
9765,139619144,Therapy
9766,139872493,Therapy
9767,140074514,Therapy
9768,140486212,Therapy
9769,140543552,Therapy
9770,140829652,Therapy
9771,141076392,Therapy
9772,141231574,Therapy
9773,141339954,Therapy
9774,141458305,Therapy
9775,141503923,Therapy
9776,142001156,Therapy
9777,142122622,Therapy
9778,142409913,Therapy
9779,142877472,Therapy
9780,143096792,Therapy
9781,143314407,Therapy
9782,143524432,Therapy
9783,143820275,Therapy
9784,143852892,Therapy
9785,144613553,Therapy
9786,145097447,Therapy
9787,145097607,Therapy
9788,145978037,Therapy
9789,146059952,Therapy
9790,146120032,Therapy
9791,146158719,Therapy
9792,146319742,Therapy
9793,146730326,Therapy
9794,146736712,Therapy
9795,146883942,Therapy
9796,146884202,Therapy
9797,147053426,Therapy
9798,147053439,Therapy
9799,147058477,Therapy
9800,147065782,Therapy
9801,147144555,Therapy
9802,147161048,Therapy
9803,147164867,Therapy
9804,147164928,Therapy
9805,147169042,Therapy
9806,147242912,Therapy
9807,147299488,Therapy
9808,147300034,Therapy
9809,147300908,Therapy
9810,147301537,Therapy
9811,147305837,Therapy
9812,147306079,Therapy
9813,147307125,Therapy
9814,147307698,Therapy
9815,147339106,Therapy
9816,147343704,Therapy
9817,147355117,Therapy
9818,147377546,Therapy
9819,147551816,Therapy
9820,147562669,Therapy
9821,147642405,Therapy
9822,147808382,Therapy
9823,147892154,Therapy
9824,148089522,Therapy
9825,148172242,Therapy
9826,148491732,Therapy
9827,148545662,Therapy
9828,148590072,Therapy
9829,148714495,Therapy
9830,148977408,Therapy
9831,149038772,Therapy
9832,149110273,Therapy
9833,149144663,Therapy
9834,149146032,Therapy
9835,149180483,Therapy
9836,149207052,Therapy
9837,149223966,Therapy
9838,149328713,Therapy
9839,149383383,Therapy
9840,149495146,Therapy
9841,149646242,Therapy
9842,149863059,Therapy
9843,149863592,Therapy
9844,150158603,Therapy
9845,150227406,Therapy
9846,150599073,Therapy
9847,150801732,Therapy
9848,151485453,Therapy
9849,152082914,Therapy
9850,152297432,Therapy
9851,152297462,Therapy
9852,152297542,Therapy
9853,152300292,Therapy
9854,152300553,Therapy
9855,152300622,Therapy
9856,152301782,Therapy
9857,152302052,Therapy
9858,152302093,Therapy
9859,152302962,Therapy
9860,152305456,Therapy
9861,152310263,Therapy
9862,152349113,Therapy
9863,152654285,Therapy
9864,153130292,Therapy
9865,153178364,Therapy
9866,153234393,Therapy
9867,153310853,Therapy
9868,153583332,Therapy
9869,153668615,Therapy
9870,153723084,Therapy
9871,154290396,Therapy
9872,154347433,Therapy
9873,154531692,Therapy
9874,154622504,Therapy
9875,154701647,Therapy
9876,154743486,Therapy
9877,154957423,Therapy
9878,155188342,Therapy
9879,155259872,Therapy
9880,155656566,Therapy
9881,156034675,Therapy
9882,156052562,Therapy
9883,156130702,Therapy
9884,156283842,Therapy
9885,156335013,Therapy
9886,156336855,Therapy
9887,156521964,Therapy
9888,156615652,Therapy
9889,156736627,Therapy
9890,156996913,Therapy
9891,157303834,Therapy
9892,157383423,Therapy
9893,157414712,Therapy
9894,157420483,Therapy
9895,157634562,Therapy
9896,158002703,Therapy
9897,158227984,Therapy
9898,158264325,Therapy
9899,158340439,Therapy
9900,158623112,Therapy
9901,159032272,Therapy
9902,159314076,Therapy
9903,160098873,Therapy
9904,160491523,Therapy
9905,160564474,Therapy
9906,160590833,Therapy
9907,160672362,Therapy
9908,160774669,Therapy
9909,160790345,Therapy
9910,160908989,Therapy
9911,160918112,Therapy
9912,161228902,Therapy
9913,161231402,Therapy
9914,161267334,Therapy
9915,161338937,Therapy
9916,161489232,Therapy
9917,161568172,Therapy
9918,161714193,Therapy
9919,161872174,Therapy
9920,161979883,Therapy
9921,162000813,Therapy
9922,162132622,Therapy
9923,162135772,Therapy
9924,162579746,Therapy
9925,162622852,Therapy
9926,162660766,Therapy
9927,162668269,Therapy
9928,162669412,Therapy
9929,162758352,Therapy
9930,162861269,Therapy
9931,162987692,Therapy
9932,163114656,Therapy
9933,163125456,Therapy
9934,163230102,Therapy
9935,163243712,Therapy
9936,163266723,Therapy
9937,163346564,Therapy
9938,163576712,Therapy
9939,163658594,Therapy
9940,163824912,Therapy
9941,164084894,Therapy
9942,164113442,Therapy
9943,164121002,Therapy
9944,164146023,Therapy
9945,164148927,Therapy
9946,164223073,Therapy
9947,164368752,Therapy
9948,164470752,Therapy
9949,164492933,Therapy
9950,164527783,Therapy
9951,164600682,Therapy
9952,164661257,Therapy
9953,164684152,Therapy
9954,164878165,Therapy
9955,164981372,Therapy
9956,165219642,Therapy
9957,165465422,Therapy
9958,165466522,Therapy
9959,165467072,Therapy
9960,165581932,Therapy
9961,165750474,Therapy
9962,165849167,Therapy
9963,166147329,Therapy
9964,166602364,Therapy
9965,166638742,Therapy
9966,166648452,Therapy
9967,166650512,Therapy
9968,166650722,Therapy
9969,166651592,Therapy
9970,166652272,Therapy
9971,166652352,Therapy
9972,166652452,Therapy
9973,166662113,Therapy
9974,166667262,Therapy
9975,166667432,Therapy
9976,166667533,Therapy
9977,166667542,Therapy
9978,166721184,Therapy
9979,166890177,Therapy
9980,167067734,Therapy
9981,167074253,Therapy
9982,167076987,Therapy
9983,167142742,Therapy
9984,167191262,Therapy
9985,167309632,Therapy
9986,167317602,Therapy
9987,167405917,Therapy
9988,167442083,Therapy
9989,167452939,Therapy
9990,167542407,Therapy
9991,167593133,Therapy
9992,167648216,Therapy
9993,167703122,Therapy
9994,167776084,Therapy
9995,167792504,Therapy
9996,167871533,Therapy
9997,167916275,Therapy
9998,167967402,Therapy
9999,168021028,Therapy
10000,168184586,Therapy
10001,168268346,Therapy
10002,168283683,Therapy
10003,168284943,Therapy
10004,168351504,Therapy
10005,168351745,Therapy
10006,168410913,Therapy
10007,168502622,Therapy
10008,168564612,Therapy
10009,168625172,Therapy
10010,168918065,Therapy
10011,168945262,Therapy
10012,169005492,Therapy
10013,169118693,Therapy
10014,169212778,Therapy
10015,169249924,Therapy
10016,169268673,Therapy
10017,169277493,Therapy
10018,169332793,Therapy
10019,169350254,Therapy
10020,169444862,Therapy
10021,169580777,Therapy
10022,169616132,Therapy
10023,169631122,Therapy
10024,170333993,Therapy
10025,170377078,Therapy
10026,170389118,Therapy
10027,170389493,Therapy
10028,170547233,Therapy
10029,170561804,Therapy
10030,170680497,Therapy
10031,170705666,Therapy
10032,170790494,Therapy
10033,170848696,Therapy
10034,171030614,Therapy
10035,171052533,Therapy
10036,171201955,Therapy
10037,171312722,Therapy
10038,171431156,Therapy
10039,171589067,Therapy
10040,171599283,Therapy
10041,171600153,Therapy
10042,171801348,Therapy
10043,171829483,Therapy
10044,171886853,Therapy
10045,171965948,Therapy
10046,172018915,Therapy
10047,172043443,Therapy
10048,172045473,Therapy
10049,172104132,Therapy
10050,172110103,Therapy
10051,172113317,Therapy
10052,172167003,Therapy
10053,172208053,Therapy
10054,172288133,Therapy
10055,172465102,Therapy
10056,172688212,Therapy
10057,172775763,Therapy
10058,172776944,Therapy
10059,172916503,Therapy
10060,172993972,Therapy
10061,173344575,Therapy
10062,173505325,Therapy
10063,173515092,Therapy
10064,173521114,Therapy
10065,173574382,Therapy
10066,173595318,Therapy
10067,173599136,Therapy
10068,173657654,Therapy
10069,173726454,Therapy
10070,173773788,Therapy
10071,173908272,Therapy
10072,174113087,Therapy
10073,174139556,Therapy
10074,174272296,Therapy
10075,174280175,Therapy
10076,174297064,Therapy
10077,174298984,Therapy
10078,174505866,Therapy
10079,174643794,Therapy
10080,174694983,Therapy
10081,174775472,Therapy
10082,174886804,Therapy
10083,174967242,Therapy
10084,175001886,Therapy
10085,175089894,Therapy
10086,175335054,Therapy
10087,175349426,Therapy
10088,175356962,Therapy
10089,175424732,Therapy
10090,175536244,Therapy
10091,175675929,Therapy
10092,175691942,Therapy
10093,175817615,Therapy
10094,175853259,Therapy
10095,175927589,Therapy
10096,175950359,Therapy
10097,176178405,Therapy
10098,176190967,Therapy
10099,176353948,Therapy
10100,176483812,Therapy
10101,176607145,Therapy
10102,176632466,Therapy
10103,176652392,Therapy
10104,176653492,Therapy
10105,176715645,Therapy
10106,176785117,Therapy
10107,176853392,Therapy
10108,176853473,Therapy
10109,176863717,Therapy
10110,176903123,Therapy
10111,176919106,Therapy
10112,176932219,Therapy
10113,177023923,Therapy
10114,177092337,Therapy
10115,177124539,Therapy
10116,177196553,Therapy
10117,177313334,Therapy
10118,177406929,Therapy
10119,177651236,Therapy
10120,177747173,Therapy
10121,177758872,Therapy
10122,177780944,Therapy
10123,177793852,Therapy
10124,177837222,Therapy
10125,177843033,Therapy
10126,177963269,Therapy
10127,178058062,Therapy
10128,178062779,Therapy
10129,178085978,Therapy
10130,178121736,Therapy
10131,178147204,Therapy
10132,178214526,Therapy
10133,178237594,Therapy
10134,178309304,Therapy
10135,178353387,Therapy
10136,178354856,Therapy
10137,178377233,Therapy
10138,178393544,Therapy
10139,178405265,Therapy
10140,178467153,Therapy
10141,178467922,Therapy
10142,178538935,Therapy
10143,178581527,Therapy
10144,178659963,Therapy
10145,178667372,Therapy
10146,178768333,Therapy
10147,178852902,Therapy
10148,179069224,Therapy
10149,179085188,Therapy
10150,179116042,Therapy
10151,179145043,Therapy
10152,179282033,Therapy
10153,179420253,Therapy
10154,179503604,Therapy
10155,179587808,Therapy
10156,179599757,Therapy
10157,179651102,Therapy
10158,179851193,Therapy
10159,179933022,Therapy
10160,179949433,Therapy
10161,180019197,Therapy
10162,180026322,Therapy
10163,180030552,Therapy
10164,180047004,Therapy
10165,180090572,Therapy
10166,180294603,Therapy
10167,180430975,Therapy
10168,180447224,Therapy
10169,180504414,Therapy
10170,180540713,Therapy
10171,180564584,Therapy
10172,180581399,Therapy
10173,180596442,Therapy
10174,180609342,Therapy
10175,180692452,Therapy
10176,180767443,Therapy
10177,180861122,Therapy
10178,180920133,Therapy
10179,181065766,Therapy
10180,181141097,Therapy
10181,181147903,Therapy
10182,181160982,Therapy
10183,181190735,Therapy
10184,181212672,Therapy
10185,181586767,Therapy
10186,181605327,Therapy
10187,181621002,Therapy
10188,181642486,Therapy
10189,181733774,Therapy
10190,181817322,Therapy
10191,181834244,Therapy
10192,181883712,Therapy
10193,181916137,Therapy
10194,181963012,Therapy
10195,182025197,Therapy
10196,182073172,Therapy
10197,182095154,Therapy
10198,182137004,Therapy
10199,182153894,Therapy
10200,182170874,Therapy
10201,182172643,Therapy
10202,182179653,Therapy
10203,182190053,Therapy
10204,182238743,Therapy
10205,182242095,Therapy
10206,182245202,Therapy
10207,182324052,Therapy
10208,182386102,Therapy
10209,182444695,Therapy
10210,182504376,Therapy
10211,182511912,Therapy
10212,182523352,Therapy
10213,182621466,Therapy
10214,182675262,Therapy
10215,182685473,Therapy
10216,182698283,Therapy
10217,182708515,Therapy
10218,182759504,Therapy
10219,182890449,Therapy
10220,182917473,Therapy
10221,182975463,Therapy
10222,182989183,Therapy
10223,182990114,Therapy
10224,183001302,Therapy
10225,183142238,Therapy
10226,183147275,Therapy
10227,183181416,Therapy
10228,183198256,Therapy
10229,183319615,Therapy
10230,183338833,Therapy
10231,183358157,Therapy
10232,183362532,Therapy
10233,183371173,Therapy
10234,183386672,Therapy
10235,183387202,Therapy
10236,183387442,Therapy
10237,183387482,Therapy
10238,183387492,Therapy
10239,183387592,Therapy
10240,183387622,Therapy
10241,183387642,Therapy
10242,183387652,Therapy
10243,183438642,Therapy
10244,183493865,Therapy
10245,183600383,Therapy
10246,183659774,Therapy
10247,183775423,Therapy
10248,183775792,Therapy
10249,183805267,Therapy
10250,183832722,Therapy
10251,183838084,Therapy
10252,183875994,Therapy
10253,183918307,Therapy
10254,183944126,Therapy
10255,183974292,Therapy
10256,183992425,Therapy
10257,184017806,Therapy
10258,184126373,Therapy
10259,184129462,Therapy
10260,184145762,Therapy
10261,184168662,Therapy
10262,184182109,Therapy
10263,184248713,Therapy
10264,184294284,Therapy
10265,184366504,Therapy
10266,184379734,Therapy
10267,184382254,Therapy
10268,184403653,Therapy
10269,184421764,Therapy
10270,184493523,Therapy
10271,184498883,Therapy
10272,184540952,Therapy
10273,184606695,Therapy
10274,184795472,Therapy
10275,184818806,Therapy
10276,184870046,Therapy
10277,184898502,Therapy
10278,184933134,Therapy
10279,185035203,Therapy
10280,185074192,Therapy
10281,185103624,Therapy
10282,185139675,Therapy
10283,185161654,Therapy
10284,185231133,Therapy
10285,185258594,Therapy
10286,185265695,Therapy
10287,185268126,Therapy
10288,185282074,Therapy
10289,185376829,Therapy
10290,185377524,Therapy
10291,185395163,Therapy
10292,185502464,Therapy
10293,185586546,Therapy
10294,185658633,Therapy
10295,185664083,Therapy
10296,185699753,Therapy
10297,185818937,Therapy
10298,185827043,Therapy
10299,185865155,Therapy
10300,185881092,Therapy
10301,185887983,Therapy
10302,185909374,Therapy
10303,185942634,Therapy
10304,185951425,Therapy
10305,185976656,Therapy
10306,185988572,Therapy
10307,186049154,Therapy
10308,186087045,Therapy
10309,186117464,Therapy
10310,186127266,Therapy
10311,186154102,Therapy
10312,186198454,Therapy
10313,186203292,Therapy
10314,186232942,Therapy
10315,186274864,Therapy
10316,186277273,Therapy
10317,186336122,Therapy
10318,186387534,Therapy
10319,186450812,Therapy
10320,186459475,Therapy
10321,186467854,Therapy
10322,186513298,Therapy
10323,186519479,Therapy
10324,186570632,Therapy
10325,186575522,Therapy
10326,186649444,Therapy
10327,186713562,Therapy
10328,186754802,Therapy
10329,186755366,Therapy
10330,186771393,Therapy
10331,186781058,Therapy
10332,186808396,Therapy
10333,186856584,Therapy
10334,186896572,Therapy
10335,186960352,Therapy
10336,186976807,Therapy
10337,187061102,Therapy
10338,187067312,Therapy
10339,187097745,Therapy
10340,187115232,Therapy
10341,187297945,Therapy
10342,187357252,Therapy
10343,187367382,Therapy
10344,187450058,Therapy
10345,187472144,Therapy
10346,187491614,Therapy
10347,187609195,Therapy
10348,187621575,Therapy
10349,187701732,Therapy
10350,187702553,Therapy
10351,187713132,Therapy
10352,187834976,Therapy
10353,187858732,Therapy
10354,187866262,Therapy
10355,187873926,Therapy
10356,187896514,Therapy
10357,187912147,Therapy
10358,187938867,Therapy
10359,187999172,Therapy
10360,188001054,Therapy
10361,188025965,Therapy
10362,188088952,Therapy
10363,188215064,Therapy
10364,188245024,Therapy
10365,188468524,Therapy
10366,188482894,Therapy
10367,188488608,Therapy
10368,188546502,Therapy
10369,188607313,Therapy
10370,188611305,Therapy
10371,188636942,Therapy
10372,188715432,Therapy
10373,188754232,Therapy
10374,188757054,Therapy
10375,188758443,Therapy
10376,188767933,Therapy
10377,188774357,Therapy
10378,188802166,Therapy
10379,188811802,Therapy
10380,188818153,Therapy
10381,188837784,Therapy
10382,188847548,Therapy
10383,188934025,Therapy
10384,188990496,Therapy
10385,189024329,Therapy
10386,189025305,Therapy
10387,189061723,Therapy
10388,189172653,Therapy
10389,189173065,Therapy
10390,189176948,Therapy
10391,189181513,Therapy
10392,189212419,Therapy
10393,189227464,Therapy
10394,189279223,Therapy
10395,189295224,Therapy
10396,189301924,Therapy
10397,189310016,Therapy
10398,189323522,Therapy
10399,189324985,Therapy
10400,189381228,Therapy
10401,189381494,Therapy
10402,189449516,Therapy
10403,189472284,Therapy
10404,189544669,Therapy
10405,189547523,Therapy
10406,189548853,Therapy
10407,189560982,Therapy
10408,189618882,Therapy
10409,189629853,Therapy
10410,189635895,Therapy
10411,189655263,Therapy
10412,189660397,Therapy
10413,189697582,Therapy
10414,189724149,Therapy
10415,189737187,Therapy
10416,189756248,Therapy
10417,189759892,Therapy
10418,189774323,Therapy
10419,189788262,Therapy
10420,189821302,Therapy
10421,189855786,Therapy
10422,189965362,Therapy
10423,190001952,Therapy
10424,190010455,Therapy
10425,190015333,Therapy
10426,190036962,Therapy
10427,190037325,Therapy
10428,190041413,Therapy
10429,190043996,Therapy
10430,190087266,Therapy
10431,190095602,Therapy
10432,190111742,Therapy
10433,190115585,Therapy
10434,190130033,Therapy
10435,190207032,Therapy
10436,190265843,Therapy
10437,190328023,Therapy
10438,190368376,Therapy
10439,190392333,Therapy
10440,190394292,Therapy
10441,190406923,Therapy
10442,190430292,Therapy
10443,190482023,Therapy
10444,190505992,Therapy
10445,190517862,Therapy
10446,190584004,Therapy
10447,190584452,Therapy
10448,190615972,Therapy
10449,190677947,Therapy
10450,190678139,Therapy
10451,190692452,Therapy
10452,190703435,Therapy
10453,190718492,Therapy
10454,190719782,Therapy
10455,190725562,Therapy
10456,190745153,Therapy
10457,190805543,Therapy
10458,190805745,Therapy
10459,190805914,Therapy
10460,190838542,Therapy
10461,190840433,Therapy
10462,190847514,Therapy
10463,190848264,Therapy
10464,190853103,Therapy
10465,190854602,Therapy
10466,190864244,Therapy
10467,190885562,Therapy
10468,190915932,Therapy
10469,190926348,Therapy
10470,190930544,Therapy
10471,190951192,Therapy
10472,190963234,Therapy
10473,190974845,Therapy
10474,190997992,Therapy
10475,191006083,Therapy
10476,191039614,Therapy
10477,191059062,Therapy
10478,191069508,Therapy
10479,191100083,Therapy
10480,191125386,Therapy
10481,191132943,Therapy
10482,191208283,Therapy
10483,191249743,Therapy
10484,191257682,Therapy
10485,191305203,Therapy
10486,191305665,Therapy
10487,191338532,Therapy
10488,191423853,Therapy
10489,191441713,Therapy
10490,191443083,Therapy
10491,191466624,Therapy
10492,191513176,Therapy
10493,191546158,Therapy
10494,191554132,Therapy
10495,191587503,Therapy
10496,191592983,Therapy
10497,191599903,Therapy
10498,191613025,Therapy
10499,191615685,Therapy
10500,191619203,Therapy
10501,191640363,Therapy
10502,191648622,Therapy
10503,191656412,Therapy
10504,191656592,Therapy
10505,191656802,Therapy
10506,191659234,Therapy
10507,191659905,Therapy
10508,191661293,Therapy
10509,191664654,Therapy
10510,191668213,Therapy
10511,191669682,Therapy
10512,191676287,Therapy
10513,191677604,Therapy
10514,191684612,Therapy
10515,191721914,Therapy
10516,191739953,Therapy
10517,191745642,Therapy
10518,191763904,Therapy
10519,191781354,Therapy
10520,191794856,Therapy
10521,191799292,Therapy
10522,191814453,Therapy
10523,191824043,Therapy
10524,191826865,Therapy
10525,191857982,Therapy
10526,191859253,Therapy
10527,191861866,Therapy
10528,191863392,Therapy
10529,191867212,Therapy
10530,191868592,Therapy
10531,191872752,Therapy
10532,191882465,Therapy
10533,191884932,Therapy
10534,191893042,Therapy
10535,191898572,Therapy
10536,191913004,Therapy
10537,191913102,Therapy
10538,191917003,Therapy
10539,191923505,Therapy
10540,191937962,Therapy
10541,191945955,Therapy
10542,191948042,Therapy
10543,191952122,Therapy
10544,191965453,Therapy
10545,192014502,Therapy
10546,192025186,Therapy
10547,192027592,Therapy
10548,192073682,Therapy
10549,192081362,Therapy
10550,192088762,Therapy
10551,192103299,Therapy
10552,192123044,Therapy
10553,192145533,Therapy
10554,192180184,Therapy
10555,192197493,Therapy
10556,192212693,Therapy
10557,192217512,Therapy
10558,192226883,Therapy
10559,192229584,Therapy
10560,192238882,Therapy
10561,192256853,Therapy
10562,192277352,Therapy
10563,192289633,Therapy
10564,192305292,Therapy
10565,192309073,Therapy
10566,192310323,Therapy
10567,192313773,Therapy
10568,192321523,Therapy
10569,192329548,Therapy
10570,192342112,Therapy
10571,192343886,Therapy
10572,192344663,Therapy
10573,192361702,Therapy
10574,192369044,Therapy
10575,192379763,Therapy
10576,192380172,Therapy
10577,192389824,Therapy
10578,192392682,Therapy
10579,192399272,Therapy
10580,192401413,Therapy
10581,192403733,Therapy
10582,192412393,Therapy
10583,192415584,Therapy
10584,192430883,Therapy
10585,192433234,Therapy
10586,192443695,Therapy
10587,192448382,Therapy
10588,192460048,Therapy
10589,192464984,Therapy
10590,192478118,Therapy
10591,192479523,Therapy
10592,192482082,Therapy
10593,192511042,Therapy
10594,192512362,Therapy
10595,192534442,Therapy
10596,192550863,Therapy
10597,192550913,Therapy
10598,192554243,Therapy
10599,192555485,Therapy
10600,192566942,Therapy
10601,192568284,Therapy
10602,192569423,Therapy
10603,192576233,Therapy
10604,192586123,Therapy
10605,192587243,Therapy
10606,192588683,Therapy
10607,192594125,Therapy
10608,192595464,Therapy
10609,192606554,Therapy
10610,192615714,Therapy
10611,192630743,Therapy
10612,192635832,Therapy
10613,192642126,Therapy
10614,192652092,Therapy
10615,192657282,Therapy
10616,192660932,Therapy
10617,192663552,Therapy
10618,192689957,Therapy
10619,192693504,Therapy
10620,192712782,Therapy
10621,192733612,Therapy
10622,192736543,Therapy
10623,192737722,Therapy
10624,192739712,Therapy
10625,192740633,Therapy
10626,192755154,Therapy
10627,192763332,Therapy
10628,192763354,Therapy
10629,192768413,Therapy
10630,192785923,Therapy
10631,192794292,Therapy
10632,192796934,Therapy
10633,192798837,Therapy
10634,192799024,Therapy
10635,192801762,Therapy
10636,192806173,Therapy
10637,192808355,Therapy
10638,192816812,Therapy
10639,192818053,Therapy
10640,192820402,Therapy
10641,192820542,Therapy
10642,192821266,Therapy
10643,192822942,Therapy
10644,192827353,Therapy
10645,192871962,Therapy
10646,192878793,Therapy
10647,192882304,Therapy
10648,192888783,Therapy
10649,192908766,Therapy
10650,192920162,Therapy
10651,192952133,Therapy
10652,192952783,Therapy
10653,192957582,Therapy
10654,192979313,Therapy
10655,192990035,Therapy
10656,192992223,Therapy
10657,193003864,Therapy
10658,193008498,Therapy
10659,193065332,Therapy
10660,193078652,Therapy
10661,193086922,Therapy
10662,193097782,Therapy
10663,193106313,Therapy
10664,193106863,Therapy
10665,193112602,Therapy
10666,193138182,Therapy
10667,193164524,Therapy
10668,193173482,Therapy
10669,193186212,Therapy
10670,193202753,Therapy
10671,193210462,Therapy
10672,193221353,Therapy
10673,193257782,Therapy
10674,193287513,Therapy
10675,193287655,Therapy
10676,193369663,Therapy
10677,193509423,Therapy
10678,193523303,Therapy
10679,193525508,Therapy
10680,193526003,Therapy
10681,193542662,Therapy
10682,193567032,Therapy
10683,193571716,Therapy
10684,193587484,Therapy
10685,193591014,Therapy
10686,193599923,Therapy
10687,193601182,Therapy
10688,193607893,Therapy
10689,193622772,Therapy
10690,193642982,Therapy
10691,193644292,Therapy
10692,193648464,Therapy
10693,193667412,Therapy
10694,193669312,Therapy
10695,193670572,Therapy
10696,193673032,Therapy
10697,193684432,Therapy
10698,193686624,Therapy
10699,193696063,Therapy
10700,193708372,Therapy
10701,193721972,Therapy
10702,193732754,Therapy
10703,193749372,Therapy
10704,193757843,Therapy
10705,193759256,Therapy
10706,193765764,Therapy
10707,193766902,Therapy
10708,193775794,Therapy
10709,193779273,Therapy
10710,193779497,Therapy
10711,193781722,Therapy
10712,193782682,Therapy
10713,193787242,Therapy
10714,193788712,Therapy
10715,193789672,Therapy
10716,193795762,Therapy
10717,193802263,Therapy
10718,193813542,Therapy
10719,193814082,Therapy
10720,193822492,Therapy
10721,193825283,Therapy
10722,193827022,Therapy
10723,193828633,Therapy
10724,193835372,Therapy
10725,193848203,Therapy
10726,193857963,Therapy
10727,193865963,Therapy
10728,193866322,Therapy
10729,193868333,Therapy
10730,193871432,Therapy
10731,193891573,Therapy
10732,193898642,Therapy
10733,193900383,Therapy
10734,193901623,Therapy
10735,193901934,Therapy
10736,193903533,Therapy
10737,193905482,Therapy
10738,193912554,Therapy
10739,193913092,Therapy
10740,193915262,Therapy
10741,193920723,Therapy
10742,193921482,Therapy
10743,193932954,Therapy
10744,193941234,Therapy
10745,193950362,Therapy
10746,193951792,Therapy
10747,193953713,Therapy
10748,193957122,Therapy
10749,193958032,Therapy
10750,193959422,Therapy
10751,193963364,Therapy
10752,193971515,Therapy
10753,193973302,Therapy
10754,193980832,Therapy
10755,193993382,Therapy
10756,193994172,Therapy
10757,194000422,Therapy
10758,194004842,Therapy
10759,194033483,Therapy
10760,194052592,Therapy
10761,194065285,Therapy
10762,194067952,Therapy
10763,194069582,Therapy
10764,194071803,Therapy
10765,194081652,Therapy
10766,194081802,Therapy
10767,194089823,Therapy
10768,194101082,Therapy
10769,194105793,Therapy
10770,194109555,Therapy
10771,194110122,Therapy
10772,194123394,Therapy
10773,194134422,Therapy
10774,194134985,Therapy
10775,194135963,Therapy
10776,194137843,Therapy
10777,194142972,Therapy
10778,194148282,Therapy
10779,194175502,Therapy
10780,194175562,Therapy
10781,194189212,Therapy
10782,194190382,Therapy
10783,194197842,Therapy
10784,194200763,Therapy
10785,194205092,Therapy
10786,194208522,Therapy
10787,194211172,Therapy
10788,194221102,Therapy
10789,194222422,Therapy
10790,194229912,Therapy
10791,194240002,Therapy
10792,194240662,Therapy
10793,194241202,Therapy
10794,194251192,Therapy
10795,194252014,Therapy
10796,194253872,Therapy
10797,194253953,Therapy
10798,194261014,Therapy
10799,194262312,Therapy
10800,194263852,Therapy
10801,194271662,Therapy
10802,194275236,Therapy
10803,194281142,Therapy
10804,194284464,Therapy
10805,194290503,Therapy
10806,194290652,Therapy
10807,194295282,Therapy
10808,194300322,Therapy
10809,194303026,Therapy
10810,194308193,Therapy
10811,194309373,Therapy
10812,194317226,Therapy
10813,194317373,Therapy
10814,194322962,Therapy
10815,194323082,Therapy
10816,194323962,Therapy
10817,194325962,Therapy
10818,194335322,Therapy
10819,194345725,Therapy
10820,194357823,Therapy
10821,194360553,Therapy
10822,194364123,Therapy
10823,194365543,Therapy
10824,194366662,Therapy
10825,194366842,Therapy
10826,194373382,Therapy
10827,194380742,Therapy
10828,194380984,Therapy
10829,194383342,Therapy
10830,194393602,Therapy
10831,194395684,Therapy
10832,194403642,Therapy
10833,194407393,Therapy
10834,194410554,Therapy
10835,194413192,Therapy
10836,194436362,Therapy
10837,194436532,Therapy
10838,194439756,Therapy
10839,194440482,Therapy
10840,194443852,Therapy
10841,194453133,Therapy
10842,194471202,Therapy
10843,194471322,Therapy
10844,194478574,Therapy
10845,194481932,Therapy
10846,194490457,Therapy
10847,194493322,Therapy
10848,194493832,Therapy
10849,194496603,Therapy
10850,194498602,Therapy
10851,194499572,Therapy
10852,194500305,Therapy
10853,194504292,Therapy
10854,194504662,Therapy
10855,194507195,Therapy
10856,194507592,Therapy
10857,194510163,Therapy
10858,194518183,Therapy
10859,194518362,Therapy
10860,194523422,Therapy
10861,194523465,Therapy
10862,194524982,Therapy
10863,194541802,Therapy
10864,194543692,Therapy
10865,194543804,Therapy
10866,194545262,Therapy
10867,194545513,Therapy
10868,194550705,Therapy
10869,194553103,Therapy
10870,194561433,Therapy
10871,194563813,Therapy
10872,194569972,Therapy
10873,194571913,Therapy
10874,194573913,Therapy
10875,194575202,Therapy
10876,194584532,Therapy
10877,194585132,Therapy
10878,194586423,Therapy
10879,194590762,Therapy
10880,194591952,Therapy
10881,194593142,Therapy
10882,194597083,Therapy
10883,194610692,Therapy
10884,194610862,Therapy
10885,194616702,Therapy
10886,194618232,Therapy
10887,194622992,Therapy
10888,194625583,Therapy
10889,194627113,Therapy
10890,194628604,Therapy
10891,194629322,Therapy
10892,194636803,Therapy
10893,194638322,Therapy
10894,194640995,Therapy
10895,194642094,Therapy
10896,194655702,Therapy
10897,194656804,Therapy
10898,194662902,Therapy
10899,194663992,Therapy
10900,194665512,Therapy
10901,194685733,Therapy
10902,194688862,Therapy
10903,194700872,Therapy
10904,194706932,Therapy
10905,194707122,Therapy
10906,194714772,Therapy
10907,194714922,Therapy
10908,194721803,Therapy
10909,194724075,Therapy
10910,194727902,Therapy
10911,194734552,Therapy
10912,194734792,Therapy
10913,194737512,Therapy
10914,194743492,Therapy
10915,194760742,Therapy
10916,194764893,Therapy
10917,194772832,Therapy
10918,194778712,Therapy
10919,194779502,Therapy
10920,194789132,Therapy
10921,194795843,Therapy
10922,194797952,Therapy
10923,194799744,Therapy
10924,194803642,Therapy
10925,194808703,Therapy
10926,194809262,Therapy
10927,194816731,Therapy
10928,194818011,Therapy
10929,194821521,Therapy
10930,194821881,Therapy
10931,194822998,Therapy
10932,194830011,Therapy
10933,194832662,Therapy
10934,194835401,Therapy
10935,194837341,Therapy
10936,194837631,Therapy
10937,194838482,Therapy
10938,194841201,Therapy
10939,194841531,Therapy
10940,194842631,Therapy
10941,194844605,Therapy
10942,194845013,Therapy
10943,194846161,Therapy
10944,194856531,Therapy
10945,194857071,Therapy
10946,194858271,Therapy
10947,194861221,Therapy
10948,194869191,Therapy
10949,194869561,Therapy
10950,194871112,Therapy
10951,194872822,Therapy
10952,194875612,Therapy
10953,194877241,Therapy
10954,194878727,Therapy
10955,194879162,Therapy
10956,194881301,Therapy
10957,194882361,Therapy
10958,194883101,Therapy
10959,194884161,Therapy
10960,194884761,Therapy
10961,194886002,Therapy
10962,194886253,Therapy
10963,194887742,Therapy
10964,194887871,Therapy
10965,194887972,Therapy
10966,194890262,Therapy
10967,194890461,Therapy
10968,194891991,Therapy
10969,194893973,Therapy
10970,194898652,Therapy
10971,194898812,Therapy
10972,194905072,Therapy
10973,194905723,Therapy
10974,194912933,Therapy
10975,194912961,Therapy
10976,194927043,Therapy
10977,194929301,Therapy
10978,194930431,Therapy
10979,194932191,Therapy
10980,194934512,Therapy
10981,194936031,Therapy
10982,194936552,Therapy
10983,194939784,Therapy
10984,194940426,Therapy
10985,194940863,Therapy
10986,194951822,Therapy
10987,194952061,Therapy
10988,194954061,Therapy
10989,194956883,Therapy
10990,194956981,Therapy
10991,194958422,Therapy
10992,194960252,Therapy
10993,194961481,Therapy
10994,194971441,Therapy
10995,194975393,Therapy
10996,194978153,Therapy
10997,194981761,Therapy
10998,194981853,Therapy
10999,194983671,Therapy
11000,194985871,Therapy
11001,194986753,Therapy
11002,194986851,Therapy
11003,194987232,Therapy
11004,194987751,Therapy
11005,194988041,Therapy
11006,194988613,Therapy
11007,194988682,Therapy
11008,194989171,Therapy
11009,194989593,Therapy
11010,194989731,Therapy
11011,194990041,Therapy
11012,194990131,Therapy
11013,194990151,Therapy
11014,194990611,Therapy
11015,194992352,Therapy
11016,194996151,Therapy
11017,194997221,Therapy
11018,194998842,Therapy
11019,195000351,Therapy
11020,195001551,Therapy
11021,195005044,Therapy
11022,195005362,Therapy
11023,195005652,Therapy
11024,195009654,Therapy
11025,195019153,Therapy
11026,195023692,Therapy
11027,195023863,Therapy
11028,195026981,Therapy
11029,195031141,Therapy
11030,195032471,Therapy
11031,195035472,Therapy
11032,195038593,Therapy
11033,195038901,Therapy
11034,195039922,Therapy
11035,195041081,Therapy
11036,195043131,Therapy
11037,195047812,Therapy
11038,195048521,Therapy
11039,195049644,Therapy
11040,195053181,Therapy
11041,195058011,Therapy
11042,195058712,Therapy
11043,195059621,Therapy
11044,195060651,Therapy
11045,195061371,Therapy
11046,195061561,Therapy
11047,195062271,Therapy
11048,195062421,Therapy
11049,195063335,Therapy
11050,195064302,Therapy
11051,195064401,Therapy
11052,195064441,Therapy
11053,195064662,Therapy
11054,195065571,Therapy
11055,195065992,Therapy
11056,195066092,Therapy
11057,195066442,Therapy
11058,195066712,Therapy
11059,195066932,Therapy
11060,195067342,Therapy
11061,195067701,Therapy
11062,195067802,Therapy
11063,195068974,Therapy
11064,195069394,Therapy
11065,195073341,Therapy
11066,195073362,Therapy
11067,195075341,Therapy
11068,195076812,Therapy
11069,195077911,Therapy
11070,195079671,Therapy
11071,195081721,Therapy
11072,195082542,Therapy
11073,195085001,Therapy
11074,195087241,Therapy
11075,195088752,Therapy
11076,195090421,Therapy
11077,195090481,Therapy
11078,195090561,Therapy
11079,195091232,Therapy
11080,195091741,Therapy
11081,195092051,Therapy
11082,195093371,Therapy
11083,195093391,Therapy
11084,195097182,Therapy
11085,195097202,Therapy
11086,195099251,Therapy
11087,195099811,Therapy
11088,195100671,Therapy
11089,195102461,Therapy
11090,195102511,Therapy
11091,195105332,Therapy
11092,195105902,Therapy
11093,195106363,Therapy
11094,195107152,Therapy
11095,195109201,Therapy
11096,195109271,Therapy
11097,195109331,Therapy
11098,195109463,Therapy
11099,195114947,Therapy
11100,195117821,Therapy
11101,195118741,Therapy
11102,195118771,Therapy
11103,195119101,Therapy
11104,195119152,Therapy
11105,195119541,Therapy
11106,195119581,Therapy
11107,195119591,Therapy
11108,195119611,Therapy
11109,195119701,Therapy
11110,195119712,Therapy
11111,195120081,Therapy
11112,195120122,Therapy
11113,195120841,Therapy
11114,195127854,Therapy
11115,195128272,Therapy
11116,195130832,Therapy
11117,195131813,Therapy
11118,195133631,Therapy
11119,195134531,Therapy
11120,195135201,Therapy
11121,195137861,Therapy
11122,195139471,Therapy
11123,195142982,Therapy
11124,195143191,Therapy
11125,195143641,Therapy
11126,195143771,Therapy
11127,195143901,Therapy
11128,195143971,Therapy
11129,195146435,Therapy
11130,195147491,Therapy
11131,195148994,Therapy
11132,195149282,Therapy
11133,195149482,Therapy
11134,195152518,Therapy
11135,195155112,Therapy
11136,195161263,Therapy
11137,195166621,Therapy
11138,195168252,Therapy
11139,195171441,Therapy
11140,195172491,Therapy
11141,195173491,Therapy
11142,195173541,Therapy
11143,195173631,Therapy
11144,195176941,Therapy
11145,195177251,Therapy
11146,195177931,Therapy
11147,195178591,Therapy
11148,195180231,Therapy
11149,195180251,Therapy
11150,195181472,Therapy
11151,195182681,Therapy
11152,195182772,Therapy
11153,195182812,Therapy
11154,195184471,Therapy
11155,195184601,Therapy
11156,195184631,Therapy
11157,195188971,Therapy
11158,195189092,Therapy
11159,195190621,Therapy
11160,195191281,Therapy
11161,195196631,Therapy
11162,195200531,Therapy
11163,195200632,Therapy
11164,195200921,Therapy
11165,195201951,Therapy
11166,195202421,Therapy
11167,195202432,Therapy
11168,195202942,Therapy
11169,195203311,Therapy
11170,195203642,Therapy
11171,195208231,Therapy
11172,195208961,Therapy
11173,195209091,Therapy
11174,195209752,Therapy
11175,195209761,Therapy
11176,195210293,Therapy
11177,195211821,Therapy
11178,195212461,Therapy
11179,195212471,Therapy
11180,195212671,Therapy
11181,195218701,Therapy
11182,195218721,Therapy
11183,195218821,Therapy
11184,195218841,Therapy
11185,195220521,Therapy
11186,195220621,Therapy
11187,195221471,Therapy
11188,195222191,Therapy
11189,195225711,Therapy
11190,195229841,Therapy
11191,195236864,Therapy
11192,195244812,Therapy
11193,195254651,Therapy
11194,195255961,Therapy
11195,195260782,Therapy
11196,195268692,Therapy
11197,195276903,Therapy
11198,195280191,Therapy
11199,195281602,Therapy
11200,195282061,Therapy
11201,195282361,Therapy
11202,195289762,Therapy
11203,195296761,Therapy
11204,195310031,Therapy
11205,195310061,Therapy
11206,195325221,Therapy
11207,195325451,Therapy
11208,195326911,Therapy
11209,195332691,Therapy
11210,195336711,Therapy
11211,195343301,Therapy
11212,195352551,Therapy
11213,195352752,Therapy
11214,195352981,Therapy
11215,195353753,Therapy
11216,195356421,Therapy
11217,195380701,Therapy
11218,195380912,Therapy
11219,195381241,Therapy
11220,195382731,Therapy
11221,195383561,Therapy
11222,195384961,Therapy
11223,195384991,Therapy
11224,195385841,Therapy
11225,195386271,Therapy
11226,195387361,Therapy
11227,195391664,Therapy
11228,195396111,Therapy
11229,195396162,Therapy
11230,195402181,Therapy
11231,195429962,Therapy
11232,195434811,Therapy
11233,195438023,Therapy
11234,195456124,Therapy
11235,195463223,Therapy
11236,195463981,Therapy
11237,195464673,Therapy
11238,195487392,Therapy
11239,195487638,Therapy
11240,195500691,Therapy
11241,195501941,Therapy
11242,195508712,Therapy
11243,195514172,Therapy
11244,195518031,Therapy
11245,195518173,Therapy
11246,195519351,Therapy
11247,195525641,Therapy
11248,195531952,Therapy
11249,195532033,Therapy
11250,195539913,Therapy
11251,195556381,Therapy
11252,195565583,Therapy
11253,195566101,Therapy
11254,195568102,Therapy
11255,195568571,Therapy
11256,195580731,Therapy
11257,195582741,Therapy
11258,195593381,Therapy
11259,195595431,Therapy
11260,195603093,Therapy
11261,195604141,Therapy
11262,195606121,Therapy
11263,195606801,Therapy
11264,195607061,Therapy
11265,195618091,Therapy
11266,195622131,Therapy
11267,195625674,Therapy
11268,195627741,Therapy
11269,195636132,Therapy
11270,195636681,Therapy
11271,195640002,Therapy
11272,195645693,Therapy
11273,195648911,Therapy
11274,195653584,Therapy
11275,195654101,Therapy
11276,195656803,Therapy
11277,195657581,Therapy
11278,195663611,Therapy
11279,195667431,Therapy
11280,195667633,Therapy
11281,195669161,Therapy
11282,195669331,Therapy
11283,195669701,Therapy
11284,195676711,Therapy
11285,195681211,Therapy
11286,195687562,Therapy
11287,195688733,Therapy
11288,195690652,Therapy
11289,195694083,Therapy
11290,195698174,Therapy
11291,195699011,Therapy
11292,195699792,Therapy
11293,1050274610,Therapy
11294,1157922110,Therapy
11295,1229966032,Therapy
11296,1238861812,Therapy
11297,1239109926,Therapy
11298,1239140710,Therapy
11299,1266393113,Therapy
11300,1268481611,Therapy
11301,1287777410,Therapy
11302,1292916515,Therapy
11303,1307292525,Therapy
11304,1343558411,Therapy
11305,1353948121,Therapy
11306,1382394014,Therapy
11307,1406921815,Therapy
11308,1442452810,Therapy
11309,1456610125,Therapy
11310,1462589612,Therapy
11311,1465980037,Therapy
11312,1472401012,Therapy
11313,1473195212,Therapy
11314,1491872611,Therapy
11315,1510718222,Therapy
11316,1513156718,Therapy
11317,1514777514,Therapy
11318,1532457810,Therapy
11319,1532773111,Therapy
11320,1548927216,Therapy
11321,1549250113,Therapy
11322,1551766811,Therapy
11323,1559778311,Therapy
11324,1565941420,Therapy
11325,1568377312,Therapy
11326,1576637611,Therapy
11327,1589581824,Therapy
11328,1618849814,Therapy
11329,1633002418,Therapy
11330,1639174011,Therapy
11331,1640602313,Therapy
11332,1643205812,Therapy
11333,1653543811,Therapy
11334,1658496612,Therapy
11335,1659905622,Therapy
11336,1667865112,Therapy
11337,1671227016,Therapy
11338,1672869315,Therapy
11339,1680761718,Therapy
11340,1684642212,Therapy
11341,1685113418,Therapy
11342,1687175417,Therapy
11343,1695200811,Therapy
11344,1703968114,Therapy
11345,1713989610,Therapy
11346,1731582812,Therapy
11347,1734035216,Therapy
11348,1736156611,Therapy
11349,1741760610,Therapy
11350,1763854010,Therapy
11351,1774622114,Therapy
11352,1785393912,Therapy
11353,1789185116,Therapy
11354,1789382810,Therapy
11355,1789760322,Therapy
11356,1792517012,Therapy
11357,1797989319,Therapy
11358,1803934715,Therapy
11359,1809541311,Therapy
11360,1815255717,Therapy
11361,1819936812,Therapy
11362,1827209913,Therapy
11363,1828722610,Therapy
11364,1830093815,Therapy
11365,1832224216,Therapy
11366,1833049612,Therapy
11367,1835022911,Therapy
11368,1843063012,Therapy
11369,1859982513,Therapy
11370,1860725318,Therapy
11371,1876380013,Therapy
11372,1879576516,Therapy
11373,1882013110,Therapy
11374,1887913511,Therapy
11375,1889067612,Therapy
11376,1917937810,Therapy
11377,1920251310,Therapy
11378,1922078610,Therapy
11379,1929894012,Therapy
11380,1930738511,Therapy
