:START_ID,:END_ID,:TYPE
0,7155,REPORTED_BY
1,7155,REPORTED_BY
2,7155,REPORTED_BY
3,7155,REPORTED_BY
4,7155,REPORTED_BY
5,7155,REPORTED_BY
6,7155,REPORTED_BY
7,7155,REPORTED_BY
8,7155,REPORTED_BY
9,7155,REPORTED_BY
10,7155,REPORTED_BY
11,7155,REPORTED_BY
12,7155,REPORTED_BY
13,7155,REPORTED_BY
14,7155,REPORTED_BY
15,7156,REPORTED_BY
16,7155,REPORTED_BY
17,7155,REPORTED_BY
18,7155,REPORTED_BY
19,7155,REPORTED_BY
20,7155,REPORTED_BY
21,7155,REPORTED_BY
22,7155,REPORTED_BY
23,7155,REPORTED_BY
24,7155,REPORTED_BY
25,7155,REPORTED_BY
26,7155,REPORTED_BY
27,7155,REPORTED_BY
28,7155,REPORTED_BY
29,7155,REPORTED_BY
30,7155,REPORTED_BY
31,7155,REPORTED_BY
32,7155,REPORTED_BY
33,7155,REPORTED_BY
34,7155,REPORTED_BY
35,7155,REPORTED_BY
36,7155,REPORTED_BY
37,7155,REPORTED_BY
38,7155,REPORTED_BY
39,7155,REPORTED_BY
40,7155,REPORTED_BY
41,7155,REPORTED_BY
42,7155,REPORTED_BY
43,7155,REPORTED_BY
44,7155,REPORTED_BY
45,7155,REPORTED_BY
46,7155,REPORTED_BY
47,7155,REPORTED_BY
48,7155,REPORTED_BY
49,7155,REPORTED_BY
50,7155,REPORTED_BY
51,7155,REPORTED_BY
52,7155,REPORTED_BY
53,7155,REPORTED_BY
54,7155,REPORTED_BY
55,7155,REPORTED_BY
56,7155,REPORTED_BY
57,7155,REPORTED_BY
58,7155,REPORTED_BY
59,7156,REPORTED_BY
60,7156,REPORTED_BY
61,7155,REPORTED_BY
62,7155,REPORTED_BY
63,7155,REPORTED_BY
64,7156,REPORTED_BY
65,7155,REPORTED_BY
66,7155,REPORTED_BY
67,7155,REPORTED_BY
68,7157,REPORTED_BY
69,7155,REPORTED_BY
70,7155,REPORTED_BY
71,7155,REPORTED_BY
72,7156,REPORTED_BY
73,7155,REPORTED_BY
74,7155,REPORTED_BY
75,7155,REPORTED_BY
76,7156,REPORTED_BY
77,7155,REPORTED_BY
78,7156,REPORTED_BY
79,7155,REPORTED_BY
80,7155,REPORTED_BY
81,7156,REPORTED_BY
82,7156,REPORTED_BY
83,7156,REPORTED_BY
84,7155,REPORTED_BY
85,7155,REPORTED_BY
86,7155,REPORTED_BY
87,7155,REPORTED_BY
88,7155,REPORTED_BY
89,7155,REPORTED_BY
90,7155,REPORTED_BY
91,7156,REPORTED_BY
92,7155,REPORTED_BY
93,7156,REPORTED_BY
94,7156,REPORTED_BY
95,7155,REPORTED_BY
96,7155,REPORTED_BY
97,7155,REPORTED_BY
98,7155,REPORTED_BY
99,7155,REPORTED_BY
100,7155,REPORTED_BY
101,7155,REPORTED_BY
102,7155,REPORTED_BY
103,7155,REPORTED_BY
104,7155,REPORTED_BY
105,7155,REPORTED_BY
106,7155,REPORTED_BY
107,7156,REPORTED_BY
108,7156,REPORTED_BY
109,7155,REPORTED_BY
110,7155,REPORTED_BY
111,7155,REPORTED_BY
112,7155,REPORTED_BY
113,7156,REPORTED_BY
114,7155,REPORTED_BY
115,7155,REPORTED_BY
116,7156,REPORTED_BY
117,7155,REPORTED_BY
118,7155,REPORTED_BY
119,7156,REPORTED_BY
120,7156,REPORTED_BY
121,7155,REPORTED_BY
122,7156,REPORTED_BY
123,7155,REPORTED_BY
124,7155,REPORTED_BY
125,7155,REPORTED_BY
126,7155,REPORTED_BY
127,7155,REPORTED_BY
145,7155,REPORTED_BY
146,7156,REPORTED_BY
147,7155,REPORTED_BY
148,7156,REPORTED_BY
149,7155,REPORTED_BY
150,7155,REPORTED_BY
151,7155,REPORTED_BY
152,7155,REPORTED_BY
153,7155,REPORTED_BY
154,7156,REPORTED_BY
155,7155,REPORTED_BY
156,7156,REPORTED_BY
157,7155,REPORTED_BY
158,7155,REPORTED_BY
159,7156,REPORTED_BY
160,7156,REPORTED_BY
161,7156,REPORTED_BY
162,7157,REPORTED_BY
163,7155,REPORTED_BY
164,7156,REPORTED_BY
165,7156,REPORTED_BY
166,7156,REPORTED_BY
167,7155,REPORTED_BY
168,7155,REPORTED_BY
169,7155,REPORTED_BY
170,7156,REPORTED_BY
171,7156,REPORTED_BY
172,7155,REPORTED_BY
173,7156,REPORTED_BY
174,7155,REPORTED_BY
175,7156,REPORTED_BY
176,7156,REPORTED_BY
177,7155,REPORTED_BY
178,7156,REPORTED_BY
179,7156,REPORTED_BY
180,7155,REPORTED_BY
181,7156,REPORTED_BY
182,7156,REPORTED_BY
183,7156,REPORTED_BY
184,7155,REPORTED_BY
185,7156,REPORTED_BY
186,7156,REPORTED_BY
187,7155,REPORTED_BY
188,7155,REPORTED_BY
189,7156,REPORTED_BY
190,7155,REPORTED_BY
191,7156,REPORTED_BY
192,7156,REPORTED_BY
193,7155,REPORTED_BY
194,7156,REPORTED_BY
195,7155,REPORTED_BY
196,7155,REPORTED_BY
197,7156,REPORTED_BY
198,7156,REPORTED_BY
199,7156,REPORTED_BY
200,7155,REPORTED_BY
201,7155,REPORTED_BY
202,7155,REPORTED_BY
203,7155,REPORTED_BY
204,7155,REPORTED_BY
205,7155,REPORTED_BY
206,7155,REPORTED_BY
207,7155,REPORTED_BY
208,7155,REPORTED_BY
209,7155,REPORTED_BY
210,7155,REPORTED_BY
211,7155,REPORTED_BY
212,7155,REPORTED_BY
213,7155,REPORTED_BY
214,7156,REPORTED_BY
215,7155,REPORTED_BY
216,7155,REPORTED_BY
217,7155,REPORTED_BY
218,7155,REPORTED_BY
219,7156,REPORTED_BY
220,7155,REPORTED_BY
221,7156,REPORTED_BY
222,7156,REPORTED_BY
223,7156,REPORTED_BY
224,7156,REPORTED_BY
225,7156,REPORTED_BY
226,7155,REPORTED_BY
227,7155,REPORTED_BY
228,7156,REPORTED_BY
229,7155,REPORTED_BY
230,7156,REPORTED_BY
231,7155,REPORTED_BY
232,7156,REPORTED_BY
233,7156,REPORTED_BY
234,7157,REPORTED_BY
235,7157,REPORTED_BY
236,7156,REPORTED_BY
237,7155,REPORTED_BY
238,7156,REPORTED_BY
239,7155,REPORTED_BY
240,7155,REPORTED_BY
241,7155,REPORTED_BY
242,7155,REPORTED_BY
243,7156,REPORTED_BY
244,7156,REPORTED_BY
245,7156,REPORTED_BY
246,7156,REPORTED_BY
247,7155,REPORTED_BY
248,7155,REPORTED_BY
249,7155,REPORTED_BY
250,7156,REPORTED_BY
251,7156,REPORTED_BY
252,7156,REPORTED_BY
253,7156,REPORTED_BY
254,7156,REPORTED_BY
255,7156,REPORTED_BY
256,7156,REPORTED_BY
257,7155,REPORTED_BY
258,7155,REPORTED_BY
259,7155,REPORTED_BY
260,7155,REPORTED_BY
261,7155,REPORTED_BY
262,7155,REPORTED_BY
263,7155,REPORTED_BY
264,7155,REPORTED_BY
265,7155,REPORTED_BY
266,7155,REPORTED_BY
267,7155,REPORTED_BY
268,7155,REPORTED_BY
269,7155,REPORTED_BY
270,7156,REPORTED_BY
271,7155,REPORTED_BY
272,7156,REPORTED_BY
282,7156,REPORTED_BY
283,7156,REPORTED_BY
284,7156,REPORTED_BY
285,7156,REPORTED_BY
286,7155,REPORTED_BY
287,7156,REPORTED_BY
288,7156,REPORTED_BY
289,7156,REPORTED_BY
290,7155,REPORTED_BY
291,7155,REPORTED_BY
292,7155,REPORTED_BY
293,7155,REPORTED_BY
294,7155,REPORTED_BY
295,7155,REPORTED_BY
296,7155,REPORTED_BY
297,7155,REPORTED_BY
298,7155,REPORTED_BY
299,7155,REPORTED_BY
300,7155,REPORTED_BY
301,7155,REPORTED_BY
302,7155,REPORTED_BY
303,7155,REPORTED_BY
304,7155,REPORTED_BY
305,7155,REPORTED_BY
306,7155,REPORTED_BY
307,7155,REPORTED_BY
308,7155,REPORTED_BY
309,7155,REPORTED_BY
310,7155,REPORTED_BY
311,7155,REPORTED_BY
312,7155,REPORTED_BY
313,7156,REPORTED_BY
314,7156,REPORTED_BY
315,7155,REPORTED_BY
316,7156,REPORTED_BY
317,7155,REPORTED_BY
318,7155,REPORTED_BY
319,7155,REPORTED_BY
320,7155,REPORTED_BY
321,7155,REPORTED_BY
322,7155,REPORTED_BY
323,7155,REPORTED_BY
324,7156,REPORTED_BY
325,7155,REPORTED_BY
326,7157,REPORTED_BY
327,7156,REPORTED_BY
328,7155,REPORTED_BY
329,7155,REPORTED_BY
330,7156,REPORTED_BY
331,7156,REPORTED_BY
332,7155,REPORTED_BY
333,7155,REPORTED_BY
334,7155,REPORTED_BY
335,7155,REPORTED_BY
336,7155,REPORTED_BY
337,7155,REPORTED_BY
338,7155,REPORTED_BY
339,7155,REPORTED_BY
340,7155,REPORTED_BY
341,7155,REPORTED_BY
342,7155,REPORTED_BY
343,7156,REPORTED_BY
344,7155,REPORTED_BY
345,7155,REPORTED_BY
346,7156,REPORTED_BY
347,7155,REPORTED_BY
348,7155,REPORTED_BY
349,7155,REPORTED_BY
350,7155,REPORTED_BY
351,7156,REPORTED_BY
352,7155,REPORTED_BY
353,7155,REPORTED_BY
354,7155,REPORTED_BY
355,7155,REPORTED_BY
356,7155,REPORTED_BY
357,7155,REPORTED_BY
358,7155,REPORTED_BY
359,7155,REPORTED_BY
360,7155,REPORTED_BY
361,7155,REPORTED_BY
362,7155,REPORTED_BY
363,7155,REPORTED_BY
364,7155,REPORTED_BY
365,7155,REPORTED_BY
366,7155,REPORTED_BY
367,7155,REPORTED_BY
368,7155,REPORTED_BY
369,7157,REPORTED_BY
370,7155,REPORTED_BY
371,7155,REPORTED_BY
372,7156,REPORTED_BY
373,7155,REPORTED_BY
374,7155,REPORTED_BY
375,7155,REPORTED_BY
376,7155,REPORTED_BY
377,7155,REPORTED_BY
378,7155,REPORTED_BY
379,7155,REPORTED_BY
380,7155,REPORTED_BY
381,7155,REPORTED_BY
382,7155,REPORTED_BY
383,7155,REPORTED_BY
384,7155,REPORTED_BY
385,7155,REPORTED_BY
386,7155,REPORTED_BY
387,7155,REPORTED_BY
388,7155,REPORTED_BY
389,7156,REPORTED_BY
390,7155,REPORTED_BY
391,7155,REPORTED_BY
392,7155,REPORTED_BY
393,7155,REPORTED_BY
394,7155,REPORTED_BY
395,7155,REPORTED_BY
396,7155,REPORTED_BY
397,7155,REPORTED_BY
398,7156,REPORTED_BY
399,7156,REPORTED_BY
400,7155,REPORTED_BY
401,7156,REPORTED_BY
402,7155,REPORTED_BY
403,7155,REPORTED_BY
404,7155,REPORTED_BY
405,7155,REPORTED_BY
406,7155,REPORTED_BY
407,7155,REPORTED_BY
408,7155,REPORTED_BY
409,7155,REPORTED_BY
416,7155,REPORTED_BY
417,7155,REPORTED_BY
418,7155,REPORTED_BY
419,7155,REPORTED_BY
420,7155,REPORTED_BY
421,7155,REPORTED_BY
422,7155,REPORTED_BY
423,7155,REPORTED_BY
424,7155,REPORTED_BY
425,7156,REPORTED_BY
426,7156,REPORTED_BY
427,7156,REPORTED_BY
428,7155,REPORTED_BY
429,7155,REPORTED_BY
430,7155,REPORTED_BY
431,7156,REPORTED_BY
432,7157,REPORTED_BY
433,7155,REPORTED_BY
434,7155,REPORTED_BY
435,7156,REPORTED_BY
436,7155,REPORTED_BY
437,7155,REPORTED_BY
438,7156,REPORTED_BY
439,7156,REPORTED_BY
440,7155,REPORTED_BY
441,7156,REPORTED_BY
442,7156,REPORTED_BY
443,7155,REPORTED_BY
444,7156,REPORTED_BY
445,7155,REPORTED_BY
446,7155,REPORTED_BY
447,7155,REPORTED_BY
448,7155,REPORTED_BY
449,7156,REPORTED_BY
450,7155,REPORTED_BY
451,7155,REPORTED_BY
452,7155,REPORTED_BY
453,7155,REPORTED_BY
454,7155,REPORTED_BY
455,7155,REPORTED_BY
456,7155,REPORTED_BY
457,7155,REPORTED_BY
458,7155,REPORTED_BY
459,7155,REPORTED_BY
460,7155,REPORTED_BY
461,7155,REPORTED_BY
462,7155,REPORTED_BY
463,7156,REPORTED_BY
464,7156,REPORTED_BY
465,7155,REPORTED_BY
466,7155,REPORTED_BY
467,7155,REPORTED_BY
468,7156,REPORTED_BY
469,7155,REPORTED_BY
470,7155,REPORTED_BY
471,7155,REPORTED_BY
472,7155,REPORTED_BY
473,7156,REPORTED_BY
474,7155,REPORTED_BY
475,7155,REPORTED_BY
476,7155,REPORTED_BY
477,7155,REPORTED_BY
478,7155,REPORTED_BY
479,7155,REPORTED_BY
480,7155,REPORTED_BY
481,7155,REPORTED_BY
482,7155,REPORTED_BY
483,7155,REPORTED_BY
484,7156,REPORTED_BY
485,7155,REPORTED_BY
486,7156,REPORTED_BY
487,7155,REPORTED_BY
488,7155,REPORTED_BY
489,7155,REPORTED_BY
490,7156,REPORTED_BY
491,7155,REPORTED_BY
492,7156,REPORTED_BY
493,7155,REPORTED_BY
494,7155,REPORTED_BY
495,7155,REPORTED_BY
496,7155,REPORTED_BY
497,7155,REPORTED_BY
498,7155,REPORTED_BY
499,7155,REPORTED_BY
500,7155,REPORTED_BY
501,7155,REPORTED_BY
502,7155,REPORTED_BY
503,7155,REPORTED_BY
504,7155,REPORTED_BY
505,7155,REPORTED_BY
506,7156,REPORTED_BY
507,7156,REPORTED_BY
508,7155,REPORTED_BY
509,7155,REPORTED_BY
510,7155,REPORTED_BY
511,7156,REPORTED_BY
512,7155,REPORTED_BY
513,7155,REPORTED_BY
514,7155,REPORTED_BY
515,7156,REPORTED_BY
516,7155,REPORTED_BY
517,7155,REPORTED_BY
518,7155,REPORTED_BY
519,7155,REPORTED_BY
520,7155,REPORTED_BY
521,7155,REPORTED_BY
522,7155,REPORTED_BY
523,7155,REPORTED_BY
524,7155,REPORTED_BY
525,7155,REPORTED_BY
526,7156,REPORTED_BY
527,7155,REPORTED_BY
528,7155,REPORTED_BY
529,7155,REPORTED_BY
530,7156,REPORTED_BY
531,7155,REPORTED_BY
532,7155,REPORTED_BY
533,7155,REPORTED_BY
534,7155,REPORTED_BY
535,7155,REPORTED_BY
536,7156,REPORTED_BY
537,7155,REPORTED_BY
538,7156,REPORTED_BY
539,7155,REPORTED_BY
540,7155,REPORTED_BY
541,7156,REPORTED_BY
542,7156,REPORTED_BY
543,7155,REPORTED_BY
549,7156,REPORTED_BY
550,7156,REPORTED_BY
551,7156,REPORTED_BY
552,7155,REPORTED_BY
553,7155,REPORTED_BY
554,7155,REPORTED_BY
555,7155,REPORTED_BY
556,7155,REPORTED_BY
557,7155,REPORTED_BY
558,7155,REPORTED_BY
559,7155,REPORTED_BY
560,7156,REPORTED_BY
561,7155,REPORTED_BY
562,7155,REPORTED_BY
563,7155,REPORTED_BY
564,7155,REPORTED_BY
565,7155,REPORTED_BY
566,7155,REPORTED_BY
567,7155,REPORTED_BY
568,7155,REPORTED_BY
569,7155,REPORTED_BY
570,7155,REPORTED_BY
571,7155,REPORTED_BY
572,7155,REPORTED_BY
573,7155,REPORTED_BY
574,7155,REPORTED_BY
575,7156,REPORTED_BY
576,7155,REPORTED_BY
577,7155,REPORTED_BY
578,7156,REPORTED_BY
579,7155,REPORTED_BY
580,7155,REPORTED_BY
581,7156,REPORTED_BY
582,7155,REPORTED_BY
583,7155,REPORTED_BY
584,7155,REPORTED_BY
585,7155,REPORTED_BY
586,7156,REPORTED_BY
587,7155,REPORTED_BY
588,7155,REPORTED_BY
589,7155,REPORTED_BY
590,7155,REPORTED_BY
591,7155,REPORTED_BY
592,7156,REPORTED_BY
593,7155,REPORTED_BY
594,7155,REPORTED_BY
595,7155,REPORTED_BY
596,7155,REPORTED_BY
597,7155,REPORTED_BY
598,7156,REPORTED_BY
599,7155,REPORTED_BY
600,7157,REPORTED_BY
601,7155,REPORTED_BY
602,7156,REPORTED_BY
603,7155,REPORTED_BY
604,7157,REPORTED_BY
605,7155,REPORTED_BY
606,7156,REPORTED_BY
607,7155,REPORTED_BY
608,7155,REPORTED_BY
609,7155,REPORTED_BY
610,7155,REPORTED_BY
611,7155,REPORTED_BY
612,7156,REPORTED_BY
613,7155,REPORTED_BY
614,7155,REPORTED_BY
615,7155,REPORTED_BY
616,7155,REPORTED_BY
617,7155,REPORTED_BY
618,7155,REPORTED_BY
619,7155,REPORTED_BY
620,7156,REPORTED_BY
621,7155,REPORTED_BY
622,7156,REPORTED_BY
623,7155,REPORTED_BY
624,7155,REPORTED_BY
625,7156,REPORTED_BY
626,7155,REPORTED_BY
627,7156,REPORTED_BY
628,7155,REPORTED_BY
629,7155,REPORTED_BY
630,7155,REPORTED_BY
631,7156,REPORTED_BY
632,7155,REPORTED_BY
633,7155,REPORTED_BY
634,7155,REPORTED_BY
635,7156,REPORTED_BY
636,7156,REPORTED_BY
637,7155,REPORTED_BY
638,7155,REPORTED_BY
639,7155,REPORTED_BY
640,7156,REPORTED_BY
641,7157,REPORTED_BY
642,7156,REPORTED_BY
643,7156,REPORTED_BY
644,7155,REPORTED_BY
645,7155,REPORTED_BY
646,7156,REPORTED_BY
647,7156,REPORTED_BY
648,7156,REPORTED_BY
649,7155,REPORTED_BY
650,7156,REPORTED_BY
651,7156,REPORTED_BY
652,7156,REPORTED_BY
653,7155,REPORTED_BY
654,7155,REPORTED_BY
655,7156,REPORTED_BY
656,7155,REPORTED_BY
657,7155,REPORTED_BY
658,7156,REPORTED_BY
659,7155,REPORTED_BY
660,7156,REPORTED_BY
661,7156,REPORTED_BY
662,7155,REPORTED_BY
663,7156,REPORTED_BY
664,7155,REPORTED_BY
665,7155,REPORTED_BY
666,7155,REPORTED_BY
667,7155,REPORTED_BY
668,7156,REPORTED_BY
669,7155,REPORTED_BY
670,7155,REPORTED_BY
671,7155,REPORTED_BY
672,7155,REPORTED_BY
673,7155,REPORTED_BY
674,7155,REPORTED_BY
675,7155,REPORTED_BY
676,7156,REPORTED_BY
682,7156,REPORTED_BY
683,7155,REPORTED_BY
684,7155,REPORTED_BY
685,7155,REPORTED_BY
686,7155,REPORTED_BY
687,7155,REPORTED_BY
688,7155,REPORTED_BY
689,7155,REPORTED_BY
690,7155,REPORTED_BY
691,7155,REPORTED_BY
692,7155,REPORTED_BY
693,7156,REPORTED_BY
694,7156,REPORTED_BY
695,7156,REPORTED_BY
696,7156,REPORTED_BY
697,7156,REPORTED_BY
698,7155,REPORTED_BY
699,7155,REPORTED_BY
700,7155,REPORTED_BY
701,7155,REPORTED_BY
702,7155,REPORTED_BY
703,7155,REPORTED_BY
704,7155,REPORTED_BY
705,7155,REPORTED_BY
706,7155,REPORTED_BY
707,7155,REPORTED_BY
708,7155,REPORTED_BY
709,7155,REPORTED_BY
710,7156,REPORTED_BY
711,7156,REPORTED_BY
712,7155,REPORTED_BY
713,7155,REPORTED_BY
714,7156,REPORTED_BY
715,7155,REPORTED_BY
716,7155,REPORTED_BY
717,7155,REPORTED_BY
718,7155,REPORTED_BY
719,7156,REPORTED_BY
720,7155,REPORTED_BY
721,7155,REPORTED_BY
722,7156,REPORTED_BY
723,7155,REPORTED_BY
724,7155,REPORTED_BY
725,7155,REPORTED_BY
726,7156,REPORTED_BY
727,7156,REPORTED_BY
728,7156,REPORTED_BY
729,7155,REPORTED_BY
730,7155,REPORTED_BY
731,7156,REPORTED_BY
732,7155,REPORTED_BY
733,7155,REPORTED_BY
734,7155,REPORTED_BY
735,7155,REPORTED_BY
736,7155,REPORTED_BY
737,7155,REPORTED_BY
738,7155,REPORTED_BY
739,7155,REPORTED_BY
740,7155,REPORTED_BY
741,7155,REPORTED_BY
742,7155,REPORTED_BY
743,7155,REPORTED_BY
744,7156,REPORTED_BY
745,7155,REPORTED_BY
746,7155,REPORTED_BY
747,7155,REPORTED_BY
748,7155,REPORTED_BY
749,7155,REPORTED_BY
750,7155,REPORTED_BY
751,7155,REPORTED_BY
752,7155,REPORTED_BY
753,7155,REPORTED_BY
754,7155,REPORTED_BY
755,7155,REPORTED_BY
756,7155,REPORTED_BY
757,7155,REPORTED_BY
758,7155,REPORTED_BY
759,7155,REPORTED_BY
760,7155,REPORTED_BY
761,7155,REPORTED_BY
762,7155,REPORTED_BY
763,7155,REPORTED_BY
764,7155,REPORTED_BY
765,7155,REPORTED_BY
766,7155,REPORTED_BY
767,7155,REPORTED_BY
768,7155,REPORTED_BY
769,7155,REPORTED_BY
770,7156,REPORTED_BY
771,7155,REPORTED_BY
772,7155,REPORTED_BY
773,7155,REPORTED_BY
774,7155,REPORTED_BY
775,7156,REPORTED_BY
776,7155,REPORTED_BY
777,7156,REPORTED_BY
778,7155,REPORTED_BY
779,7155,REPORTED_BY
780,7155,REPORTED_BY
781,7155,REPORTED_BY
782,7156,REPORTED_BY
783,7155,REPORTED_BY
784,7155,REPORTED_BY
785,7155,REPORTED_BY
786,7155,REPORTED_BY
787,7155,REPORTED_BY
788,7155,REPORTED_BY
789,7155,REPORTED_BY
790,7155,REPORTED_BY
791,7155,REPORTED_BY
792,7156,REPORTED_BY
793,7155,REPORTED_BY
794,7155,REPORTED_BY
795,7155,REPORTED_BY
796,7155,REPORTED_BY
797,7156,REPORTED_BY
798,7156,REPORTED_BY
799,7155,REPORTED_BY
800,7155,REPORTED_BY
801,7155,REPORTED_BY
802,7156,REPORTED_BY
803,7156,REPORTED_BY
804,7156,REPORTED_BY
805,7156,REPORTED_BY
806,7156,REPORTED_BY
807,7156,REPORTED_BY
808,7157,REPORTED_BY
809,7155,REPORTED_BY
814,7156,REPORTED_BY
815,7156,REPORTED_BY
816,7155,REPORTED_BY
817,7155,REPORTED_BY
818,7155,REPORTED_BY
819,7155,REPORTED_BY
820,7155,REPORTED_BY
821,7155,REPORTED_BY
822,7155,REPORTED_BY
823,7155,REPORTED_BY
824,7155,REPORTED_BY
825,7155,REPORTED_BY
826,7155,REPORTED_BY
827,7156,REPORTED_BY
828,7155,REPORTED_BY
829,7155,REPORTED_BY
830,7155,REPORTED_BY
831,7155,REPORTED_BY
832,7155,REPORTED_BY
833,7155,REPORTED_BY
834,7155,REPORTED_BY
835,7155,REPORTED_BY
836,7156,REPORTED_BY
837,7157,REPORTED_BY
838,7155,REPORTED_BY
839,7156,REPORTED_BY
840,7155,REPORTED_BY
841,7155,REPORTED_BY
842,7155,REPORTED_BY
843,7155,REPORTED_BY
844,7155,REPORTED_BY
845,7155,REPORTED_BY
846,7155,REPORTED_BY
847,7155,REPORTED_BY
848,7155,REPORTED_BY
849,7155,REPORTED_BY
850,7155,REPORTED_BY
851,7155,REPORTED_BY
852,7155,REPORTED_BY
853,7155,REPORTED_BY
854,7155,REPORTED_BY
855,7156,REPORTED_BY
856,7155,REPORTED_BY
857,7156,REPORTED_BY
858,7155,REPORTED_BY
859,7155,REPORTED_BY
860,7155,REPORTED_BY
861,7156,REPORTED_BY
862,7155,REPORTED_BY
863,7155,REPORTED_BY
864,7155,REPORTED_BY
865,7155,REPORTED_BY
866,7155,REPORTED_BY
867,7155,REPORTED_BY
868,7155,REPORTED_BY
869,7156,REPORTED_BY
870,7156,REPORTED_BY
871,7156,REPORTED_BY
872,7157,REPORTED_BY
873,7156,REPORTED_BY
874,7155,REPORTED_BY
875,7155,REPORTED_BY
876,7155,REPORTED_BY
877,7155,REPORTED_BY
878,7156,REPORTED_BY
879,7155,REPORTED_BY
880,7155,REPORTED_BY
881,7155,REPORTED_BY
882,7156,REPORTED_BY
883,7155,REPORTED_BY
884,7156,REPORTED_BY
885,7155,REPORTED_BY
886,7155,REPORTED_BY
887,7156,REPORTED_BY
888,7156,REPORTED_BY
889,7155,REPORTED_BY
890,7155,REPORTED_BY
891,7155,REPORTED_BY
892,7155,REPORTED_BY
893,7155,REPORTED_BY
894,7156,REPORTED_BY
895,7156,REPORTED_BY
896,7156,REPORTED_BY
897,7155,REPORTED_BY
898,7156,REPORTED_BY
899,7155,REPORTED_BY
900,7156,REPORTED_BY
901,7156,REPORTED_BY
902,7156,REPORTED_BY
903,7156,REPORTED_BY
904,7155,REPORTED_BY
905,7155,REPORTED_BY
906,7155,REPORTED_BY
907,7155,REPORTED_BY
908,7155,REPORTED_BY
909,7155,REPORTED_BY
910,7155,REPORTED_BY
911,7155,REPORTED_BY
912,7156,REPORTED_BY
913,7155,REPORTED_BY
914,7156,REPORTED_BY
915,7155,REPORTED_BY
916,7156,REPORTED_BY
917,7155,REPORTED_BY
918,7156,REPORTED_BY
919,7155,REPORTED_BY
920,7156,REPORTED_BY
921,7156,REPORTED_BY
922,7155,REPORTED_BY
923,7156,REPORTED_BY
924,7156,REPORTED_BY
925,7155,REPORTED_BY
926,7156,REPORTED_BY
927,7155,REPORTED_BY
928,7155,REPORTED_BY
929,7156,REPORTED_BY
930,7155,REPORTED_BY
931,7156,REPORTED_BY
932,7155,REPORTED_BY
933,7155,REPORTED_BY
934,7155,REPORTED_BY
935,7156,REPORTED_BY
936,7156,REPORTED_BY
937,7156,REPORTED_BY
938,7155,REPORTED_BY
939,7155,REPORTED_BY
940,7155,REPORTED_BY
941,7155,REPORTED_BY
950,7156,REPORTED_BY
951,7157,REPORTED_BY
952,7155,REPORTED_BY
953,7156,REPORTED_BY
954,7156,REPORTED_BY
955,7155,REPORTED_BY
956,7155,REPORTED_BY
957,7156,REPORTED_BY
958,7156,REPORTED_BY
959,7156,REPORTED_BY
960,7156,REPORTED_BY
961,7156,REPORTED_BY
962,7155,REPORTED_BY
963,7155,REPORTED_BY
964,7155,REPORTED_BY
965,7155,REPORTED_BY
966,7155,REPORTED_BY
967,7155,REPORTED_BY
968,7156,REPORTED_BY
969,7155,REPORTED_BY
970,7156,REPORTED_BY
971,7155,REPORTED_BY
972,7155,REPORTED_BY
973,7155,REPORTED_BY
974,7156,REPORTED_BY
975,7155,REPORTED_BY
976,7155,REPORTED_BY
977,7155,REPORTED_BY
978,7156,REPORTED_BY
979,7155,REPORTED_BY
980,7156,REPORTED_BY
981,7156,REPORTED_BY
982,7156,REPORTED_BY
983,7156,REPORTED_BY
984,7156,REPORTED_BY
985,7156,REPORTED_BY
986,7156,REPORTED_BY
987,7155,REPORTED_BY
988,7156,REPORTED_BY
989,7155,REPORTED_BY
990,7156,REPORTED_BY
991,7156,REPORTED_BY
992,7156,REPORTED_BY
993,7156,REPORTED_BY
994,7156,REPORTED_BY
995,7155,REPORTED_BY
996,7155,REPORTED_BY
997,7156,REPORTED_BY
998,7156,REPORTED_BY
999,7156,REPORTED_BY
1000,7156,REPORTED_BY
1001,7155,REPORTED_BY
1002,7155,REPORTED_BY
1003,7156,REPORTED_BY
1004,7156,REPORTED_BY
1005,7156,REPORTED_BY
1006,7156,REPORTED_BY
1007,7155,REPORTED_BY
1008,7155,REPORTED_BY
1009,7156,REPORTED_BY
1010,7156,REPORTED_BY
1011,7156,REPORTED_BY
1012,7155,REPORTED_BY
1013,7155,REPORTED_BY
1014,7156,REPORTED_BY
1015,7156,REPORTED_BY
1016,7156,REPORTED_BY
1017,7156,REPORTED_BY
1018,7156,REPORTED_BY
1019,7155,REPORTED_BY
1020,7156,REPORTED_BY
1021,7156,REPORTED_BY
1022,7155,REPORTED_BY
1023,7155,REPORTED_BY
1024,7155,REPORTED_BY
1025,7156,REPORTED_BY
1026,7156,REPORTED_BY
1027,7155,REPORTED_BY
1028,7156,REPORTED_BY
1029,7156,REPORTED_BY
1030,7156,REPORTED_BY
1031,7156,REPORTED_BY
1032,7155,REPORTED_BY
1033,7156,REPORTED_BY
1034,7155,REPORTED_BY
1035,7155,REPORTED_BY
1036,7156,REPORTED_BY
1037,7155,REPORTED_BY
1038,7156,REPORTED_BY
1039,7155,REPORTED_BY
1040,7155,REPORTED_BY
1041,7156,REPORTED_BY
1042,7156,REPORTED_BY
1043,7156,REPORTED_BY
1044,7155,REPORTED_BY
1045,7156,REPORTED_BY
1046,7155,REPORTED_BY
1047,7156,REPORTED_BY
1048,7156,REPORTED_BY
1049,7155,REPORTED_BY
1050,7155,REPORTED_BY
1051,7156,REPORTED_BY
1052,7156,REPORTED_BY
1053,7156,REPORTED_BY
1054,7156,REPORTED_BY
1055,7156,REPORTED_BY
1056,7155,REPORTED_BY
1057,7156,REPORTED_BY
1058,7156,REPORTED_BY
1059,7156,REPORTED_BY
1060,7156,REPORTED_BY
1061,7155,REPORTED_BY
1062,7155,REPORTED_BY
1063,7155,REPORTED_BY
1064,7155,REPORTED_BY
1065,7155,REPORTED_BY
1066,7155,REPORTED_BY
1067,7156,REPORTED_BY
1068,7155,REPORTED_BY
1069,7155,REPORTED_BY
1070,7155,REPORTED_BY
1071,7155,REPORTED_BY
1072,7155,REPORTED_BY
1073,7155,REPORTED_BY
1074,7155,REPORTED_BY
1075,7155,REPORTED_BY
1076,7155,REPORTED_BY
1077,7156,REPORTED_BY
1080,7156,REPORTED_BY
1081,7155,REPORTED_BY
1082,7155,REPORTED_BY
1083,7155,REPORTED_BY
1084,7156,REPORTED_BY
1085,7155,REPORTED_BY
1086,7155,REPORTED_BY
1087,7155,REPORTED_BY
1088,7156,REPORTED_BY
1089,7155,REPORTED_BY
1090,7156,REPORTED_BY
1091,7155,REPORTED_BY
1092,7155,REPORTED_BY
1093,7155,REPORTED_BY
1094,7155,REPORTED_BY
1095,7155,REPORTED_BY
1096,7157,REPORTED_BY
1097,7155,REPORTED_BY
1098,7156,REPORTED_BY
1099,7155,REPORTED_BY
1100,7155,REPORTED_BY
1101,7156,REPORTED_BY
1102,7155,REPORTED_BY
1103,7155,REPORTED_BY
1104,7155,REPORTED_BY
1105,7155,REPORTED_BY
1106,7155,REPORTED_BY
1107,7156,REPORTED_BY
1108,7155,REPORTED_BY
1109,7155,REPORTED_BY
1110,7155,REPORTED_BY
1111,7156,REPORTED_BY
1112,7156,REPORTED_BY
1113,7156,REPORTED_BY
1114,7156,REPORTED_BY
1115,7156,REPORTED_BY
1116,7155,REPORTED_BY
1117,7155,REPORTED_BY
1118,7155,REPORTED_BY
1119,7155,REPORTED_BY
1120,7155,REPORTED_BY
1121,7156,REPORTED_BY
1122,7157,REPORTED_BY
1123,7156,REPORTED_BY
1124,7155,REPORTED_BY
1125,7155,REPORTED_BY
1126,7156,REPORTED_BY
1127,7156,REPORTED_BY
1128,7155,REPORTED_BY
1129,7155,REPORTED_BY
1130,7155,REPORTED_BY
1131,7155,REPORTED_BY
1132,7156,REPORTED_BY
1133,7155,REPORTED_BY
1134,7155,REPORTED_BY
1135,7155,REPORTED_BY
1136,7155,REPORTED_BY
1137,7155,REPORTED_BY
1138,7155,REPORTED_BY
1139,7155,REPORTED_BY
1140,7155,REPORTED_BY
1141,7155,REPORTED_BY
1142,7155,REPORTED_BY
1143,7155,REPORTED_BY
1144,7156,REPORTED_BY
1145,7155,REPORTED_BY
1146,7156,REPORTED_BY
1147,7156,REPORTED_BY
1148,7155,REPORTED_BY
1149,7155,REPORTED_BY
1150,7155,REPORTED_BY
1151,7155,REPORTED_BY
1152,7156,REPORTED_BY
1153,7155,REPORTED_BY
1154,7155,REPORTED_BY
1155,7155,REPORTED_BY
1156,7155,REPORTED_BY
1157,7155,REPORTED_BY
1158,7156,REPORTED_BY
1159,7155,REPORTED_BY
1160,7155,REPORTED_BY
1161,7155,REPORTED_BY
1162,7156,REPORTED_BY
1163,7156,REPORTED_BY
1164,7155,REPORTED_BY
1165,7156,REPORTED_BY
1166,7155,REPORTED_BY
1167,7155,REPORTED_BY
1168,7155,REPORTED_BY
1169,7155,REPORTED_BY
1170,7155,REPORTED_BY
1171,7155,REPORTED_BY
1172,7155,REPORTED_BY
1173,7155,REPORTED_BY
1174,7155,REPORTED_BY
1175,7155,REPORTED_BY
1176,7155,REPORTED_BY
1177,7156,REPORTED_BY
1178,7155,REPORTED_BY
1179,7156,REPORTED_BY
1180,7156,REPORTED_BY
1181,7156,REPORTED_BY
1182,7155,REPORTED_BY
1183,7156,REPORTED_BY
1184,7156,REPORTED_BY
1185,7155,REPORTED_BY
1186,7155,REPORTED_BY
1187,7155,REPORTED_BY
1188,7155,REPORTED_BY
1189,7155,REPORTED_BY
1190,7156,REPORTED_BY
1191,7155,REPORTED_BY
1192,7155,REPORTED_BY
1193,7155,REPORTED_BY
1194,7155,REPORTED_BY
1195,7155,REPORTED_BY
1196,7155,REPORTED_BY
1197,7155,REPORTED_BY
1198,7155,REPORTED_BY
1199,7155,REPORTED_BY
1200,7155,REPORTED_BY
1201,7155,REPORTED_BY
1202,7155,REPORTED_BY
1203,7155,REPORTED_BY
1204,7155,REPORTED_BY
1205,7155,REPORTED_BY
1206,7155,REPORTED_BY
1207,7155,REPORTED_BY
1215,7155,REPORTED_BY
1216,7155,REPORTED_BY
1217,7155,REPORTED_BY
1218,7155,REPORTED_BY
1219,7155,REPORTED_BY
1220,7156,REPORTED_BY
1221,7156,REPORTED_BY
1222,7155,REPORTED_BY
1223,7155,REPORTED_BY
1224,7155,REPORTED_BY
1225,7155,REPORTED_BY
1226,7156,REPORTED_BY
1227,7155,REPORTED_BY
1228,7155,REPORTED_BY
1229,7155,REPORTED_BY
1230,7155,REPORTED_BY
1231,7155,REPORTED_BY
1232,7155,REPORTED_BY
1233,7155,REPORTED_BY
1234,7155,REPORTED_BY
1235,7156,REPORTED_BY
1236,7155,REPORTED_BY
1237,7155,REPORTED_BY
1238,7155,REPORTED_BY
1239,7156,REPORTED_BY
1240,7155,REPORTED_BY
1241,7156,REPORTED_BY
1242,7156,REPORTED_BY
1243,7155,REPORTED_BY
1244,7155,REPORTED_BY
1245,7155,REPORTED_BY
1246,7155,REPORTED_BY
1247,7156,REPORTED_BY
1248,7156,REPORTED_BY
1249,7155,REPORTED_BY
1250,7155,REPORTED_BY
1251,7155,REPORTED_BY
1252,7156,REPORTED_BY
1253,7155,REPORTED_BY
1254,7155,REPORTED_BY
1255,7155,REPORTED_BY
1256,7155,REPORTED_BY
1257,7156,REPORTED_BY
1258,7156,REPORTED_BY
1259,7155,REPORTED_BY
1260,7155,REPORTED_BY
1261,7155,REPORTED_BY
1262,7155,REPORTED_BY
1263,7155,REPORTED_BY
1264,7156,REPORTED_BY
1265,7155,REPORTED_BY
1266,7155,REPORTED_BY
1267,7155,REPORTED_BY
1268,7156,REPORTED_BY
1269,7155,REPORTED_BY
1270,7158,REPORTED_BY
1271,7155,REPORTED_BY
1272,7155,REPORTED_BY
1273,7155,REPORTED_BY
1274,7155,REPORTED_BY
1275,7155,REPORTED_BY
1276,7156,REPORTED_BY
1277,7155,REPORTED_BY
1278,7156,REPORTED_BY
1279,7155,REPORTED_BY
1280,7155,REPORTED_BY
1281,7156,REPORTED_BY
1282,7155,REPORTED_BY
1283,7155,REPORTED_BY
1284,7156,REPORTED_BY
1285,7155,REPORTED_BY
1286,7155,REPORTED_BY
1287,7156,REPORTED_BY
1288,7155,REPORTED_BY
1289,7156,REPORTED_BY
1290,7155,REPORTED_BY
1291,7156,REPORTED_BY
1292,7155,REPORTED_BY
1293,7156,REPORTED_BY
1294,7156,REPORTED_BY
1295,7155,REPORTED_BY
1296,7155,REPORTED_BY
1297,7155,REPORTED_BY
1298,7156,REPORTED_BY
1299,7155,REPORTED_BY
1300,7156,REPORTED_BY
1301,7155,REPORTED_BY
1302,7155,REPORTED_BY
1303,7155,REPORTED_BY
1304,7155,REPORTED_BY
1305,7155,REPORTED_BY
1306,7155,REPORTED_BY
1307,7155,REPORTED_BY
1308,7155,REPORTED_BY
1309,7155,REPORTED_BY
1310,7155,REPORTED_BY
1311,7155,REPORTED_BY
1312,7155,REPORTED_BY
1313,7155,REPORTED_BY
1314,7155,REPORTED_BY
1315,7155,REPORTED_BY
1316,7156,REPORTED_BY
1317,7155,REPORTED_BY
1318,7155,REPORTED_BY
1319,7155,REPORTED_BY
1320,7155,REPORTED_BY
1321,7155,REPORTED_BY
1322,7155,REPORTED_BY
1323,7155,REPORTED_BY
1324,7155,REPORTED_BY
1325,7155,REPORTED_BY
1326,7156,REPORTED_BY
1327,7155,REPORTED_BY
1328,7155,REPORTED_BY
1329,7155,REPORTED_BY
1330,7155,REPORTED_BY
1331,7155,REPORTED_BY
1332,7155,REPORTED_BY
1333,7155,REPORTED_BY
1334,7155,REPORTED_BY
1335,7156,REPORTED_BY
1336,7156,REPORTED_BY
1337,7156,REPORTED_BY
1338,7157,REPORTED_BY
1339,7156,REPORTED_BY
1340,7156,REPORTED_BY
1341,7156,REPORTED_BY
1342,7155,REPORTED_BY
1349,7155,REPORTED_BY
1350,7155,REPORTED_BY
1351,7155,REPORTED_BY
1352,7155,REPORTED_BY
1353,7155,REPORTED_BY
1354,7155,REPORTED_BY
1355,7155,REPORTED_BY
1356,7155,REPORTED_BY
1357,7155,REPORTED_BY
1358,7156,REPORTED_BY
1359,7155,REPORTED_BY
1360,7156,REPORTED_BY
1361,7155,REPORTED_BY
1362,7156,REPORTED_BY
1363,7155,REPORTED_BY
1364,7156,REPORTED_BY
1365,7156,REPORTED_BY
1366,7155,REPORTED_BY
1367,7155,REPORTED_BY
1368,7155,REPORTED_BY
1369,7156,REPORTED_BY
1370,7156,REPORTED_BY
1371,7155,REPORTED_BY
1372,7156,REPORTED_BY
1373,7155,REPORTED_BY
1374,7155,REPORTED_BY
1375,7155,REPORTED_BY
1376,7155,REPORTED_BY
1377,7155,REPORTED_BY
1378,7155,REPORTED_BY
1379,7156,REPORTED_BY
1380,7156,REPORTED_BY
1381,7155,REPORTED_BY
1382,7155,REPORTED_BY
1383,7155,REPORTED_BY
1384,7155,REPORTED_BY
1385,7155,REPORTED_BY
1386,7155,REPORTED_BY
1387,7155,REPORTED_BY
1388,7155,REPORTED_BY
1389,7155,REPORTED_BY
1390,7155,REPORTED_BY
1391,7155,REPORTED_BY
1392,7155,REPORTED_BY
1393,7155,REPORTED_BY
1394,7155,REPORTED_BY
1395,7155,REPORTED_BY
1396,7155,REPORTED_BY
1397,7155,REPORTED_BY
1398,7155,REPORTED_BY
1399,7156,REPORTED_BY
1400,7155,REPORTED_BY
1401,7155,REPORTED_BY
1402,7156,REPORTED_BY
1403,7156,REPORTED_BY
1404,7156,REPORTED_BY
1405,7155,REPORTED_BY
1406,7155,REPORTED_BY
1407,7155,REPORTED_BY
1408,7155,REPORTED_BY
1409,7155,REPORTED_BY
1410,7155,REPORTED_BY
1411,7155,REPORTED_BY
1412,7155,REPORTED_BY
1413,7155,REPORTED_BY
1414,7155,REPORTED_BY
1415,7155,REPORTED_BY
1416,7155,REPORTED_BY
1417,7155,REPORTED_BY
1418,7155,REPORTED_BY
1419,7155,REPORTED_BY
1420,7155,REPORTED_BY
1421,7156,REPORTED_BY
1422,7155,REPORTED_BY
1423,7155,REPORTED_BY
1424,7155,REPORTED_BY
1425,7155,REPORTED_BY
1426,7155,REPORTED_BY
1427,7155,REPORTED_BY
1428,7155,REPORTED_BY
1429,7155,REPORTED_BY
1430,7155,REPORTED_BY
1431,7155,REPORTED_BY
1432,7156,REPORTED_BY
1433,7155,REPORTED_BY
1434,7155,REPORTED_BY
1435,7155,REPORTED_BY
1436,7155,REPORTED_BY
1437,7155,REPORTED_BY
1438,7155,REPORTED_BY
1439,7155,REPORTED_BY
1440,7155,REPORTED_BY
1441,7155,REPORTED_BY
1442,7155,REPORTED_BY
1443,7155,REPORTED_BY
1444,7155,REPORTED_BY
1445,7156,REPORTED_BY
1446,7155,REPORTED_BY
1447,7155,REPORTED_BY
1448,7155,REPORTED_BY
1449,7155,REPORTED_BY
1450,7155,REPORTED_BY
1451,7155,REPORTED_BY
1452,7155,REPORTED_BY
1453,7155,REPORTED_BY
1454,7155,REPORTED_BY
1455,7156,REPORTED_BY
1456,7155,REPORTED_BY
1457,7155,REPORTED_BY
1458,7155,REPORTED_BY
1459,7155,REPORTED_BY
1460,7155,REPORTED_BY
1461,7155,REPORTED_BY
1462,7155,REPORTED_BY
1463,7156,REPORTED_BY
1464,7155,REPORTED_BY
1465,7159,REPORTED_BY
1466,7159,REPORTED_BY
1467,7155,REPORTED_BY
1468,7155,REPORTED_BY
1469,7159,REPORTED_BY
1470,7155,REPORTED_BY
1471,7155,REPORTED_BY
1472,7156,REPORTED_BY
1473,7155,REPORTED_BY
1474,7155,REPORTED_BY
1475,7156,REPORTED_BY
1476,7156,REPORTED_BY
1479,7155,REPORTED_BY
1480,7155,REPORTED_BY
1481,7159,REPORTED_BY
1482,7155,REPORTED_BY
1483,7155,REPORTED_BY
1484,7155,REPORTED_BY
1485,7159,REPORTED_BY
1486,7157,REPORTED_BY
1487,7156,REPORTED_BY
1488,7156,REPORTED_BY
1489,7155,REPORTED_BY
1490,7155,REPORTED_BY
1491,7156,REPORTED_BY
1492,7155,REPORTED_BY
1493,7155,REPORTED_BY
1494,7156,REPORTED_BY
1495,7155,REPORTED_BY
1496,7155,REPORTED_BY
1497,7156,REPORTED_BY
1498,7155,REPORTED_BY
1499,7156,REPORTED_BY
1500,7156,REPORTED_BY
1501,7155,REPORTED_BY
1502,7156,REPORTED_BY
1503,7155,REPORTED_BY
1504,7155,REPORTED_BY
1505,7156,REPORTED_BY
1506,7156,REPORTED_BY
1507,7155,REPORTED_BY
1508,7156,REPORTED_BY
1509,7156,REPORTED_BY
1510,7156,REPORTED_BY
1511,7155,REPORTED_BY
1512,7155,REPORTED_BY
1513,7155,REPORTED_BY
1514,7156,REPORTED_BY
1515,7155,REPORTED_BY
1516,7156,REPORTED_BY
1517,7155,REPORTED_BY
1518,7156,REPORTED_BY
1519,7155,REPORTED_BY
1520,7155,REPORTED_BY
1521,7155,REPORTED_BY
1522,7156,REPORTED_BY
1523,7155,REPORTED_BY
1524,7155,REPORTED_BY
1525,7155,REPORTED_BY
1526,7156,REPORTED_BY
1527,7155,REPORTED_BY
1528,7156,REPORTED_BY
1529,7155,REPORTED_BY
1530,7155,REPORTED_BY
1531,7156,REPORTED_BY
1532,7156,REPORTED_BY
1533,7155,REPORTED_BY
1534,7155,REPORTED_BY
1535,7155,REPORTED_BY
1536,7155,REPORTED_BY
1537,7155,REPORTED_BY
1538,7156,REPORTED_BY
1539,7155,REPORTED_BY
1540,7155,REPORTED_BY
1541,7155,REPORTED_BY
1542,7155,REPORTED_BY
1543,7155,REPORTED_BY
1544,7156,REPORTED_BY
1545,7155,REPORTED_BY
1546,7156,REPORTED_BY
1547,7156,REPORTED_BY
1548,7156,REPORTED_BY
1549,7155,REPORTED_BY
1550,7155,REPORTED_BY
1551,7155,REPORTED_BY
1552,7155,REPORTED_BY
1553,7155,REPORTED_BY
1554,7155,REPORTED_BY
1555,7155,REPORTED_BY
1556,7155,REPORTED_BY
1557,7155,REPORTED_BY
1558,7155,REPORTED_BY
1559,7155,REPORTED_BY
1560,7155,REPORTED_BY
1561,7155,REPORTED_BY
1562,7155,REPORTED_BY
1563,7155,REPORTED_BY
1564,7156,REPORTED_BY
1565,7155,REPORTED_BY
1566,7155,REPORTED_BY
1567,7155,REPORTED_BY
1568,7156,REPORTED_BY
1569,7155,REPORTED_BY
1570,7157,REPORTED_BY
1571,7155,REPORTED_BY
1572,7155,REPORTED_BY
1573,7155,REPORTED_BY
1574,7155,REPORTED_BY
1575,7155,REPORTED_BY
1576,7155,REPORTED_BY
1577,7155,REPORTED_BY
1578,7155,REPORTED_BY
1579,7155,REPORTED_BY
1580,7156,REPORTED_BY
1581,7155,REPORTED_BY
1582,7156,REPORTED_BY
1583,7155,REPORTED_BY
1584,7155,REPORTED_BY
1585,7155,REPORTED_BY
1586,7155,REPORTED_BY
1587,7155,REPORTED_BY
1588,7156,REPORTED_BY
1589,7155,REPORTED_BY
1590,7155,REPORTED_BY
1591,7155,REPORTED_BY
1592,7155,REPORTED_BY
1593,7155,REPORTED_BY
1594,7155,REPORTED_BY
1595,7155,REPORTED_BY
1596,7155,REPORTED_BY
1597,7155,REPORTED_BY
1598,7155,REPORTED_BY
1599,7155,REPORTED_BY
1600,7156,REPORTED_BY
1601,7155,REPORTED_BY
1602,7155,REPORTED_BY
1603,7155,REPORTED_BY
1604,7156,REPORTED_BY
1605,7155,REPORTED_BY
1606,7155,REPORTED_BY
1612,7155,REPORTED_BY
1613,7155,REPORTED_BY
1614,7155,REPORTED_BY
1615,7155,REPORTED_BY
1616,7155,REPORTED_BY
1617,7156,REPORTED_BY
1618,7155,REPORTED_BY
1619,7155,REPORTED_BY
1620,7155,REPORTED_BY
1621,7155,REPORTED_BY
1622,7155,REPORTED_BY
1623,7155,REPORTED_BY
1624,7155,REPORTED_BY
1625,7155,REPORTED_BY
1626,7155,REPORTED_BY
1627,7155,REPORTED_BY
1628,7155,REPORTED_BY
1629,7155,REPORTED_BY
1630,7155,REPORTED_BY
1631,7155,REPORTED_BY
1632,7155,REPORTED_BY
1633,7155,REPORTED_BY
1634,7155,REPORTED_BY
1635,7156,REPORTED_BY
1636,7155,REPORTED_BY
1637,7155,REPORTED_BY
1638,7156,REPORTED_BY
1639,7155,REPORTED_BY
1640,7155,REPORTED_BY
1641,7155,REPORTED_BY
1642,7155,REPORTED_BY
1643,7155,REPORTED_BY
1644,7155,REPORTED_BY
1645,7155,REPORTED_BY
1646,7155,REPORTED_BY
1647,7155,REPORTED_BY
1648,7155,REPORTED_BY
1649,7156,REPORTED_BY
1650,7155,REPORTED_BY
1651,7156,REPORTED_BY
1652,7155,REPORTED_BY
1653,7155,REPORTED_BY
1654,7155,REPORTED_BY
1655,7156,REPORTED_BY
1656,7155,REPORTED_BY
1657,7155,REPORTED_BY
1658,7155,REPORTED_BY
1659,7156,REPORTED_BY
1660,7156,REPORTED_BY
1661,7156,REPORTED_BY
1662,7155,REPORTED_BY
1663,7156,REPORTED_BY
1664,7155,REPORTED_BY
1665,7155,REPORTED_BY
1666,7156,REPORTED_BY
1667,7155,REPORTED_BY
1668,7155,REPORTED_BY
1669,7155,REPORTED_BY
1670,7155,REPORTED_BY
1671,7155,REPORTED_BY
1672,7155,REPORTED_BY
1673,7155,REPORTED_BY
1674,7155,REPORTED_BY
1675,7155,REPORTED_BY
1676,7155,REPORTED_BY
1677,7155,REPORTED_BY
1678,7155,REPORTED_BY
1679,7155,REPORTED_BY
1680,7155,REPORTED_BY
1681,7156,REPORTED_BY
1682,7155,REPORTED_BY
1683,7155,REPORTED_BY
1684,7155,REPORTED_BY
1685,7157,REPORTED_BY
1686,7155,REPORTED_BY
1687,7155,REPORTED_BY
1688,7155,REPORTED_BY
1689,7155,REPORTED_BY
1690,7155,REPORTED_BY
1691,7155,REPORTED_BY
1692,7155,REPORTED_BY
1693,7155,REPORTED_BY
1694,7155,REPORTED_BY
1695,7155,REPORTED_BY
1696,7155,REPORTED_BY
1697,7155,REPORTED_BY
1698,7155,REPORTED_BY
1699,7156,REPORTED_BY
1700,7155,REPORTED_BY
1701,7155,REPORTED_BY
1702,7155,REPORTED_BY
1703,7155,REPORTED_BY
1704,7155,REPORTED_BY
1705,7155,REPORTED_BY
1706,7156,REPORTED_BY
1707,7156,REPORTED_BY
1708,7156,REPORTED_BY
1709,7155,REPORTED_BY
1710,7155,REPORTED_BY
1711,7155,REPORTED_BY
1712,7156,REPORTED_BY
1713,7157,REPORTED_BY
1714,7156,REPORTED_BY
1715,7156,REPORTED_BY
1716,7155,REPORTED_BY
1717,7155,REPORTED_BY
1718,7155,REPORTED_BY
1719,7155,REPORTED_BY
1720,7155,REPORTED_BY
1721,7155,REPORTED_BY
1722,7155,REPORTED_BY
1723,7155,REPORTED_BY
1724,7155,REPORTED_BY
1725,7155,REPORTED_BY
1726,7155,REPORTED_BY
1727,7156,REPORTED_BY
1728,7155,REPORTED_BY
1729,7155,REPORTED_BY
1730,7156,REPORTED_BY
1731,7155,REPORTED_BY
1732,7155,REPORTED_BY
1733,7155,REPORTED_BY
1734,7155,REPORTED_BY
1735,7155,REPORTED_BY
1736,7155,REPORTED_BY
1737,7155,REPORTED_BY
1738,7155,REPORTED_BY
1739,7155,REPORTED_BY
1744,7155,REPORTED_BY
1745,7155,REPORTED_BY
1746,7155,REPORTED_BY
1747,7155,REPORTED_BY
1748,7155,REPORTED_BY
1749,7155,REPORTED_BY
1750,7155,REPORTED_BY
1751,7155,REPORTED_BY
1752,7156,REPORTED_BY
1753,7155,REPORTED_BY
1754,7155,REPORTED_BY
1755,7155,REPORTED_BY
1756,7156,REPORTED_BY
1757,7155,REPORTED_BY
1758,7155,REPORTED_BY
1759,7155,REPORTED_BY
1760,7155,REPORTED_BY
1761,7155,REPORTED_BY
1762,7156,REPORTED_BY
1763,7156,REPORTED_BY
1764,7155,REPORTED_BY
1765,7155,REPORTED_BY
1766,7155,REPORTED_BY
1767,7156,REPORTED_BY
1768,7155,REPORTED_BY
1769,7155,REPORTED_BY
1770,7155,REPORTED_BY
1771,7155,REPORTED_BY
1772,7155,REPORTED_BY
1773,7155,REPORTED_BY
1774,7155,REPORTED_BY
1775,7155,REPORTED_BY
1776,7155,REPORTED_BY
1777,7155,REPORTED_BY
1778,7155,REPORTED_BY
1779,7155,REPORTED_BY
1780,7156,REPORTED_BY
1781,7155,REPORTED_BY
1782,7155,REPORTED_BY
1783,7155,REPORTED_BY
1784,7155,REPORTED_BY
1785,7155,REPORTED_BY
1786,7155,REPORTED_BY
1787,7155,REPORTED_BY
1788,7155,REPORTED_BY
1789,7155,REPORTED_BY
1790,7155,REPORTED_BY
1791,7155,REPORTED_BY
1792,7155,REPORTED_BY
1793,7155,REPORTED_BY
1794,7155,REPORTED_BY
1795,7156,REPORTED_BY
1796,7156,REPORTED_BY
1797,7155,REPORTED_BY
1798,7155,REPORTED_BY
1799,7155,REPORTED_BY
1800,7155,REPORTED_BY
1801,7155,REPORTED_BY
1802,7155,REPORTED_BY
1803,7156,REPORTED_BY
1804,7156,REPORTED_BY
1805,7157,REPORTED_BY
1806,7156,REPORTED_BY
1807,7155,REPORTED_BY
1808,7156,REPORTED_BY
1809,7156,REPORTED_BY
1810,7156,REPORTED_BY
1811,7155,REPORTED_BY
1812,7155,REPORTED_BY
1813,7155,REPORTED_BY
1814,7155,REPORTED_BY
1815,7155,REPORTED_BY
1816,7156,REPORTED_BY
1817,7155,REPORTED_BY
1818,7155,REPORTED_BY
1819,7155,REPORTED_BY
1820,7155,REPORTED_BY
1821,7155,REPORTED_BY
1822,7156,REPORTED_BY
1823,7155,REPORTED_BY
1824,7156,REPORTED_BY
1825,7156,REPORTED_BY
1826,7155,REPORTED_BY
1827,7156,REPORTED_BY
1828,7157,REPORTED_BY
1829,7156,REPORTED_BY
1830,7155,REPORTED_BY
1831,7157,REPORTED_BY
1832,7155,REPORTED_BY
1833,7156,REPORTED_BY
1834,7155,REPORTED_BY
1835,7155,REPORTED_BY
1836,7155,REPORTED_BY
1837,7155,REPORTED_BY
1838,7155,REPORTED_BY
1839,7155,REPORTED_BY
1840,7155,REPORTED_BY
1841,7155,REPORTED_BY
1842,7155,REPORTED_BY
1843,7156,REPORTED_BY
1844,7155,REPORTED_BY
1845,7155,REPORTED_BY
1846,7155,REPORTED_BY
1847,7155,REPORTED_BY
1848,7155,REPORTED_BY
1849,7155,REPORTED_BY
1850,7155,REPORTED_BY
1851,7156,REPORTED_BY
1852,7155,REPORTED_BY
1853,7155,REPORTED_BY
1854,7155,REPORTED_BY
1855,7155,REPORTED_BY
1856,7155,REPORTED_BY
1857,7155,REPORTED_BY
1858,7155,REPORTED_BY
1859,7155,REPORTED_BY
1860,7155,REPORTED_BY
1861,7155,REPORTED_BY
1862,7155,REPORTED_BY
1863,7156,REPORTED_BY
1864,7156,REPORTED_BY
1865,7155,REPORTED_BY
1866,7155,REPORTED_BY
1867,7155,REPORTED_BY
1868,7155,REPORTED_BY
1869,7155,REPORTED_BY
1870,7155,REPORTED_BY
1871,7155,REPORTED_BY
1877,7155,REPORTED_BY
1878,7155,REPORTED_BY
1879,7155,REPORTED_BY
1880,7155,REPORTED_BY
1881,7155,REPORTED_BY
1882,7155,REPORTED_BY
1883,7155,REPORTED_BY
1884,7156,REPORTED_BY
1885,7156,REPORTED_BY
1886,7156,REPORTED_BY
1887,7155,REPORTED_BY
1888,7155,REPORTED_BY
1889,7155,REPORTED_BY
1890,7155,REPORTED_BY
1891,7156,REPORTED_BY
1892,7156,REPORTED_BY
1893,7156,REPORTED_BY
1894,7155,REPORTED_BY
1895,7155,REPORTED_BY
1896,7155,REPORTED_BY
1897,7155,REPORTED_BY
1898,7155,REPORTED_BY
1899,7155,REPORTED_BY
1900,7155,REPORTED_BY
1901,7155,REPORTED_BY
1902,7155,REPORTED_BY
1903,7155,REPORTED_BY
1904,7155,REPORTED_BY
1905,7156,REPORTED_BY
1906,7155,REPORTED_BY
1907,7155,REPORTED_BY
1908,7155,REPORTED_BY
1909,7155,REPORTED_BY
1910,7155,REPORTED_BY
1911,7156,REPORTED_BY
1912,7155,REPORTED_BY
1913,7155,REPORTED_BY
1914,7155,REPORTED_BY
1915,7155,REPORTED_BY
1916,7155,REPORTED_BY
1917,7155,REPORTED_BY
1918,7155,REPORTED_BY
1919,7155,REPORTED_BY
1920,7159,REPORTED_BY
1921,7155,REPORTED_BY
1922,7155,REPORTED_BY
1923,7155,REPORTED_BY
1924,7156,REPORTED_BY
1925,7155,REPORTED_BY
1926,7155,REPORTED_BY
1927,7155,REPORTED_BY
1928,7155,REPORTED_BY
1929,7156,REPORTED_BY
1930,7155,REPORTED_BY
1931,7156,REPORTED_BY
1932,7155,REPORTED_BY
1933,7155,REPORTED_BY
1934,7155,REPORTED_BY
1935,7155,REPORTED_BY
1936,7155,REPORTED_BY
1937,7155,REPORTED_BY
1938,7156,REPORTED_BY
1939,7156,REPORTED_BY
1940,7155,REPORTED_BY
1941,7155,REPORTED_BY
1942,7155,REPORTED_BY
1943,7155,REPORTED_BY
1944,7156,REPORTED_BY
1945,7155,REPORTED_BY
1946,7155,REPORTED_BY
1947,7155,REPORTED_BY
1948,7155,REPORTED_BY
1949,7155,REPORTED_BY
1950,7155,REPORTED_BY
1951,7155,REPORTED_BY
1952,7155,REPORTED_BY
1953,7155,REPORTED_BY
1954,7155,REPORTED_BY
1955,7155,REPORTED_BY
1956,7155,REPORTED_BY
1957,7155,REPORTED_BY
1958,7155,REPORTED_BY
1959,7155,REPORTED_BY
1960,7155,REPORTED_BY
1961,7155,REPORTED_BY
1962,7155,REPORTED_BY
1963,7155,REPORTED_BY
1964,7155,REPORTED_BY
1965,7155,REPORTED_BY
1966,7155,REPORTED_BY
1967,7155,REPORTED_BY
1968,7155,REPORTED_BY
1969,7155,REPORTED_BY
1970,7155,REPORTED_BY
1971,7155,REPORTED_BY
1972,7155,REPORTED_BY
1973,7155,REPORTED_BY
1974,7155,REPORTED_BY
1975,7155,REPORTED_BY
1976,7155,REPORTED_BY
1977,7155,REPORTED_BY
1978,7155,REPORTED_BY
1979,7155,REPORTED_BY
1980,7155,REPORTED_BY
1981,7155,REPORTED_BY
1982,7155,REPORTED_BY
1983,7156,REPORTED_BY
1984,7155,REPORTED_BY
1985,7155,REPORTED_BY
1986,7156,REPORTED_BY
1987,7155,REPORTED_BY
1988,7155,REPORTED_BY
1989,7155,REPORTED_BY
1990,7155,REPORTED_BY
1991,7155,REPORTED_BY
1992,7155,REPORTED_BY
1993,7155,REPORTED_BY
1994,7155,REPORTED_BY
1995,7155,REPORTED_BY
1996,7155,REPORTED_BY
1997,7156,REPORTED_BY
1998,7155,REPORTED_BY
1999,7155,REPORTED_BY
2000,7155,REPORTED_BY
2001,7155,REPORTED_BY
2002,7156,REPORTED_BY
2003,7155,REPORTED_BY
2004,7155,REPORTED_BY
2008,7156,REPORTED_BY
2009,7155,REPORTED_BY
2010,7155,REPORTED_BY
2011,7156,REPORTED_BY
2012,7155,REPORTED_BY
2013,7156,REPORTED_BY
2014,7156,REPORTED_BY
2015,7156,REPORTED_BY
2016,7155,REPORTED_BY
2017,7155,REPORTED_BY
2018,7155,REPORTED_BY
2019,7156,REPORTED_BY
2020,7155,REPORTED_BY
2021,7155,REPORTED_BY
2022,7155,REPORTED_BY
2023,7155,REPORTED_BY
2024,7156,REPORTED_BY
2025,7155,REPORTED_BY
2026,7155,REPORTED_BY
2027,7155,REPORTED_BY
2028,7155,REPORTED_BY
2029,7155,REPORTED_BY
2030,7156,REPORTED_BY
2031,7155,REPORTED_BY
2032,7155,REPORTED_BY
2033,7155,REPORTED_BY
2034,7155,REPORTED_BY
2035,7155,REPORTED_BY
2036,7155,REPORTED_BY
2037,7155,REPORTED_BY
2038,7155,REPORTED_BY
2039,7155,REPORTED_BY
2040,7155,REPORTED_BY
2041,7155,REPORTED_BY
2042,7155,REPORTED_BY
2043,7155,REPORTED_BY
2044,7155,REPORTED_BY
2045,7155,REPORTED_BY
2046,7155,REPORTED_BY
2047,7155,REPORTED_BY
2048,7155,REPORTED_BY
2049,7155,REPORTED_BY
2050,7155,REPORTED_BY
2051,7156,REPORTED_BY
2052,7155,REPORTED_BY
2053,7155,REPORTED_BY
2054,7155,REPORTED_BY
2055,7155,REPORTED_BY
2056,7155,REPORTED_BY
2057,7156,REPORTED_BY
2058,7155,REPORTED_BY
2059,7155,REPORTED_BY
2060,7155,REPORTED_BY
2061,7155,REPORTED_BY
2062,7156,REPORTED_BY
2063,7155,REPORTED_BY
2064,7155,REPORTED_BY
2065,7156,REPORTED_BY
2066,7156,REPORTED_BY
2067,7156,REPORTED_BY
2068,7155,REPORTED_BY
2069,7156,REPORTED_BY
2070,7155,REPORTED_BY
2071,7156,REPORTED_BY
2072,7155,REPORTED_BY
2073,7156,REPORTED_BY
2074,7155,REPORTED_BY
2075,7155,REPORTED_BY
2076,7155,REPORTED_BY
2077,7155,REPORTED_BY
2078,7155,REPORTED_BY
2079,7155,REPORTED_BY
2080,7155,REPORTED_BY
2081,7155,REPORTED_BY
2082,7155,REPORTED_BY
2083,7155,REPORTED_BY
2084,7155,REPORTED_BY
2085,7155,REPORTED_BY
2086,7155,REPORTED_BY
2087,7155,REPORTED_BY
2088,7156,REPORTED_BY
2089,7155,REPORTED_BY
2090,7156,REPORTED_BY
2091,7155,REPORTED_BY
2092,7155,REPORTED_BY
2093,7155,REPORTED_BY
2094,7155,REPORTED_BY
2095,7155,REPORTED_BY
2096,7155,REPORTED_BY
2097,7156,REPORTED_BY
2098,7155,REPORTED_BY
2099,7155,REPORTED_BY
2100,7155,REPORTED_BY
2101,7155,REPORTED_BY
2102,7155,REPORTED_BY
2103,7155,REPORTED_BY
2104,7155,REPORTED_BY
2105,7155,REPORTED_BY
2106,7155,REPORTED_BY
2107,7156,REPORTED_BY
2108,7155,REPORTED_BY
2109,7156,REPORTED_BY
2110,7155,REPORTED_BY
2111,7155,REPORTED_BY
2112,7155,REPORTED_BY
2113,7155,REPORTED_BY
2114,7155,REPORTED_BY
2115,7155,REPORTED_BY
2116,7155,REPORTED_BY
2117,7155,REPORTED_BY
2118,7155,REPORTED_BY
2119,7155,REPORTED_BY
2120,7155,REPORTED_BY
2121,7155,REPORTED_BY
2122,7155,REPORTED_BY
2123,7155,REPORTED_BY
2124,7155,REPORTED_BY
2125,7155,REPORTED_BY
2126,7155,REPORTED_BY
2127,7155,REPORTED_BY
2128,7156,REPORTED_BY
2129,7155,REPORTED_BY
2130,7155,REPORTED_BY
2131,7156,REPORTED_BY
2132,7156,REPORTED_BY
2133,7156,REPORTED_BY
2134,7156,REPORTED_BY
2135,7156,REPORTED_BY
2144,7155,REPORTED_BY
2145,7155,REPORTED_BY
2146,7155,REPORTED_BY
2147,7156,REPORTED_BY
2148,7156,REPORTED_BY
2149,7156,REPORTED_BY
2150,7155,REPORTED_BY
2151,7156,REPORTED_BY
2152,7156,REPORTED_BY
2153,7156,REPORTED_BY
2154,7156,REPORTED_BY
2155,7155,REPORTED_BY
2156,7155,REPORTED_BY
2157,7156,REPORTED_BY
2158,7156,REPORTED_BY
2159,7156,REPORTED_BY
2160,7156,REPORTED_BY
2161,7155,REPORTED_BY
2162,7156,REPORTED_BY
2163,7155,REPORTED_BY
2164,7156,REPORTED_BY
2165,7156,REPORTED_BY
2166,7156,REPORTED_BY
2167,7155,REPORTED_BY
2168,7156,REPORTED_BY
2169,7156,REPORTED_BY
2170,7155,REPORTED_BY
2171,7155,REPORTED_BY
2172,7155,REPORTED_BY
2173,7155,REPORTED_BY
2174,7155,REPORTED_BY
2175,7155,REPORTED_BY
2176,7155,REPORTED_BY
2177,7155,REPORTED_BY
2178,7155,REPORTED_BY
2179,7155,REPORTED_BY
2180,7155,REPORTED_BY
2181,7155,REPORTED_BY
2182,7155,REPORTED_BY
2183,7155,REPORTED_BY
2184,7155,REPORTED_BY
2185,7156,REPORTED_BY
2186,7156,REPORTED_BY
2187,7155,REPORTED_BY
2188,7155,REPORTED_BY
2189,7155,REPORTED_BY
2190,7155,REPORTED_BY
2191,7155,REPORTED_BY
2192,7155,REPORTED_BY
2193,7155,REPORTED_BY
2194,7156,REPORTED_BY
2195,7155,REPORTED_BY
2196,7155,REPORTED_BY
2197,7156,REPORTED_BY
2198,7155,REPORTED_BY
2199,7155,REPORTED_BY
2200,7155,REPORTED_BY
2201,7155,REPORTED_BY
2202,7155,REPORTED_BY
2203,7155,REPORTED_BY
2204,7155,REPORTED_BY
2205,7155,REPORTED_BY
2206,7156,REPORTED_BY
2207,7155,REPORTED_BY
2208,7155,REPORTED_BY
2209,7155,REPORTED_BY
2210,7155,REPORTED_BY
2211,7155,REPORTED_BY
2212,7155,REPORTED_BY
2213,7155,REPORTED_BY
2214,7155,REPORTED_BY
2215,7155,REPORTED_BY
2216,7155,REPORTED_BY
2217,7155,REPORTED_BY
2218,7155,REPORTED_BY
2219,7155,REPORTED_BY
2220,7155,REPORTED_BY
2221,7156,REPORTED_BY
2222,7155,REPORTED_BY
2223,7155,REPORTED_BY
2224,7155,REPORTED_BY
2225,7155,REPORTED_BY
2226,7155,REPORTED_BY
2227,7157,REPORTED_BY
2228,7155,REPORTED_BY
2229,7155,REPORTED_BY
2230,7156,REPORTED_BY
2231,7155,REPORTED_BY
2232,7155,REPORTED_BY
2233,7155,REPORTED_BY
2234,7156,REPORTED_BY
2235,7155,REPORTED_BY
2236,7155,REPORTED_BY
2237,7155,REPORTED_BY
2238,7156,REPORTED_BY
2239,7155,REPORTED_BY
2240,7156,REPORTED_BY
2241,7155,REPORTED_BY
2242,7155,REPORTED_BY
2243,7155,REPORTED_BY
2244,7155,REPORTED_BY
2245,7155,REPORTED_BY
2246,7155,REPORTED_BY
2247,7155,REPORTED_BY
2248,7155,REPORTED_BY
2249,7155,REPORTED_BY
2250,7155,REPORTED_BY
2251,7155,REPORTED_BY
2252,7155,REPORTED_BY
2253,7155,REPORTED_BY
2254,7156,REPORTED_BY
2255,7156,REPORTED_BY
2256,7156,REPORTED_BY
2257,7155,REPORTED_BY
2258,7155,REPORTED_BY
2259,7155,REPORTED_BY
2260,7155,REPORTED_BY
2261,7155,REPORTED_BY
2262,7155,REPORTED_BY
2263,7155,REPORTED_BY
2264,7155,REPORTED_BY
2265,7155,REPORTED_BY
2266,7155,REPORTED_BY
2267,7155,REPORTED_BY
2268,7155,REPORTED_BY
2269,7155,REPORTED_BY
2270,7155,REPORTED_BY
2271,7155,REPORTED_BY
2278,7155,REPORTED_BY
2279,7155,REPORTED_BY
2280,7155,REPORTED_BY
2281,7155,REPORTED_BY
2282,7155,REPORTED_BY
2283,7155,REPORTED_BY
2284,7155,REPORTED_BY
2285,7156,REPORTED_BY
2286,7155,REPORTED_BY
2287,7155,REPORTED_BY
2288,7155,REPORTED_BY
2289,7155,REPORTED_BY
2290,7155,REPORTED_BY
2291,7155,REPORTED_BY
2292,7155,REPORTED_BY
2293,7155,REPORTED_BY
2294,7155,REPORTED_BY
2295,7155,REPORTED_BY
2296,7155,REPORTED_BY
2297,7155,REPORTED_BY
2298,7155,REPORTED_BY
2299,7156,REPORTED_BY
2300,7155,REPORTED_BY
2301,7155,REPORTED_BY
2302,7155,REPORTED_BY
2303,7155,REPORTED_BY
2304,7155,REPORTED_BY
2305,7155,REPORTED_BY
2306,7155,REPORTED_BY
2307,7155,REPORTED_BY
2308,7155,REPORTED_BY
2309,7155,REPORTED_BY
2310,7155,REPORTED_BY
2311,7155,REPORTED_BY
2312,7155,REPORTED_BY
2313,7155,REPORTED_BY
2314,7156,REPORTED_BY
2315,7155,REPORTED_BY
2316,7155,REPORTED_BY
2317,7155,REPORTED_BY
2318,7155,REPORTED_BY
2319,7155,REPORTED_BY
2320,7155,REPORTED_BY
2321,7155,REPORTED_BY
2322,7155,REPORTED_BY
2323,7155,REPORTED_BY
2324,7155,REPORTED_BY
2325,7155,REPORTED_BY
2326,7156,REPORTED_BY
2327,7156,REPORTED_BY
2328,7156,REPORTED_BY
2329,7156,REPORTED_BY
2330,7156,REPORTED_BY
2331,7155,REPORTED_BY
2332,7156,REPORTED_BY
2333,7156,REPORTED_BY
2334,7155,REPORTED_BY
2335,7155,REPORTED_BY
2336,7156,REPORTED_BY
2337,7155,REPORTED_BY
2338,7155,REPORTED_BY
2339,7155,REPORTED_BY
2340,7155,REPORTED_BY
2341,7155,REPORTED_BY
2342,7155,REPORTED_BY
2343,7155,REPORTED_BY
2344,7155,REPORTED_BY
2345,7155,REPORTED_BY
2346,7155,REPORTED_BY
2347,7156,REPORTED_BY
2348,7155,REPORTED_BY
2349,7155,REPORTED_BY
2350,7155,REPORTED_BY
2351,7156,REPORTED_BY
2352,7155,REPORTED_BY
2353,7156,REPORTED_BY
2354,7155,REPORTED_BY
2355,7156,REPORTED_BY
2356,7156,REPORTED_BY
2357,7156,REPORTED_BY
2358,7155,REPORTED_BY
2359,7155,REPORTED_BY
2360,7156,REPORTED_BY
2361,7155,REPORTED_BY
2362,7156,REPORTED_BY
2363,7155,REPORTED_BY
2364,7155,REPORTED_BY
2365,7156,REPORTED_BY
2366,7155,REPORTED_BY
2367,7155,REPORTED_BY
2368,7155,REPORTED_BY
2369,7155,REPORTED_BY
2370,7155,REPORTED_BY
2371,7155,REPORTED_BY
2372,7155,REPORTED_BY
2373,7155,REPORTED_BY
2374,7156,REPORTED_BY
2375,7155,REPORTED_BY
2376,7156,REPORTED_BY
2377,7156,REPORTED_BY
2378,7155,REPORTED_BY
2379,7155,REPORTED_BY
2380,7155,REPORTED_BY
2381,7155,REPORTED_BY
2382,7155,REPORTED_BY
2383,7155,REPORTED_BY
2384,7155,REPORTED_BY
2385,7156,REPORTED_BY
2386,7156,REPORTED_BY
2387,7155,REPORTED_BY
2388,7155,REPORTED_BY
2389,7155,REPORTED_BY
2390,7155,REPORTED_BY
2391,7156,REPORTED_BY
2392,7155,REPORTED_BY
2393,7155,REPORTED_BY
2394,7155,REPORTED_BY
2395,7155,REPORTED_BY
2396,7155,REPORTED_BY
2397,7155,REPORTED_BY
2398,7155,REPORTED_BY
2399,7155,REPORTED_BY
2400,7155,REPORTED_BY
2401,7155,REPORTED_BY
2402,7155,REPORTED_BY
2403,7155,REPORTED_BY
2404,7155,REPORTED_BY
2405,7155,REPORTED_BY
2411,7155,REPORTED_BY
2412,7156,REPORTED_BY
2413,7155,REPORTED_BY
2414,7155,REPORTED_BY
2415,7155,REPORTED_BY
2416,7156,REPORTED_BY
2417,7155,REPORTED_BY
2418,7155,REPORTED_BY
2419,7155,REPORTED_BY
2420,7155,REPORTED_BY
2421,7155,REPORTED_BY
2422,7155,REPORTED_BY
2423,7155,REPORTED_BY
2424,7155,REPORTED_BY
2425,7155,REPORTED_BY
2426,7155,REPORTED_BY
2427,7155,REPORTED_BY
2428,7155,REPORTED_BY
2429,7155,REPORTED_BY
2430,7155,REPORTED_BY
2431,7155,REPORTED_BY
2432,7155,REPORTED_BY
2433,7155,REPORTED_BY
2434,7155,REPORTED_BY
2435,7155,REPORTED_BY
2436,7155,REPORTED_BY
2437,7155,REPORTED_BY
2438,7156,REPORTED_BY
2439,7155,REPORTED_BY
2440,7155,REPORTED_BY
2441,7155,REPORTED_BY
2442,7155,REPORTED_BY
2443,7155,REPORTED_BY
2444,7155,REPORTED_BY
2445,7155,REPORTED_BY
2446,7155,REPORTED_BY
2447,7156,REPORTED_BY
2448,7156,REPORTED_BY
2449,7155,REPORTED_BY
2450,7155,REPORTED_BY
2451,7155,REPORTED_BY
2452,7155,REPORTED_BY
2453,7155,REPORTED_BY
2454,7155,REPORTED_BY
2455,7155,REPORTED_BY
2456,7155,REPORTED_BY
2457,7155,REPORTED_BY
2458,7155,REPORTED_BY
2459,7155,REPORTED_BY
2460,7155,REPORTED_BY
2461,7155,REPORTED_BY
2462,7155,REPORTED_BY
2463,7155,REPORTED_BY
2464,7156,REPORTED_BY
2465,7155,REPORTED_BY
2466,7156,REPORTED_BY
2467,7155,REPORTED_BY
2468,7156,REPORTED_BY
2469,7156,REPORTED_BY
2470,7156,REPORTED_BY
2471,7155,REPORTED_BY
2472,7156,REPORTED_BY
2473,7155,REPORTED_BY
2474,7155,REPORTED_BY
2475,7155,REPORTED_BY
2476,7155,REPORTED_BY
2477,7155,REPORTED_BY
2478,7155,REPORTED_BY
2479,7155,REPORTED_BY
2480,7155,REPORTED_BY
2481,7155,REPORTED_BY
2482,7156,REPORTED_BY
2483,7155,REPORTED_BY
2484,7156,REPORTED_BY
2485,7156,REPORTED_BY
2486,7155,REPORTED_BY
2487,7155,REPORTED_BY
2488,7155,REPORTED_BY
2489,7155,REPORTED_BY
2490,7155,REPORTED_BY
2491,7155,REPORTED_BY
2492,7155,REPORTED_BY
2493,7155,REPORTED_BY
2494,7155,REPORTED_BY
2495,7155,REPORTED_BY
2496,7155,REPORTED_BY
2497,7156,REPORTED_BY
2498,7155,REPORTED_BY
2499,7155,REPORTED_BY
2500,7155,REPORTED_BY
2501,7155,REPORTED_BY
2502,7156,REPORTED_BY
2503,7155,REPORTED_BY
2504,7155,REPORTED_BY
2505,7155,REPORTED_BY
2506,7155,REPORTED_BY
2507,7155,REPORTED_BY
2508,7155,REPORTED_BY
2509,7155,REPORTED_BY
2510,7155,REPORTED_BY
2511,7155,REPORTED_BY
2512,7155,REPORTED_BY
2513,7155,REPORTED_BY
2514,7155,REPORTED_BY
2515,7155,REPORTED_BY
2516,7156,REPORTED_BY
2517,7155,REPORTED_BY
2518,7155,REPORTED_BY
2519,7156,REPORTED_BY
2520,7155,REPORTED_BY
2521,7155,REPORTED_BY
2522,7156,REPORTED_BY
2523,7156,REPORTED_BY
2524,7156,REPORTED_BY
2525,7155,REPORTED_BY
2526,7156,REPORTED_BY
2527,7155,REPORTED_BY
2528,7157,REPORTED_BY
2529,7156,REPORTED_BY
2530,7155,REPORTED_BY
2531,7159,REPORTED_BY
2532,7156,REPORTED_BY
2533,7155,REPORTED_BY
2534,7155,REPORTED_BY
2535,7155,REPORTED_BY
2536,7155,REPORTED_BY
2537,7155,REPORTED_BY
2538,7156,REPORTED_BY
2543,7155,REPORTED_BY
2544,7155,REPORTED_BY
2545,7155,REPORTED_BY
2546,7156,REPORTED_BY
2547,7155,REPORTED_BY
2548,7155,REPORTED_BY
2549,7155,REPORTED_BY
2550,7155,REPORTED_BY
2551,7155,REPORTED_BY
2552,7156,REPORTED_BY
2553,7155,REPORTED_BY
2554,7155,REPORTED_BY
2555,7156,REPORTED_BY
2556,7156,REPORTED_BY
2557,7155,REPORTED_BY
2558,7155,REPORTED_BY
2559,7155,REPORTED_BY
2560,7155,REPORTED_BY
2561,7156,REPORTED_BY
2562,7156,REPORTED_BY
2563,7155,REPORTED_BY
2564,7155,REPORTED_BY
2565,7156,REPORTED_BY
2566,7156,REPORTED_BY
2567,7156,REPORTED_BY
2568,7155,REPORTED_BY
2569,7155,REPORTED_BY
2570,7156,REPORTED_BY
2571,7155,REPORTED_BY
2572,7155,REPORTED_BY
2573,7155,REPORTED_BY
2574,7155,REPORTED_BY
2575,7155,REPORTED_BY
2576,7156,REPORTED_BY
2577,7155,REPORTED_BY
2578,7155,REPORTED_BY
2579,7155,REPORTED_BY
2580,7155,REPORTED_BY
2581,7155,REPORTED_BY
2582,7155,REPORTED_BY
2583,7155,REPORTED_BY
2584,7155,REPORTED_BY
2585,7155,REPORTED_BY
2586,7156,REPORTED_BY
2587,7155,REPORTED_BY
2588,7155,REPORTED_BY
2589,7155,REPORTED_BY
2590,7155,REPORTED_BY
2591,7155,REPORTED_BY
2592,7155,REPORTED_BY
2593,7155,REPORTED_BY
2594,7155,REPORTED_BY
2595,7155,REPORTED_BY
2596,7155,REPORTED_BY
2597,7155,REPORTED_BY
2598,7155,REPORTED_BY
2599,7155,REPORTED_BY
2600,7155,REPORTED_BY
2601,7155,REPORTED_BY
2602,7155,REPORTED_BY
2603,7155,REPORTED_BY
2604,7155,REPORTED_BY
2605,7155,REPORTED_BY
2606,7155,REPORTED_BY
2607,7156,REPORTED_BY
2608,7155,REPORTED_BY
2609,7155,REPORTED_BY
2610,7155,REPORTED_BY
2611,7155,REPORTED_BY
2612,7155,REPORTED_BY
2613,7155,REPORTED_BY
2614,7155,REPORTED_BY
2615,7155,REPORTED_BY
2616,7155,REPORTED_BY
2617,7155,REPORTED_BY
2618,7155,REPORTED_BY
2619,7156,REPORTED_BY
2620,7155,REPORTED_BY
2621,7155,REPORTED_BY
2622,7155,REPORTED_BY
2623,7156,REPORTED_BY
2624,7155,REPORTED_BY
2625,7155,REPORTED_BY
2626,7155,REPORTED_BY
2627,7155,REPORTED_BY
2628,7155,REPORTED_BY
2629,7155,REPORTED_BY
2630,7156,REPORTED_BY
2631,7155,REPORTED_BY
2632,7155,REPORTED_BY
2633,7155,REPORTED_BY
2634,7155,REPORTED_BY
2635,7155,REPORTED_BY
2636,7155,REPORTED_BY
2637,7155,REPORTED_BY
2638,7155,REPORTED_BY
2639,7155,REPORTED_BY
2640,7155,REPORTED_BY
2641,7155,REPORTED_BY
2642,7155,REPORTED_BY
2643,7155,REPORTED_BY
2644,7155,REPORTED_BY
2645,7155,REPORTED_BY
2646,7155,REPORTED_BY
2647,7155,REPORTED_BY
2648,7156,REPORTED_BY
2649,7155,REPORTED_BY
2650,7155,REPORTED_BY
2651,7155,REPORTED_BY
2652,7155,REPORTED_BY
2653,7155,REPORTED_BY
2654,7156,REPORTED_BY
2655,7155,REPORTED_BY
2656,7155,REPORTED_BY
2657,7155,REPORTED_BY
2658,7156,REPORTED_BY
2659,7156,REPORTED_BY
2660,7155,REPORTED_BY
2661,7155,REPORTED_BY
2662,7155,REPORTED_BY
2663,7155,REPORTED_BY
2664,7155,REPORTED_BY
2665,7156,REPORTED_BY
2666,7156,REPORTED_BY
2667,7155,REPORTED_BY
2668,7155,REPORTED_BY
2669,7155,REPORTED_BY
2670,7155,REPORTED_BY
2674,7155,REPORTED_BY
2675,7155,REPORTED_BY
2676,7155,REPORTED_BY
2677,7155,REPORTED_BY
2678,7155,REPORTED_BY
2679,7155,REPORTED_BY
2680,7156,REPORTED_BY
2681,7155,REPORTED_BY
2682,7155,REPORTED_BY
2683,7155,REPORTED_BY
2684,7155,REPORTED_BY
2685,7155,REPORTED_BY
2686,7155,REPORTED_BY
2687,7155,REPORTED_BY
2688,7155,REPORTED_BY
2689,7155,REPORTED_BY
2690,7155,REPORTED_BY
2691,7155,REPORTED_BY
2692,7155,REPORTED_BY
2693,7155,REPORTED_BY
2694,7155,REPORTED_BY
2695,7155,REPORTED_BY
2696,7155,REPORTED_BY
2697,7155,REPORTED_BY
2698,7155,REPORTED_BY
2699,7155,REPORTED_BY
2700,7155,REPORTED_BY
2701,7155,REPORTED_BY
2702,7159,REPORTED_BY
2703,7155,REPORTED_BY
2704,7155,REPORTED_BY
2705,7156,REPORTED_BY
2706,7155,REPORTED_BY
2707,7156,REPORTED_BY
2708,7155,REPORTED_BY
2709,7155,REPORTED_BY
2710,7155,REPORTED_BY
2711,7155,REPORTED_BY
2712,7155,REPORTED_BY
2713,7155,REPORTED_BY
2714,7155,REPORTED_BY
2715,7155,REPORTED_BY
2716,7155,REPORTED_BY
2717,7155,REPORTED_BY
2718,7155,REPORTED_BY
2719,7155,REPORTED_BY
2720,7155,REPORTED_BY
2721,7155,REPORTED_BY
2722,7155,REPORTED_BY
2723,7155,REPORTED_BY
2724,7155,REPORTED_BY
2725,7155,REPORTED_BY
2726,7156,REPORTED_BY
2727,7155,REPORTED_BY
2728,7155,REPORTED_BY
2729,7155,REPORTED_BY
2730,7155,REPORTED_BY
2731,7155,REPORTED_BY
2732,7156,REPORTED_BY
2733,7156,REPORTED_BY
2734,7156,REPORTED_BY
2735,7155,REPORTED_BY
2736,7155,REPORTED_BY
2737,7156,REPORTED_BY
2738,7155,REPORTED_BY
2739,7155,REPORTED_BY
2740,7155,REPORTED_BY
2741,7155,REPORTED_BY
2742,7155,REPORTED_BY
2743,7155,REPORTED_BY
2744,7155,REPORTED_BY
2745,7155,REPORTED_BY
2746,7155,REPORTED_BY
2747,7155,REPORTED_BY
2748,7155,REPORTED_BY
2749,7155,REPORTED_BY
2750,7155,REPORTED_BY
2751,7155,REPORTED_BY
2752,7155,REPORTED_BY
2753,7155,REPORTED_BY
2754,7155,REPORTED_BY
2755,7155,REPORTED_BY
2756,7155,REPORTED_BY
2757,7155,REPORTED_BY
2758,7155,REPORTED_BY
2759,7155,REPORTED_BY
2760,7156,REPORTED_BY
2761,7156,REPORTED_BY
2762,7156,REPORTED_BY
2763,7155,REPORTED_BY
2764,7155,REPORTED_BY
2765,7155,REPORTED_BY
2766,7155,REPORTED_BY
2767,7155,REPORTED_BY
2768,7155,REPORTED_BY
2769,7155,REPORTED_BY
2770,7156,REPORTED_BY
2771,7155,REPORTED_BY
2772,7155,REPORTED_BY
2773,7155,REPORTED_BY
2774,7155,REPORTED_BY
2775,7155,REPORTED_BY
2776,7155,REPORTED_BY
2777,7155,REPORTED_BY
2778,7155,REPORTED_BY
2779,7155,REPORTED_BY
2780,7155,REPORTED_BY
2781,7155,REPORTED_BY
2782,7155,REPORTED_BY
2783,7155,REPORTED_BY
2784,7155,REPORTED_BY
2785,7155,REPORTED_BY
2786,7155,REPORTED_BY
2787,7155,REPORTED_BY
2788,7155,REPORTED_BY
2789,7155,REPORTED_BY
2790,7155,REPORTED_BY
2791,7155,REPORTED_BY
2792,7155,REPORTED_BY
2793,7155,REPORTED_BY
2794,7156,REPORTED_BY
2795,7155,REPORTED_BY
2796,7155,REPORTED_BY
2797,7155,REPORTED_BY
2798,7155,REPORTED_BY
2799,7155,REPORTED_BY
2800,7155,REPORTED_BY
2801,7155,REPORTED_BY
2805,7155,REPORTED_BY
2806,7155,REPORTED_BY
2807,7155,REPORTED_BY
2808,7155,REPORTED_BY
2809,7155,REPORTED_BY
2810,7155,REPORTED_BY
2811,7155,REPORTED_BY
2812,7155,REPORTED_BY
2813,7155,REPORTED_BY
2814,7155,REPORTED_BY
2815,7155,REPORTED_BY
2816,7157,REPORTED_BY
2817,7155,REPORTED_BY
2818,7156,REPORTED_BY
2819,7155,REPORTED_BY
2820,7155,REPORTED_BY
2821,7155,REPORTED_BY
2822,7155,REPORTED_BY
2823,7156,REPORTED_BY
2824,7155,REPORTED_BY
2825,7155,REPORTED_BY
2826,7155,REPORTED_BY
2827,7156,REPORTED_BY
2828,7155,REPORTED_BY
2829,7155,REPORTED_BY
2830,7156,REPORTED_BY
2831,7157,REPORTED_BY
2832,7156,REPORTED_BY
2833,7155,REPORTED_BY
2834,7155,REPORTED_BY
2835,7155,REPORTED_BY
2836,7155,REPORTED_BY
2837,7155,REPORTED_BY
2838,7155,REPORTED_BY
2839,7155,REPORTED_BY
2840,7155,REPORTED_BY
2841,7156,REPORTED_BY
2842,7155,REPORTED_BY
2843,7156,REPORTED_BY
2844,7155,REPORTED_BY
2845,7155,REPORTED_BY
2846,7155,REPORTED_BY
2847,7155,REPORTED_BY
2848,7155,REPORTED_BY
2849,7155,REPORTED_BY
2850,7155,REPORTED_BY
2851,7156,REPORTED_BY
2852,7155,REPORTED_BY
2853,7155,REPORTED_BY
2854,7155,REPORTED_BY
2855,7155,REPORTED_BY
2856,7156,REPORTED_BY
2857,7155,REPORTED_BY
2858,7156,REPORTED_BY
2859,7156,REPORTED_BY
2860,7155,REPORTED_BY
2861,7155,REPORTED_BY
2862,7155,REPORTED_BY
2863,7155,REPORTED_BY
2864,7156,REPORTED_BY
2865,7156,REPORTED_BY
2866,7156,REPORTED_BY
2867,7155,REPORTED_BY
2868,7155,REPORTED_BY
2869,7156,REPORTED_BY
2870,7156,REPORTED_BY
2871,7155,REPORTED_BY
2872,7155,REPORTED_BY
2873,7155,REPORTED_BY
2874,7155,REPORTED_BY
2875,7155,REPORTED_BY
2876,7156,REPORTED_BY
2877,7155,REPORTED_BY
2878,7155,REPORTED_BY
2879,7155,REPORTED_BY
2880,7155,REPORTED_BY
2881,7156,REPORTED_BY
2882,7155,REPORTED_BY
2883,7155,REPORTED_BY
2884,7155,REPORTED_BY
2885,7155,REPORTED_BY
2886,7155,REPORTED_BY
2887,7155,REPORTED_BY
2888,7155,REPORTED_BY
2889,7155,REPORTED_BY
2890,7156,REPORTED_BY
2891,7155,REPORTED_BY
2892,7156,REPORTED_BY
2893,7155,REPORTED_BY
2894,7155,REPORTED_BY
2895,7155,REPORTED_BY
2896,7155,REPORTED_BY
2897,7155,REPORTED_BY
2898,7155,REPORTED_BY
2899,7155,REPORTED_BY
2900,7155,REPORTED_BY
2901,7155,REPORTED_BY
2902,7155,REPORTED_BY
2903,7155,REPORTED_BY
2904,7156,REPORTED_BY
2905,7155,REPORTED_BY
2906,7155,REPORTED_BY
2907,7155,REPORTED_BY
2908,7155,REPORTED_BY
2909,7155,REPORTED_BY
2910,7156,REPORTED_BY
2911,7155,REPORTED_BY
2912,7155,REPORTED_BY
2913,7155,REPORTED_BY
2914,7155,REPORTED_BY
2915,7155,REPORTED_BY
2916,7155,REPORTED_BY
2917,7155,REPORTED_BY
2918,7155,REPORTED_BY
2919,7155,REPORTED_BY
2920,7155,REPORTED_BY
2921,7155,REPORTED_BY
2922,7155,REPORTED_BY
2923,7155,REPORTED_BY
2924,7156,REPORTED_BY
2925,7155,REPORTED_BY
2926,7155,REPORTED_BY
2927,7156,REPORTED_BY
2928,7155,REPORTED_BY
2929,7155,REPORTED_BY
2930,7155,REPORTED_BY
2931,7155,REPORTED_BY
2932,7155,REPORTED_BY
2934,7157,REPORTED_BY
2935,7155,REPORTED_BY
2936,7155,REPORTED_BY
2937,7155,REPORTED_BY
2938,7156,REPORTED_BY
2939,7155,REPORTED_BY
2940,7155,REPORTED_BY
2941,7155,REPORTED_BY
2942,7155,REPORTED_BY
2943,7155,REPORTED_BY
2944,7155,REPORTED_BY
2945,7156,REPORTED_BY
2946,7155,REPORTED_BY
2947,7155,REPORTED_BY
2948,7155,REPORTED_BY
2949,7155,REPORTED_BY
2950,7155,REPORTED_BY
2951,7155,REPORTED_BY
2952,7155,REPORTED_BY
2953,7155,REPORTED_BY
2954,7155,REPORTED_BY
2955,7155,REPORTED_BY
2956,7155,REPORTED_BY
2957,7156,REPORTED_BY
2958,7155,REPORTED_BY
2959,7155,REPORTED_BY
2960,7156,REPORTED_BY
2961,7155,REPORTED_BY
2962,7155,REPORTED_BY
2963,7155,REPORTED_BY
2964,7155,REPORTED_BY
2965,7155,REPORTED_BY
2966,7156,REPORTED_BY
2967,7155,REPORTED_BY
2968,7155,REPORTED_BY
2969,7155,REPORTED_BY
2970,7155,REPORTED_BY
2971,7155,REPORTED_BY
2972,7156,REPORTED_BY
2973,7156,REPORTED_BY
2974,7155,REPORTED_BY
2975,7155,REPORTED_BY
2976,7155,REPORTED_BY
2977,7155,REPORTED_BY
2978,7156,REPORTED_BY
2979,7155,REPORTED_BY
2980,7156,REPORTED_BY
2981,7155,REPORTED_BY
2982,7156,REPORTED_BY
2983,7155,REPORTED_BY
2984,7155,REPORTED_BY
2985,7155,REPORTED_BY
2986,7155,REPORTED_BY
2987,7155,REPORTED_BY
2988,7155,REPORTED_BY
2989,7156,REPORTED_BY
2990,7155,REPORTED_BY
2991,7155,REPORTED_BY
2992,7155,REPORTED_BY
2993,7155,REPORTED_BY
2994,7155,REPORTED_BY
2995,7155,REPORTED_BY
2996,7155,REPORTED_BY
2997,7155,REPORTED_BY
2998,7155,REPORTED_BY
2999,7155,REPORTED_BY
3000,7155,REPORTED_BY
3001,7155,REPORTED_BY
3002,7155,REPORTED_BY
3003,7155,REPORTED_BY
3004,7156,REPORTED_BY
3005,7155,REPORTED_BY
3006,7155,REPORTED_BY
3007,7155,REPORTED_BY
3008,7155,REPORTED_BY
3009,7155,REPORTED_BY
3010,7155,REPORTED_BY
3011,7155,REPORTED_BY
3012,7155,REPORTED_BY
3013,7155,REPORTED_BY
3014,7155,REPORTED_BY
3015,7155,REPORTED_BY
3016,7155,REPORTED_BY
3017,7155,REPORTED_BY
3018,7155,REPORTED_BY
3019,7155,REPORTED_BY
3020,7155,REPORTED_BY
3021,7155,REPORTED_BY
3022,7155,REPORTED_BY
3023,7155,REPORTED_BY
3024,7155,REPORTED_BY
3025,7155,REPORTED_BY
3026,7155,REPORTED_BY
3027,7155,REPORTED_BY
3028,7155,REPORTED_BY
3029,7155,REPORTED_BY
3030,7155,REPORTED_BY
3031,7155,REPORTED_BY
3032,7155,REPORTED_BY
3033,7155,REPORTED_BY
3034,7155,REPORTED_BY
3035,7155,REPORTED_BY
3036,7155,REPORTED_BY
3037,7155,REPORTED_BY
3038,7155,REPORTED_BY
3039,7155,REPORTED_BY
3040,7155,REPORTED_BY
3041,7155,REPORTED_BY
3042,7155,REPORTED_BY
3043,7155,REPORTED_BY
3044,7155,REPORTED_BY
3045,7155,REPORTED_BY
3046,7155,REPORTED_BY
3047,7155,REPORTED_BY
3048,7155,REPORTED_BY
3049,7155,REPORTED_BY
3050,7155,REPORTED_BY
3051,7155,REPORTED_BY
3052,7155,REPORTED_BY
3053,7155,REPORTED_BY
3054,7155,REPORTED_BY
3055,7155,REPORTED_BY
3056,7155,REPORTED_BY
3057,7155,REPORTED_BY
3058,7155,REPORTED_BY
3059,7155,REPORTED_BY
3060,7155,REPORTED_BY
3061,7155,REPORTED_BY
3063,7155,REPORTED_BY
3064,7155,REPORTED_BY
3065,7155,REPORTED_BY
3066,7155,REPORTED_BY
3067,7155,REPORTED_BY
3068,7155,REPORTED_BY
3069,7155,REPORTED_BY
3070,7155,REPORTED_BY
3071,7155,REPORTED_BY
3072,7155,REPORTED_BY
3073,7155,REPORTED_BY
3074,7155,REPORTED_BY
3075,7155,REPORTED_BY
3076,7155,REPORTED_BY
3077,7155,REPORTED_BY
3078,7155,REPORTED_BY
3079,7155,REPORTED_BY
3080,7155,REPORTED_BY
3081,7155,REPORTED_BY
3082,7155,REPORTED_BY
3083,7155,REPORTED_BY
3084,7155,REPORTED_BY
3085,7155,REPORTED_BY
3086,7155,REPORTED_BY
3087,7155,REPORTED_BY
3088,7155,REPORTED_BY
3089,7155,REPORTED_BY
3090,7155,REPORTED_BY
3091,7155,REPORTED_BY
3092,7155,REPORTED_BY
3093,7155,REPORTED_BY
3094,7155,REPORTED_BY
3095,7155,REPORTED_BY
3096,7155,REPORTED_BY
3097,7156,REPORTED_BY
3098,7155,REPORTED_BY
3099,7155,REPORTED_BY
3100,7155,REPORTED_BY
3101,7155,REPORTED_BY
3102,7155,REPORTED_BY
3103,7155,REPORTED_BY
3104,7156,REPORTED_BY
3105,7156,REPORTED_BY
3106,7156,REPORTED_BY
3107,7156,REPORTED_BY
3108,7155,REPORTED_BY
3109,7155,REPORTED_BY
3110,7156,REPORTED_BY
3111,7156,REPORTED_BY
3112,7156,REPORTED_BY
3113,7156,REPORTED_BY
3114,7156,REPORTED_BY
3115,7155,REPORTED_BY
3116,7155,REPORTED_BY
3117,7155,REPORTED_BY
3118,7155,REPORTED_BY
3119,7155,REPORTED_BY
3120,7155,REPORTED_BY
3121,7155,REPORTED_BY
3122,7155,REPORTED_BY
3123,7155,REPORTED_BY
3124,7155,REPORTED_BY
3125,7155,REPORTED_BY
3126,7155,REPORTED_BY
3127,7155,REPORTED_BY
3128,7155,REPORTED_BY
3129,7155,REPORTED_BY
3130,7155,REPORTED_BY
3131,7155,REPORTED_BY
3132,7155,REPORTED_BY
3133,7155,REPORTED_BY
3134,7155,REPORTED_BY
3135,7155,REPORTED_BY
3136,7155,REPORTED_BY
3137,7155,REPORTED_BY
3138,7155,REPORTED_BY
3139,7155,REPORTED_BY
3140,7155,REPORTED_BY
3141,7155,REPORTED_BY
3142,7155,REPORTED_BY
3143,7155,REPORTED_BY
3144,7155,REPORTED_BY
3145,7155,REPORTED_BY
3146,7155,REPORTED_BY
3147,7155,REPORTED_BY
3148,7156,REPORTED_BY
3149,7155,REPORTED_BY
3150,7155,REPORTED_BY
3151,7155,REPORTED_BY
3152,7155,REPORTED_BY
3153,7155,REPORTED_BY
3154,7155,REPORTED_BY
3155,7155,REPORTED_BY
3156,7157,REPORTED_BY
3157,7155,REPORTED_BY
3158,7155,REPORTED_BY
3159,7155,REPORTED_BY
3160,7155,REPORTED_BY
3161,7155,REPORTED_BY
3162,7155,REPORTED_BY
3163,7155,REPORTED_BY
3164,7155,REPORTED_BY
3165,7155,REPORTED_BY
3166,7155,REPORTED_BY
3167,7155,REPORTED_BY
3168,7155,REPORTED_BY
3169,7155,REPORTED_BY
3170,7155,REPORTED_BY
3171,7155,REPORTED_BY
3172,7155,REPORTED_BY
3173,7155,REPORTED_BY
3174,7155,REPORTED_BY
3175,7155,REPORTED_BY
3176,7155,REPORTED_BY
3177,7156,REPORTED_BY
3178,7155,REPORTED_BY
3179,7155,REPORTED_BY
3180,7155,REPORTED_BY
3181,7155,REPORTED_BY
3182,7156,REPORTED_BY
3183,7155,REPORTED_BY
3184,7155,REPORTED_BY
3185,7156,REPORTED_BY
3186,7155,REPORTED_BY
3187,7155,REPORTED_BY
3188,7155,REPORTED_BY
3189,7155,REPORTED_BY
3190,7155,REPORTED_BY
3195,7155,REPORTED_BY
3196,7155,REPORTED_BY
3197,7155,REPORTED_BY
3198,7159,REPORTED_BY
3199,7155,REPORTED_BY
3200,7155,REPORTED_BY
3201,7155,REPORTED_BY
3202,7155,REPORTED_BY
3203,7155,REPORTED_BY
3204,7155,REPORTED_BY
3205,7155,REPORTED_BY
3206,7155,REPORTED_BY
3207,7155,REPORTED_BY
3208,7155,REPORTED_BY
3209,7155,REPORTED_BY
3210,7155,REPORTED_BY
3211,7155,REPORTED_BY
3212,7155,REPORTED_BY
3213,7155,REPORTED_BY
3214,7156,REPORTED_BY
3215,7155,REPORTED_BY
3216,7156,REPORTED_BY
3217,7155,REPORTED_BY
3218,7155,REPORTED_BY
3219,7155,REPORTED_BY
3220,7155,REPORTED_BY
3221,7155,REPORTED_BY
3222,7155,REPORTED_BY
3223,7155,REPORTED_BY
3224,7155,REPORTED_BY
3225,7155,REPORTED_BY
3226,7156,REPORTED_BY
3227,7156,REPORTED_BY
3228,7156,REPORTED_BY
3229,7155,REPORTED_BY
3230,7155,REPORTED_BY
3231,7155,REPORTED_BY
3232,7156,REPORTED_BY
3233,7155,REPORTED_BY
3234,7155,REPORTED_BY
3235,7155,REPORTED_BY
3236,7155,REPORTED_BY
3237,7155,REPORTED_BY
3238,7156,REPORTED_BY
3239,7156,REPORTED_BY
3240,7155,REPORTED_BY
3241,7156,REPORTED_BY
3242,7155,REPORTED_BY
3243,7155,REPORTED_BY
3244,7155,REPORTED_BY
3245,7155,REPORTED_BY
3246,7155,REPORTED_BY
3247,7155,REPORTED_BY
3248,7155,REPORTED_BY
3249,7155,REPORTED_BY
3250,7155,REPORTED_BY
3251,7156,REPORTED_BY
3252,7155,REPORTED_BY
3253,7155,REPORTED_BY
3254,7155,REPORTED_BY
3255,7156,REPORTED_BY
3256,7156,REPORTED_BY
3257,7155,REPORTED_BY
3258,7155,REPORTED_BY
3259,7155,REPORTED_BY
3260,7155,REPORTED_BY
3261,7155,REPORTED_BY
3262,7155,REPORTED_BY
3263,7155,REPORTED_BY
3264,7155,REPORTED_BY
3265,7156,REPORTED_BY
3266,7155,REPORTED_BY
3267,7155,REPORTED_BY
3268,7155,REPORTED_BY
3269,7155,REPORTED_BY
3270,7155,REPORTED_BY
3271,7156,REPORTED_BY
3272,7155,REPORTED_BY
3273,7155,REPORTED_BY
3274,7156,REPORTED_BY
3275,7155,REPORTED_BY
3276,7155,REPORTED_BY
3277,7155,REPORTED_BY
3278,7156,REPORTED_BY
3279,7155,REPORTED_BY
3280,7155,REPORTED_BY
3281,7155,REPORTED_BY
3282,7155,REPORTED_BY
3283,7155,REPORTED_BY
3284,7155,REPORTED_BY
3285,7155,REPORTED_BY
3286,7156,REPORTED_BY
3287,7155,REPORTED_BY
3288,7156,REPORTED_BY
3289,7156,REPORTED_BY
3290,7155,REPORTED_BY
3291,7155,REPORTED_BY
3292,7155,REPORTED_BY
3293,7155,REPORTED_BY
3294,7155,REPORTED_BY
3295,7155,REPORTED_BY
3296,7155,REPORTED_BY
3297,7155,REPORTED_BY
3298,7156,REPORTED_BY
3299,7156,REPORTED_BY
3300,7155,REPORTED_BY
3301,7155,REPORTED_BY
3302,7155,REPORTED_BY
3303,7155,REPORTED_BY
3304,7156,REPORTED_BY
3305,7155,REPORTED_BY
3306,7156,REPORTED_BY
3307,7155,REPORTED_BY
3308,7157,REPORTED_BY
3309,7156,REPORTED_BY
3310,7156,REPORTED_BY
3311,7156,REPORTED_BY
3312,7155,REPORTED_BY
3313,7155,REPORTED_BY
3314,7155,REPORTED_BY
3315,7155,REPORTED_BY
3316,7155,REPORTED_BY
3317,7155,REPORTED_BY
3318,7155,REPORTED_BY
3319,7155,REPORTED_BY
3320,7155,REPORTED_BY
3321,7155,REPORTED_BY
3322,7155,REPORTED_BY
3326,7155,REPORTED_BY
3327,7155,REPORTED_BY
3328,7155,REPORTED_BY
3329,7155,REPORTED_BY
3330,7155,REPORTED_BY
3331,7155,REPORTED_BY
3332,7155,REPORTED_BY
3333,7155,REPORTED_BY
3334,7159,REPORTED_BY
3335,7155,REPORTED_BY
3336,7155,REPORTED_BY
3337,7155,REPORTED_BY
3338,7155,REPORTED_BY
3339,7155,REPORTED_BY
3340,7155,REPORTED_BY
3341,7155,REPORTED_BY
3342,7155,REPORTED_BY
3343,7155,REPORTED_BY
3344,7156,REPORTED_BY
3345,7155,REPORTED_BY
3346,7155,REPORTED_BY
3347,7155,REPORTED_BY
3348,7155,REPORTED_BY
3349,7156,REPORTED_BY
3350,7155,REPORTED_BY
3351,7155,REPORTED_BY
3352,7155,REPORTED_BY
3353,7155,REPORTED_BY
3354,7155,REPORTED_BY
3355,7155,REPORTED_BY
3356,7155,REPORTED_BY
3357,7155,REPORTED_BY
3358,7155,REPORTED_BY
3359,7155,REPORTED_BY
3360,7155,REPORTED_BY
3361,7156,REPORTED_BY
3362,7155,REPORTED_BY
3363,7155,REPORTED_BY
3364,7155,REPORTED_BY
3365,7155,REPORTED_BY
3366,7155,REPORTED_BY
3367,7156,REPORTED_BY
3368,7155,REPORTED_BY
3369,7156,REPORTED_BY
3370,7155,REPORTED_BY
3371,7155,REPORTED_BY
3372,7155,REPORTED_BY
3373,7156,REPORTED_BY
3374,7155,REPORTED_BY
3375,7155,REPORTED_BY
3376,7156,REPORTED_BY
3377,7155,REPORTED_BY
3378,7155,REPORTED_BY
3379,7155,REPORTED_BY
3380,7155,REPORTED_BY
3381,7155,REPORTED_BY
3382,7155,REPORTED_BY
3383,7155,REPORTED_BY
3384,7155,REPORTED_BY
3385,7155,REPORTED_BY
3386,7155,REPORTED_BY
3387,7155,REPORTED_BY
3388,7155,REPORTED_BY
3389,7155,REPORTED_BY
3390,7155,REPORTED_BY
3391,7155,REPORTED_BY
3392,7155,REPORTED_BY
3393,7155,REPORTED_BY
3394,7155,REPORTED_BY
3395,7155,REPORTED_BY
3396,7155,REPORTED_BY
3397,7155,REPORTED_BY
3398,7155,REPORTED_BY
3399,7155,REPORTED_BY
3400,7156,REPORTED_BY
3401,7155,REPORTED_BY
3402,7155,REPORTED_BY
3403,7155,REPORTED_BY
3404,7155,REPORTED_BY
3405,7156,REPORTED_BY
3406,7155,REPORTED_BY
3407,7155,REPORTED_BY
3408,7155,REPORTED_BY
3409,7155,REPORTED_BY
3410,7155,REPORTED_BY
3411,7155,REPORTED_BY
3412,7155,REPORTED_BY
3413,7155,REPORTED_BY
3414,7157,REPORTED_BY
3415,7155,REPORTED_BY
3416,7155,REPORTED_BY
3417,7155,REPORTED_BY
3418,7156,REPORTED_BY
3419,7155,REPORTED_BY
3420,7155,REPORTED_BY
3421,7155,REPORTED_BY
3422,7155,REPORTED_BY
3423,7155,REPORTED_BY
3424,7155,REPORTED_BY
3425,7156,REPORTED_BY
3426,7155,REPORTED_BY
3427,7156,REPORTED_BY
3428,7155,REPORTED_BY
3429,7155,REPORTED_BY
3430,7155,REPORTED_BY
3431,7155,REPORTED_BY
3432,7155,REPORTED_BY
3433,7155,REPORTED_BY
3434,7155,REPORTED_BY
3435,7155,REPORTED_BY
3436,7155,REPORTED_BY
3437,7155,REPORTED_BY
3438,7156,REPORTED_BY
3439,7155,REPORTED_BY
3440,7155,REPORTED_BY
3441,7155,REPORTED_BY
3442,7156,REPORTED_BY
3443,7156,REPORTED_BY
3444,7155,REPORTED_BY
3445,7155,REPORTED_BY
3446,7156,REPORTED_BY
3447,7155,REPORTED_BY
3448,7155,REPORTED_BY
3449,7155,REPORTED_BY
3450,7156,REPORTED_BY
3451,7155,REPORTED_BY
3452,7155,REPORTED_BY
3453,7155,REPORTED_BY
3457,7155,REPORTED_BY
3458,7155,REPORTED_BY
3459,7156,REPORTED_BY
3460,7155,REPORTED_BY
3461,7155,REPORTED_BY
3462,7155,REPORTED_BY
3463,7155,REPORTED_BY
3464,7155,REPORTED_BY
3465,7155,REPORTED_BY
3466,7156,REPORTED_BY
3467,7156,REPORTED_BY
3468,7156,REPORTED_BY
3469,7155,REPORTED_BY
3470,7155,REPORTED_BY
3471,7155,REPORTED_BY
3472,7155,REPORTED_BY
3473,7155,REPORTED_BY
3474,7156,REPORTED_BY
3475,7155,REPORTED_BY
3476,7155,REPORTED_BY
3477,7155,REPORTED_BY
3478,7155,REPORTED_BY
3479,7155,REPORTED_BY
3480,7155,REPORTED_BY
3481,7155,REPORTED_BY
3482,7155,REPORTED_BY
3483,7155,REPORTED_BY
3484,7155,REPORTED_BY
3485,7155,REPORTED_BY
3486,7155,REPORTED_BY
3487,7155,REPORTED_BY
3488,7155,REPORTED_BY
3489,7155,REPORTED_BY
3490,7155,REPORTED_BY
3491,7155,REPORTED_BY
3492,7155,REPORTED_BY
3493,7155,REPORTED_BY
3494,7155,REPORTED_BY
3495,7155,REPORTED_BY
3496,7155,REPORTED_BY
3497,7155,REPORTED_BY
3498,7155,REPORTED_BY
3499,7155,REPORTED_BY
3500,7155,REPORTED_BY
3501,7155,REPORTED_BY
3502,7155,REPORTED_BY
3503,7155,REPORTED_BY
3504,7155,REPORTED_BY
3505,7155,REPORTED_BY
3506,7155,REPORTED_BY
3507,7155,REPORTED_BY
3508,7155,REPORTED_BY
3509,7155,REPORTED_BY
3510,7155,REPORTED_BY
3511,7155,REPORTED_BY
3512,7155,REPORTED_BY
3513,7155,REPORTED_BY
3514,7155,REPORTED_BY
3515,7155,REPORTED_BY
3516,7155,REPORTED_BY
3517,7155,REPORTED_BY
3518,7155,REPORTED_BY
3519,7155,REPORTED_BY
3520,7155,REPORTED_BY
3521,7155,REPORTED_BY
3522,7155,REPORTED_BY
3523,7155,REPORTED_BY
3524,7155,REPORTED_BY
3525,7155,REPORTED_BY
3526,7155,REPORTED_BY
3527,7155,REPORTED_BY
3528,7155,REPORTED_BY
3529,7155,REPORTED_BY
3530,7155,REPORTED_BY
3531,7155,REPORTED_BY
3532,7155,REPORTED_BY
3533,7155,REPORTED_BY
3534,7155,REPORTED_BY
3535,7156,REPORTED_BY
3536,7156,REPORTED_BY
3537,7155,REPORTED_BY
3538,7155,REPORTED_BY
3539,7155,REPORTED_BY
3540,7155,REPORTED_BY
3541,7155,REPORTED_BY
3542,7155,REPORTED_BY
3543,7155,REPORTED_BY
3544,7155,REPORTED_BY
3545,7155,REPORTED_BY
3546,7155,REPORTED_BY
3547,7155,REPORTED_BY
3548,7155,REPORTED_BY
3549,7155,REPORTED_BY
3550,7155,REPORTED_BY
3551,7155,REPORTED_BY
3552,7155,REPORTED_BY
3553,7156,REPORTED_BY
3554,7155,REPORTED_BY
3555,7155,REPORTED_BY
3556,7155,REPORTED_BY
3557,7155,REPORTED_BY
3558,7155,REPORTED_BY
3559,7156,REPORTED_BY
3560,7156,REPORTED_BY
3561,7156,REPORTED_BY
3562,7156,REPORTED_BY
3563,7155,REPORTED_BY
3564,7155,REPORTED_BY
3565,7155,REPORTED_BY
3566,7155,REPORTED_BY
3567,7155,REPORTED_BY
3568,7155,REPORTED_BY
3569,7155,REPORTED_BY
3570,7156,REPORTED_BY
3571,7156,REPORTED_BY
3572,7155,REPORTED_BY
3573,7155,REPORTED_BY
3574,7155,REPORTED_BY
3575,7155,REPORTED_BY
3576,7155,REPORTED_BY
3577,7155,REPORTED_BY
3578,7155,REPORTED_BY
3579,7155,REPORTED_BY
3580,7155,REPORTED_BY
3581,7155,REPORTED_BY
3582,7155,REPORTED_BY
3583,7155,REPORTED_BY
3584,7155,REPORTED_BY
3587,7156,REPORTED_BY
3588,7156,REPORTED_BY
3589,7156,REPORTED_BY
3590,7156,REPORTED_BY
3591,7155,REPORTED_BY
3592,7155,REPORTED_BY
3593,7155,REPORTED_BY
3594,7156,REPORTED_BY
3595,7155,REPORTED_BY
3596,7155,REPORTED_BY
3597,7156,REPORTED_BY
3598,7156,REPORTED_BY
3599,7156,REPORTED_BY
3600,7155,REPORTED_BY
3601,7155,REPORTED_BY
3602,7155,REPORTED_BY
3603,7155,REPORTED_BY
3604,7157,REPORTED_BY
3605,7156,REPORTED_BY
3606,7157,REPORTED_BY
3607,7156,REPORTED_BY
3608,7156,REPORTED_BY
3609,7156,REPORTED_BY
3610,7156,REPORTED_BY
3611,7156,REPORTED_BY
3612,7155,REPORTED_BY
3613,7156,REPORTED_BY
3614,7155,REPORTED_BY
3615,7155,REPORTED_BY
3616,7155,REPORTED_BY
3617,7156,REPORTED_BY
3618,7155,REPORTED_BY
3619,7156,REPORTED_BY
3620,7156,REPORTED_BY
3621,7157,REPORTED_BY
3622,7156,REPORTED_BY
3623,7155,REPORTED_BY
3624,7156,REPORTED_BY
3625,7155,REPORTED_BY
3626,7156,REPORTED_BY
3627,7155,REPORTED_BY
3628,7155,REPORTED_BY
3629,7155,REPORTED_BY
3630,7155,REPORTED_BY
3631,7155,REPORTED_BY
3632,7155,REPORTED_BY
3633,7155,REPORTED_BY
3634,7156,REPORTED_BY
3635,7156,REPORTED_BY
3636,7155,REPORTED_BY
3637,7155,REPORTED_BY
3638,7155,REPORTED_BY
3639,7156,REPORTED_BY
3640,7157,REPORTED_BY
3641,7156,REPORTED_BY
3642,7155,REPORTED_BY
3643,7155,REPORTED_BY
3644,7155,REPORTED_BY
3645,7155,REPORTED_BY
3646,7155,REPORTED_BY
3647,7155,REPORTED_BY
3648,7155,REPORTED_BY
3649,7155,REPORTED_BY
3650,7155,REPORTED_BY
3651,7155,REPORTED_BY
3652,7155,REPORTED_BY
3653,7155,REPORTED_BY
3654,7155,REPORTED_BY
3655,7155,REPORTED_BY
3656,7155,REPORTED_BY
3657,7155,REPORTED_BY
3658,7155,REPORTED_BY
3659,7155,REPORTED_BY
3660,7156,REPORTED_BY
3661,7155,REPORTED_BY
3662,7155,REPORTED_BY
3663,7155,REPORTED_BY
3664,7156,REPORTED_BY
3665,7155,REPORTED_BY
3666,7155,REPORTED_BY
3667,7155,REPORTED_BY
3668,7155,REPORTED_BY
3669,7155,REPORTED_BY
3670,7155,REPORTED_BY
3671,7155,REPORTED_BY
3672,7155,REPORTED_BY
3673,7155,REPORTED_BY
3674,7155,REPORTED_BY
3675,7155,REPORTED_BY
3676,7155,REPORTED_BY
3677,7155,REPORTED_BY
3678,7155,REPORTED_BY
3679,7155,REPORTED_BY
3680,7155,REPORTED_BY
3681,7155,REPORTED_BY
3682,7155,REPORTED_BY
3683,7155,REPORTED_BY
3684,7155,REPORTED_BY
3685,7155,REPORTED_BY
3686,7155,REPORTED_BY
3687,7155,REPORTED_BY
3688,7157,REPORTED_BY
3689,7155,REPORTED_BY
3690,7155,REPORTED_BY
3691,7155,REPORTED_BY
3692,7155,REPORTED_BY
3693,7155,REPORTED_BY
3694,7155,REPORTED_BY
3695,7155,REPORTED_BY
3696,7155,REPORTED_BY
3697,7156,REPORTED_BY
3698,7155,REPORTED_BY
3699,7156,REPORTED_BY
3700,7157,REPORTED_BY
3701,7155,REPORTED_BY
3702,7155,REPORTED_BY
3703,7155,REPORTED_BY
3704,7155,REPORTED_BY
3705,7156,REPORTED_BY
3706,7155,REPORTED_BY
3707,7156,REPORTED_BY
3708,7156,REPORTED_BY
3709,7155,REPORTED_BY
3710,7155,REPORTED_BY
3711,7156,REPORTED_BY
3712,7155,REPORTED_BY
3713,7157,REPORTED_BY
3714,7156,REPORTED_BY
3718,7155,REPORTED_BY
3719,7155,REPORTED_BY
3720,7155,REPORTED_BY
3721,7155,REPORTED_BY
3722,7155,REPORTED_BY
3723,7155,REPORTED_BY
3724,7155,REPORTED_BY
3725,7156,REPORTED_BY
3726,7155,REPORTED_BY
3727,7156,REPORTED_BY
3728,7155,REPORTED_BY
3729,7156,REPORTED_BY
3730,7156,REPORTED_BY
3731,7155,REPORTED_BY
3732,7155,REPORTED_BY
3733,7157,REPORTED_BY
3734,7156,REPORTED_BY
3735,7156,REPORTED_BY
3736,7155,REPORTED_BY
3737,7155,REPORTED_BY
3738,7155,REPORTED_BY
3739,7155,REPORTED_BY
3740,7155,REPORTED_BY
3741,7155,REPORTED_BY
3742,7155,REPORTED_BY
3743,7155,REPORTED_BY
3744,7155,REPORTED_BY
3745,7155,REPORTED_BY
3746,7156,REPORTED_BY
3747,7156,REPORTED_BY
3748,7155,REPORTED_BY
3749,7155,REPORTED_BY
3750,7156,REPORTED_BY
3751,7155,REPORTED_BY
3752,7155,REPORTED_BY
3753,7155,REPORTED_BY
3754,7155,REPORTED_BY
3755,7155,REPORTED_BY
3756,7155,REPORTED_BY
3757,7155,REPORTED_BY
3758,7155,REPORTED_BY
3759,7155,REPORTED_BY
3760,7155,REPORTED_BY
3761,7155,REPORTED_BY
3762,7155,REPORTED_BY
3763,7155,REPORTED_BY
3764,7155,REPORTED_BY
3765,7156,REPORTED_BY
3766,7156,REPORTED_BY
3767,7155,REPORTED_BY
3768,7155,REPORTED_BY
3769,7155,REPORTED_BY
3770,7155,REPORTED_BY
3771,7155,REPORTED_BY
3772,7155,REPORTED_BY
3773,7155,REPORTED_BY
3774,7155,REPORTED_BY
3775,7155,REPORTED_BY
3776,7155,REPORTED_BY
3777,7155,REPORTED_BY
3778,7155,REPORTED_BY
3779,7156,REPORTED_BY
3780,7155,REPORTED_BY
3781,7155,REPORTED_BY
3782,7156,REPORTED_BY
3783,7155,REPORTED_BY
3784,7155,REPORTED_BY
3785,7155,REPORTED_BY
3786,7155,REPORTED_BY
3787,7155,REPORTED_BY
3788,7155,REPORTED_BY
3789,7155,REPORTED_BY
3790,7155,REPORTED_BY
3791,7156,REPORTED_BY
3792,7155,REPORTED_BY
3793,7156,REPORTED_BY
3794,7156,REPORTED_BY
3795,7155,REPORTED_BY
3796,7155,REPORTED_BY
3797,7155,REPORTED_BY
3798,7155,REPORTED_BY
3799,7155,REPORTED_BY
3800,7155,REPORTED_BY
3801,7155,REPORTED_BY
3802,7155,REPORTED_BY
3803,7155,REPORTED_BY
3804,7155,REPORTED_BY
3805,7155,REPORTED_BY
3806,7156,REPORTED_BY
3807,7155,REPORTED_BY
3808,7155,REPORTED_BY
3809,7155,REPORTED_BY
3810,7155,REPORTED_BY
3811,7155,REPORTED_BY
3812,7155,REPORTED_BY
3813,7155,REPORTED_BY
3814,7155,REPORTED_BY
3815,7155,REPORTED_BY
3816,7155,REPORTED_BY
3817,7155,REPORTED_BY
3818,7156,REPORTED_BY
3819,7155,REPORTED_BY
3820,7155,REPORTED_BY
3821,7155,REPORTED_BY
3822,7155,REPORTED_BY
3823,7155,REPORTED_BY
3824,7155,REPORTED_BY
3825,7155,REPORTED_BY
3826,7155,REPORTED_BY
3827,7155,REPORTED_BY
3828,7155,REPORTED_BY
3829,7155,REPORTED_BY
3830,7155,REPORTED_BY
3831,7155,REPORTED_BY
3832,7155,REPORTED_BY
3833,7155,REPORTED_BY
3834,7155,REPORTED_BY
3835,7155,REPORTED_BY
3836,7155,REPORTED_BY
3837,7155,REPORTED_BY
3838,7155,REPORTED_BY
3839,7155,REPORTED_BY
3840,7155,REPORTED_BY
3841,7155,REPORTED_BY
3842,7155,REPORTED_BY
3843,7155,REPORTED_BY
3844,7155,REPORTED_BY
3845,7155,REPORTED_BY
3846,7155,REPORTED_BY
3847,7155,REPORTED_BY
3848,7155,REPORTED_BY
3849,7155,REPORTED_BY
3850,7155,REPORTED_BY
3851,7155,REPORTED_BY
3852,7155,REPORTED_BY
3853,7155,REPORTED_BY
3854,7155,REPORTED_BY
3855,7155,REPORTED_BY
3856,7155,REPORTED_BY
3857,7155,REPORTED_BY
3858,7155,REPORTED_BY
3859,7155,REPORTED_BY
3860,7155,REPORTED_BY
3861,7155,REPORTED_BY
3862,7155,REPORTED_BY
3863,7155,REPORTED_BY
3864,7155,REPORTED_BY
3865,7155,REPORTED_BY
3866,7155,REPORTED_BY
3867,7155,REPORTED_BY
3868,7155,REPORTED_BY
3869,7155,REPORTED_BY
3870,7155,REPORTED_BY
3871,7155,REPORTED_BY
3872,7155,REPORTED_BY
3873,7155,REPORTED_BY
3874,7155,REPORTED_BY
3875,7155,REPORTED_BY
3876,7155,REPORTED_BY
3877,7155,REPORTED_BY
3878,7155,REPORTED_BY
3879,7155,REPORTED_BY
3880,7155,REPORTED_BY
3881,7155,REPORTED_BY
3882,7155,REPORTED_BY
3883,7155,REPORTED_BY
3884,7155,REPORTED_BY
3885,7155,REPORTED_BY
3886,7155,REPORTED_BY
3887,7155,REPORTED_BY
3888,7155,REPORTED_BY
3889,7155,REPORTED_BY
3890,7155,REPORTED_BY
3891,7156,REPORTED_BY
3892,7156,REPORTED_BY
3893,7156,REPORTED_BY
3894,7155,REPORTED_BY
3895,7155,REPORTED_BY
3896,7155,REPORTED_BY
3897,7155,REPORTED_BY
3898,7155,REPORTED_BY
3899,7155,REPORTED_BY
3900,7156,REPORTED_BY
3901,7156,REPORTED_BY
3902,7155,REPORTED_BY
3903,7155,REPORTED_BY
3904,7155,REPORTED_BY
3905,7155,REPORTED_BY
3906,7155,REPORTED_BY
3907,7155,REPORTED_BY
3908,7155,REPORTED_BY
3909,7155,REPORTED_BY
3910,7155,REPORTED_BY
3911,7156,REPORTED_BY
3912,7155,REPORTED_BY
3913,7156,REPORTED_BY
3914,7155,REPORTED_BY
3915,7155,REPORTED_BY
3916,7155,REPORTED_BY
3917,7155,REPORTED_BY
3918,7156,REPORTED_BY
3919,7155,REPORTED_BY
3920,7155,REPORTED_BY
3921,7155,REPORTED_BY
3922,7155,REPORTED_BY
3923,7155,REPORTED_BY
3924,7155,REPORTED_BY
3925,7155,REPORTED_BY
3926,7155,REPORTED_BY
3927,7155,REPORTED_BY
3928,7155,REPORTED_BY
3929,7155,REPORTED_BY
3930,7155,REPORTED_BY
3931,7155,REPORTED_BY
3932,7155,REPORTED_BY
3933,7155,REPORTED_BY
3934,7155,REPORTED_BY
3935,7155,REPORTED_BY
3936,7155,REPORTED_BY
3937,7155,REPORTED_BY
3938,7155,REPORTED_BY
3939,7155,REPORTED_BY
3940,7155,REPORTED_BY
3941,7155,REPORTED_BY
3942,7155,REPORTED_BY
3943,7155,REPORTED_BY
3944,7155,REPORTED_BY
3945,7155,REPORTED_BY
3946,7155,REPORTED_BY
3947,7155,REPORTED_BY
3948,7155,REPORTED_BY
3949,7155,REPORTED_BY
3950,7155,REPORTED_BY
3951,7155,REPORTED_BY
3952,7155,REPORTED_BY
3953,7155,REPORTED_BY
3954,7155,REPORTED_BY
3955,7155,REPORTED_BY
3956,7155,REPORTED_BY
3957,7155,REPORTED_BY
3958,7155,REPORTED_BY
3959,7155,REPORTED_BY
3960,7155,REPORTED_BY
3961,7155,REPORTED_BY
3962,7155,REPORTED_BY
3963,7155,REPORTED_BY
3964,7155,REPORTED_BY
3965,7155,REPORTED_BY
3966,7155,REPORTED_BY
3967,7156,REPORTED_BY
3968,7155,REPORTED_BY
3969,7155,REPORTED_BY
3970,7155,REPORTED_BY
3971,7155,REPORTED_BY
3972,7155,REPORTED_BY
3973,7155,REPORTED_BY
3977,7156,REPORTED_BY
3978,7155,REPORTED_BY
3979,7155,REPORTED_BY
3980,7155,REPORTED_BY
3981,7155,REPORTED_BY
3982,7155,REPORTED_BY
3983,7155,REPORTED_BY
3984,7155,REPORTED_BY
3985,7155,REPORTED_BY
3986,7155,REPORTED_BY
3987,7155,REPORTED_BY
3988,7155,REPORTED_BY
3989,7155,REPORTED_BY
3990,7155,REPORTED_BY
3991,7155,REPORTED_BY
3992,7155,REPORTED_BY
3993,7155,REPORTED_BY
3994,7155,REPORTED_BY
3995,7155,REPORTED_BY
3996,7155,REPORTED_BY
3997,7155,REPORTED_BY
3998,7155,REPORTED_BY
3999,7155,REPORTED_BY
4000,7155,REPORTED_BY
4001,7155,REPORTED_BY
4002,7155,REPORTED_BY
4003,7155,REPORTED_BY
4004,7155,REPORTED_BY
4005,7155,REPORTED_BY
4006,7155,REPORTED_BY
4007,7155,REPORTED_BY
4008,7155,REPORTED_BY
4009,7155,REPORTED_BY
4010,7155,REPORTED_BY
4011,7155,REPORTED_BY
4012,7155,REPORTED_BY
4013,7155,REPORTED_BY
4014,7156,REPORTED_BY
4015,7155,REPORTED_BY
4016,7156,REPORTED_BY
4017,7156,REPORTED_BY
4018,7155,REPORTED_BY
4019,7155,REPORTED_BY
4020,7155,REPORTED_BY
4021,7155,REPORTED_BY
4022,7155,REPORTED_BY
4023,7155,REPORTED_BY
4024,7155,REPORTED_BY
4025,7155,REPORTED_BY
4026,7155,REPORTED_BY
4027,7155,REPORTED_BY
4028,7155,REPORTED_BY
4029,7155,REPORTED_BY
4030,7155,REPORTED_BY
4031,7155,REPORTED_BY
4032,7155,REPORTED_BY
4033,7155,REPORTED_BY
4034,7155,REPORTED_BY
4035,7155,REPORTED_BY
4036,7155,REPORTED_BY
4037,7155,REPORTED_BY
4038,7156,REPORTED_BY
4039,7155,REPORTED_BY
4040,7156,REPORTED_BY
4041,7156,REPORTED_BY
4042,7155,REPORTED_BY
4043,7155,REPORTED_BY
4044,7155,REPORTED_BY
4045,7155,REPORTED_BY
4046,7155,REPORTED_BY
4047,7155,REPORTED_BY
4048,7155,REPORTED_BY
4049,7155,REPORTED_BY
4050,7155,REPORTED_BY
4051,7155,REPORTED_BY
4052,7155,REPORTED_BY
4053,7155,REPORTED_BY
4054,7155,REPORTED_BY
4055,7155,REPORTED_BY
4056,7155,REPORTED_BY
4057,7155,REPORTED_BY
4058,7155,REPORTED_BY
4059,7155,REPORTED_BY
4060,7155,REPORTED_BY
4061,7155,REPORTED_BY
4062,7155,REPORTED_BY
4063,7155,REPORTED_BY
4064,7155,REPORTED_BY
4065,7155,REPORTED_BY
4066,7155,REPORTED_BY
4067,7155,REPORTED_BY
4068,7155,REPORTED_BY
4069,7155,REPORTED_BY
4070,7155,REPORTED_BY
4071,7155,REPORTED_BY
4072,7155,REPORTED_BY
4073,7155,REPORTED_BY
4074,7155,REPORTED_BY
4075,7155,REPORTED_BY
4076,7155,REPORTED_BY
4077,7155,REPORTED_BY
4078,7155,REPORTED_BY
4079,7155,REPORTED_BY
4080,7155,REPORTED_BY
4081,7155,REPORTED_BY
4082,7155,REPORTED_BY
4083,7155,REPORTED_BY
4084,7155,REPORTED_BY
4085,7155,REPORTED_BY
4086,7155,REPORTED_BY
4087,7155,REPORTED_BY
4088,7155,REPORTED_BY
4089,7155,REPORTED_BY
4090,7155,REPORTED_BY
4091,7155,REPORTED_BY
4092,7155,REPORTED_BY
4093,7155,REPORTED_BY
4094,7155,REPORTED_BY
4095,7155,REPORTED_BY
4096,7155,REPORTED_BY
4097,7155,REPORTED_BY
4098,7155,REPORTED_BY
4099,7155,REPORTED_BY
4100,7155,REPORTED_BY
4101,7155,REPORTED_BY
4102,7155,REPORTED_BY
4103,7155,REPORTED_BY
4104,7155,REPORTED_BY
4107,7155,REPORTED_BY
4108,7155,REPORTED_BY
4109,7155,REPORTED_BY
4110,7155,REPORTED_BY
4111,7155,REPORTED_BY
4112,7155,REPORTED_BY
4113,7155,REPORTED_BY
4114,7155,REPORTED_BY
4115,7155,REPORTED_BY
4116,7155,REPORTED_BY
4117,7155,REPORTED_BY
4118,7155,REPORTED_BY
4119,7155,REPORTED_BY
4120,7155,REPORTED_BY
4121,7155,REPORTED_BY
4122,7155,REPORTED_BY
4123,7155,REPORTED_BY
4124,7155,REPORTED_BY
4125,7155,REPORTED_BY
4126,7155,REPORTED_BY
4127,7155,REPORTED_BY
4128,7155,REPORTED_BY
4129,7155,REPORTED_BY
4130,7155,REPORTED_BY
4131,7155,REPORTED_BY
4132,7155,REPORTED_BY
4133,7155,REPORTED_BY
4134,7155,REPORTED_BY
4135,7155,REPORTED_BY
4136,7155,REPORTED_BY
4137,7155,REPORTED_BY
4138,7155,REPORTED_BY
4139,7155,REPORTED_BY
4140,7155,REPORTED_BY
4141,7155,REPORTED_BY
4142,7155,REPORTED_BY
4143,7155,REPORTED_BY
4144,7155,REPORTED_BY
4145,7155,REPORTED_BY
4146,7155,REPORTED_BY
4147,7155,REPORTED_BY
4148,7157,REPORTED_BY
4149,7156,REPORTED_BY
4150,7156,REPORTED_BY
4151,7155,REPORTED_BY
4152,7155,REPORTED_BY
4153,7155,REPORTED_BY
4154,7155,REPORTED_BY
4155,7155,REPORTED_BY
4156,7155,REPORTED_BY
4157,7155,REPORTED_BY
4158,7155,REPORTED_BY
4159,7155,REPORTED_BY
4160,7155,REPORTED_BY
4161,7155,REPORTED_BY
4162,7155,REPORTED_BY
4163,7155,REPORTED_BY
4164,7155,REPORTED_BY
4165,7155,REPORTED_BY
4166,7155,REPORTED_BY
4167,7155,REPORTED_BY
4168,7156,REPORTED_BY
4169,7155,REPORTED_BY
4170,7155,REPORTED_BY
4171,7156,REPORTED_BY
4172,7156,REPORTED_BY
4173,7156,REPORTED_BY
4174,7159,REPORTED_BY
4175,7155,REPORTED_BY
4176,7156,REPORTED_BY
4177,7156,REPORTED_BY
4178,7155,REPORTED_BY
4179,7155,REPORTED_BY
4180,7155,REPORTED_BY
4181,7155,REPORTED_BY
4182,7155,REPORTED_BY
4183,7155,REPORTED_BY
4184,7156,REPORTED_BY
4185,7155,REPORTED_BY
4186,7156,REPORTED_BY
4187,7155,REPORTED_BY
4188,7155,REPORTED_BY
4189,7155,REPORTED_BY
4190,7155,REPORTED_BY
4191,7155,REPORTED_BY
4192,7156,REPORTED_BY
4193,7156,REPORTED_BY
4194,7155,REPORTED_BY
4195,7155,REPORTED_BY
4196,7155,REPORTED_BY
4197,7155,REPORTED_BY
4198,7159,REPORTED_BY
4199,7155,REPORTED_BY
4200,7155,REPORTED_BY
4201,7155,REPORTED_BY
4202,7155,REPORTED_BY
4203,7155,REPORTED_BY
4204,7155,REPORTED_BY
4205,7155,REPORTED_BY
4206,7155,REPORTED_BY
4207,7155,REPORTED_BY
4208,7155,REPORTED_BY
4209,7155,REPORTED_BY
4210,7156,REPORTED_BY
4211,7155,REPORTED_BY
4212,7155,REPORTED_BY
4213,7155,REPORTED_BY
4214,7155,REPORTED_BY
4215,7156,REPORTED_BY
4216,7155,REPORTED_BY
4217,7155,REPORTED_BY
4218,7155,REPORTED_BY
4219,7156,REPORTED_BY
4220,7155,REPORTED_BY
4221,7156,REPORTED_BY
4222,7155,REPORTED_BY
4223,7156,REPORTED_BY
4224,7155,REPORTED_BY
4225,7155,REPORTED_BY
4226,7155,REPORTED_BY
4227,7155,REPORTED_BY
4228,7155,REPORTED_BY
4229,7156,REPORTED_BY
4230,7156,REPORTED_BY
4231,7156,REPORTED_BY
4232,7156,REPORTED_BY
4233,7155,REPORTED_BY
4234,7155,REPORTED_BY
4237,7155,REPORTED_BY
4238,7155,REPORTED_BY
4239,7155,REPORTED_BY
4240,7155,REPORTED_BY
4241,7155,REPORTED_BY
4242,7155,REPORTED_BY
4243,7155,REPORTED_BY
4244,7155,REPORTED_BY
4245,7155,REPORTED_BY
4246,7156,REPORTED_BY
4247,7156,REPORTED_BY
4248,7155,REPORTED_BY
4249,7155,REPORTED_BY
4250,7155,REPORTED_BY
4251,7155,REPORTED_BY
4252,7155,REPORTED_BY
4253,7155,REPORTED_BY
4254,7155,REPORTED_BY
4255,7155,REPORTED_BY
4256,7156,REPORTED_BY
4257,7156,REPORTED_BY
4258,7155,REPORTED_BY
4259,7156,REPORTED_BY
4260,7156,REPORTED_BY
4261,7155,REPORTED_BY
4262,7155,REPORTED_BY
4263,7155,REPORTED_BY
4264,7155,REPORTED_BY
4265,7156,REPORTED_BY
4266,7155,REPORTED_BY
4267,7155,REPORTED_BY
4268,7155,REPORTED_BY
4269,7155,REPORTED_BY
4270,7155,REPORTED_BY
4271,7155,REPORTED_BY
4272,7155,REPORTED_BY
4273,7155,REPORTED_BY
4274,7155,REPORTED_BY
4275,7155,REPORTED_BY
4276,7155,REPORTED_BY
4277,7156,REPORTED_BY
4278,7155,REPORTED_BY
4279,7155,REPORTED_BY
4280,7155,REPORTED_BY
4281,7155,REPORTED_BY
4282,7155,REPORTED_BY
4283,7155,REPORTED_BY
4284,7155,REPORTED_BY
4285,7156,REPORTED_BY
4286,7156,REPORTED_BY
4287,7156,REPORTED_BY
4288,7155,REPORTED_BY
4289,7156,REPORTED_BY
4290,7156,REPORTED_BY
4291,7155,REPORTED_BY
4292,7156,REPORTED_BY
4293,7157,REPORTED_BY
4294,7156,REPORTED_BY
4295,7155,REPORTED_BY
4296,7155,REPORTED_BY
4297,7156,REPORTED_BY
4298,7155,REPORTED_BY
4299,7155,REPORTED_BY
4300,7155,REPORTED_BY
4301,7156,REPORTED_BY
4302,7155,REPORTED_BY
4303,7155,REPORTED_BY
4304,7155,REPORTED_BY
4305,7155,REPORTED_BY
4306,7155,REPORTED_BY
4307,7155,REPORTED_BY
4308,7155,REPORTED_BY
4309,7155,REPORTED_BY
4310,7155,REPORTED_BY
4311,7155,REPORTED_BY
4312,7155,REPORTED_BY
4313,7155,REPORTED_BY
4314,7156,REPORTED_BY
4315,7155,REPORTED_BY
4316,7155,REPORTED_BY
4317,7155,REPORTED_BY
4318,7155,REPORTED_BY
4319,7155,REPORTED_BY
4320,7155,REPORTED_BY
4321,7155,REPORTED_BY
4322,7155,REPORTED_BY
4323,7155,REPORTED_BY
4324,7155,REPORTED_BY
4325,7155,REPORTED_BY
4326,7155,REPORTED_BY
4327,7155,REPORTED_BY
4328,7155,REPORTED_BY
4329,7155,REPORTED_BY
4330,7155,REPORTED_BY
4331,7155,REPORTED_BY
4332,7155,REPORTED_BY
4333,7155,REPORTED_BY
4334,7155,REPORTED_BY
4335,7155,REPORTED_BY
4336,7155,REPORTED_BY
4337,7159,REPORTED_BY
4338,7155,REPORTED_BY
4339,7155,REPORTED_BY
4340,7155,REPORTED_BY
4341,7155,REPORTED_BY
4342,7155,REPORTED_BY
4343,7155,REPORTED_BY
4344,7155,REPORTED_BY
4345,7155,REPORTED_BY
4346,7155,REPORTED_BY
4347,7155,REPORTED_BY
4348,7155,REPORTED_BY
4349,7155,REPORTED_BY
4350,7155,REPORTED_BY
4351,7155,REPORTED_BY
4352,7155,REPORTED_BY
4353,7155,REPORTED_BY
4354,7155,REPORTED_BY
4355,7155,REPORTED_BY
4356,7155,REPORTED_BY
4357,7155,REPORTED_BY
4358,7156,REPORTED_BY
4359,7155,REPORTED_BY
4360,7155,REPORTED_BY
4361,7155,REPORTED_BY
4362,7155,REPORTED_BY
4363,7156,REPORTED_BY
4364,7155,REPORTED_BY
4365,7155,REPORTED_BY
4366,7155,REPORTED_BY
4367,7155,REPORTED_BY
4368,7155,REPORTED_BY
4369,7156,REPORTED_BY
4370,7155,REPORTED_BY
4371,7155,REPORTED_BY
4372,7155,REPORTED_BY
4373,7156,REPORTED_BY
4374,7155,REPORTED_BY
4375,7155,REPORTED_BY
4376,7155,REPORTED_BY
4377,7155,REPORTED_BY
4378,7155,REPORTED_BY
4379,7155,REPORTED_BY
4380,7155,REPORTED_BY
4381,7155,REPORTED_BY
4382,7155,REPORTED_BY
4383,7155,REPORTED_BY
4384,7155,REPORTED_BY
4385,7155,REPORTED_BY
4386,7155,REPORTED_BY
4387,7155,REPORTED_BY
4388,7155,REPORTED_BY
4389,7155,REPORTED_BY
4390,7155,REPORTED_BY
4391,7155,REPORTED_BY
4392,7155,REPORTED_BY
4393,7155,REPORTED_BY
4394,7155,REPORTED_BY
4395,7155,REPORTED_BY
4396,7155,REPORTED_BY
4397,7155,REPORTED_BY
4398,7155,REPORTED_BY
4399,7155,REPORTED_BY
4400,7155,REPORTED_BY
4401,7155,REPORTED_BY
4402,7155,REPORTED_BY
4403,7155,REPORTED_BY
4404,7155,REPORTED_BY
4405,7155,REPORTED_BY
4406,7155,REPORTED_BY
4407,7155,REPORTED_BY
4408,7156,REPORTED_BY
4409,7155,REPORTED_BY
4410,7155,REPORTED_BY
4411,7155,REPORTED_BY
4412,7155,REPORTED_BY
4413,7155,REPORTED_BY
4414,7155,REPORTED_BY
4415,7155,REPORTED_BY
4416,7156,REPORTED_BY
4417,7155,REPORTED_BY
4418,7155,REPORTED_BY
4419,7156,REPORTED_BY
4420,7155,REPORTED_BY
4421,7155,REPORTED_BY
4422,7155,REPORTED_BY
4423,7155,REPORTED_BY
4424,7155,REPORTED_BY
4425,7155,REPORTED_BY
4426,7156,REPORTED_BY
4427,7155,REPORTED_BY
4428,7155,REPORTED_BY
4429,7155,REPORTED_BY
4430,7155,REPORTED_BY
4431,7155,REPORTED_BY
4432,7155,REPORTED_BY
4433,7155,REPORTED_BY
4434,7155,REPORTED_BY
4435,7156,REPORTED_BY
4436,7155,REPORTED_BY
4437,7155,REPORTED_BY
4438,7155,REPORTED_BY
4439,7155,REPORTED_BY
4440,7155,REPORTED_BY
4441,7155,REPORTED_BY
4442,7156,REPORTED_BY
4443,7155,REPORTED_BY
4444,7156,REPORTED_BY
4445,7155,REPORTED_BY
4446,7155,REPORTED_BY
4447,7155,REPORTED_BY
