:START_ID,:END_ID,:TYPE
128,0,REGISTERED
129,1,REGISTERED
130,2,REGISTERED
131,3,REGISTERED
132,4,REGISTERED
131,5,REGISTERED
133,6,REGISTERED
134,7,REGISTERED
130,8,REGISTERED
130,9,REGISTERED
130,10,REGISTERED
130,11,REGISTERED
130,12,REGISTERED
130,13,REGISTERED
130,14,REGISTERED
130,15,REGISTERED
130,16,REGISTERED
135,17,REGISTERED
130,18,REGISTERED
130,19,REGISTERED
130,20,REGISTERED
130,21,REGISTERED
130,22,REGISTERED
130,23,REGISTERED
130,24,REGISTERED
130,25,REGISTERED
130,26,REGISTERED
130,27,REGISTERED
130,28,REGISTERED
130,29,REGISTERED
130,30,REGISTERED
130,31,REGISTERED
130,32,REGISTERED
130,33,REGISTERED
131,34,REGISTERED
130,35,REGISTERED
130,36,REGISTERED
130,37,REGISTERED
132,38,REGISTERED
136,39,REGISTERED
135,40,REGISTERED
135,41,REGISTERED
135,42,REGISTERED
135,43,REGISTERED
134,44,REGISTERED
130,45,REGISTERED
128,46,REGISTERED
130,47,REGISTERED
131,48,REGISTERED
130,49,REGISTERED
135,50,REGISTERED
130,51,REGISTERED
137,52,REGISTERED
130,53,REGISTERED
138,54,REGISTERED
131,55,REGISTERED
131,56,REGISTERED
130,57,REGISTERED
133,58,REGISTERED
139,59,REGISTERED
133,60,REGISTERED
130,61,REGISTERED
131,62,REGISTERED
140,63,REGISTERED
131,64,REGISTERED
130,65,REGISTERED
130,66,REGISTERED
131,67,REGISTERED
130,68,REGISTERED
130,69,REGISTERED
130,70,REGISTERED
130,71,REGISTERED
130,72,REGISTERED
141,73,REGISTERED
130,74,REGISTERED
130,75,REGISTERED
130,76,REGISTERED
130,77,REGISTERED
134,78,REGISTERED
130,79,REGISTERED
130,80,REGISTERED
131,81,REGISTERED
131,82,REGISTERED
130,83,REGISTERED
130,84,REGISTERED
130,85,REGISTERED
130,86,REGISTERED
130,87,REGISTERED
130,88,REGISTERED
130,89,REGISTERED
131,90,REGISTERED
134,91,REGISTERED
134,92,REGISTERED
134,93,REGISTERED
134,94,REGISTERED
134,95,REGISTERED
134,96,REGISTERED
134,97,REGISTERED
134,98,REGISTERED
134,99,REGISTERED
134,100,REGISTERED
134,101,REGISTERED
134,102,REGISTERED
134,103,REGISTERED
134,104,REGISTERED
134,105,REGISTERED
134,106,REGISTERED
134,107,REGISTERED
134,108,REGISTERED
134,109,REGISTERED
134,110,REGISTERED
134,111,REGISTERED
134,112,REGISTERED
130,113,REGISTERED
130,114,REGISTERED
130,115,REGISTERED
130,116,REGISTERED
132,117,REGISTERED
130,118,REGISTERED
130,119,REGISTERED
131,120,REGISTERED
131,121,REGISTERED
130,122,REGISTERED
141,123,REGISTERED
134,124,REGISTERED
130,125,REGISTERED
141,126,REGISTERED
130,127,REGISTERED
273,145,REGISTERED
130,146,REGISTERED
130,147,REGISTERED
130,148,REGISTERED
130,149,REGISTERED
131,150,REGISTERED
130,151,REGISTERED
130,152,REGISTERED
131,153,REGISTERED
131,154,REGISTERED
128,155,REGISTERED
130,156,REGISTERED
130,157,REGISTERED
130,158,REGISTERED
130,159,REGISTERED
130,160,REGISTERED
130,161,REGISTERED
130,162,REGISTERED
131,163,REGISTERED
131,164,REGISTERED
131,165,REGISTERED
131,166,REGISTERED
130,167,REGISTERED
131,168,REGISTERED
130,169,REGISTERED
130,170,REGISTERED
130,171,REGISTERED
130,172,REGISTERED
131,173,REGISTERED
131,174,REGISTERED
130,175,REGISTERED
130,176,REGISTERED
130,177,REGISTERED
274,178,REGISTERED
130,179,REGISTERED
131,180,REGISTERED
130,181,REGISTERED
130,182,REGISTERED
130,183,REGISTERED
130,184,REGISTERED
130,185,REGISTERED
130,186,REGISTERED
128,187,REGISTERED
131,188,REGISTERED
275,189,REGISTERED
276,190,REGISTERED
130,191,REGISTERED
131,192,REGISTERED
131,193,REGISTERED
131,194,REGISTERED
130,195,REGISTERED
129,196,REGISTERED
130,197,REGISTERED
130,198,REGISTERED
134,199,REGISTERED
130,200,REGISTERED
130,201,REGISTERED
130,202,REGISTERED
130,203,REGISTERED
277,204,REGISTERED
130,205,REGISTERED
133,206,REGISTERED
130,207,REGISTERED
130,208,REGISTERED
278,209,REGISTERED
130,210,REGISTERED
130,211,REGISTERED
131,212,REGISTERED
275,213,REGISTERED
131,214,REGISTERED
135,215,REGISTERED
130,216,REGISTERED
130,217,REGISTERED
132,218,REGISTERED
130,219,REGISTERED
279,220,REGISTERED
135,221,REGISTERED
140,222,REGISTERED
130,223,REGISTERED
130,224,REGISTERED
134,225,REGISTERED
133,226,REGISTERED
280,227,REGISTERED
130,228,REGISTERED
130,229,REGISTERED
133,230,REGISTERED
130,231,REGISTERED
130,232,REGISTERED
134,233,REGISTERED
130,234,REGISTERED
128,235,REGISTERED
135,236,REGISTERED
128,237,REGISTERED
133,238,REGISTERED
130,239,REGISTERED
130,240,REGISTERED
131,241,REGISTERED
130,242,REGISTERED
131,243,REGISTERED
130,244,REGISTERED
131,245,REGISTERED
130,246,REGISTERED
131,247,REGISTERED
134,248,REGISTERED
131,249,REGISTERED
133,250,REGISTERED
130,251,REGISTERED
134,252,REGISTERED
130,253,REGISTERED
131,254,REGISTERED
134,255,REGISTERED
130,256,REGISTERED
130,257,REGISTERED
130,258,REGISTERED
132,259,REGISTERED
130,260,REGISTERED
138,261,REGISTERED
133,262,REGISTERED
131,263,REGISTERED
131,264,REGISTERED
130,265,REGISTERED
133,266,REGISTERED
131,267,REGISTERED
130,268,REGISTERED
131,269,REGISTERED
130,270,REGISTERED
131,271,REGISTERED
131,272,REGISTERED
130,282,REGISTERED
130,283,REGISTERED
130,284,REGISTERED
131,285,REGISTERED
134,286,REGISTERED
130,287,REGISTERED
130,288,REGISTERED
131,289,REGISTERED
134,290,REGISTERED
129,291,REGISTERED
130,292,REGISTERED
410,293,REGISTERED
131,294,REGISTERED
131,295,REGISTERED
131,296,REGISTERED
131,297,REGISTERED
131,298,REGISTERED
130,299,REGISTERED
411,300,REGISTERED
131,301,REGISTERED
131,302,REGISTERED
131,303,REGISTERED
130,304,REGISTERED
130,305,REGISTERED
131,306,REGISTERED
131,307,REGISTERED
131,308,REGISTERED
131,309,REGISTERED
131,310,REGISTERED
131,311,REGISTERED
131,312,REGISTERED
131,313,REGISTERED
134,314,REGISTERED
411,315,REGISTERED
412,316,REGISTERED
131,317,REGISTERED
131,318,REGISTERED
280,319,REGISTERED
134,320,REGISTERED
274,321,REGISTERED
131,322,REGISTERED
411,323,REGISTERED
130,324,REGISTERED
128,325,REGISTERED
130,326,REGISTERED
130,327,REGISTERED
131,328,REGISTERED
131,329,REGISTERED
130,330,REGISTERED
130,331,REGISTERED
410,332,REGISTERED
133,333,REGISTERED
131,334,REGISTERED
133,335,REGISTERED
276,336,REGISTERED
135,337,REGISTERED
130,338,REGISTERED
133,339,REGISTERED
131,340,REGISTERED
130,341,REGISTERED
131,342,REGISTERED
139,343,REGISTERED
275,344,REGISTERED
134,345,REGISTERED
274,346,REGISTERED
413,347,REGISTERED
134,348,REGISTERED
276,349,REGISTERED
128,350,REGISTERED
130,351,REGISTERED
135,352,REGISTERED
130,353,REGISTERED
132,354,REGISTERED
131,355,REGISTERED
131,356,REGISTERED
131,357,REGISTERED
130,358,REGISTERED
132,359,REGISTERED
131,360,REGISTERED
130,361,REGISTERED
131,362,REGISTERED
277,363,REGISTERED
131,364,REGISTERED
140,365,REGISTERED
131,366,REGISTERED
131,367,REGISTERED
131,368,REGISTERED
133,369,REGISTERED
130,370,REGISTERED
414,371,REGISTERED
414,372,REGISTERED
414,373,REGISTERED
414,374,REGISTERED
414,375,REGISTERED
414,376,REGISTERED
414,377,REGISTERED
414,378,REGISTERED
414,379,REGISTERED
414,380,REGISTERED
274,381,REGISTERED
414,382,REGISTERED
130,383,REGISTERED
414,384,REGISTERED
128,385,REGISTERED
133,386,REGISTERED
134,387,REGISTERED
131,388,REGISTERED
134,389,REGISTERED
133,390,REGISTERED
131,391,REGISTERED
134,392,REGISTERED
130,393,REGISTERED
130,394,REGISTERED
129,395,REGISTERED
132,396,REGISTERED
134,397,REGISTERED
131,398,REGISTERED
133,399,REGISTERED
411,400,REGISTERED
130,401,REGISTERED
131,402,REGISTERED
128,403,REGISTERED
131,404,REGISTERED
131,405,REGISTERED
131,406,REGISTERED
131,407,REGISTERED
128,408,REGISTERED
132,409,REGISTERED
130,416,REGISTERED
130,417,REGISTERED
130,418,REGISTERED
128,419,REGISTERED
130,420,REGISTERED
130,421,REGISTERED
130,422,REGISTERED
131,423,REGISTERED
129,424,REGISTERED
128,425,REGISTERED
544,426,REGISTERED
133,427,REGISTERED
130,428,REGISTERED
130,429,REGISTERED
130,430,REGISTERED
131,431,REGISTERED
130,432,REGISTERED
131,433,REGISTERED
274,434,REGISTERED
132,435,REGISTERED
132,436,REGISTERED
131,437,REGISTERED
131,438,REGISTERED
545,439,REGISTERED
130,440,REGISTERED
134,441,REGISTERED
133,442,REGISTERED
131,443,REGISTERED
134,444,REGISTERED
131,445,REGISTERED
546,446,REGISTERED
130,447,REGISTERED
133,448,REGISTERED
132,449,REGISTERED
130,450,REGISTERED
134,451,REGISTERED
130,452,REGISTERED
129,453,REGISTERED
131,454,REGISTERED
128,455,REGISTERED
130,456,REGISTERED
134,457,REGISTERED
133,458,REGISTERED
131,459,REGISTERED
128,460,REGISTERED
131,461,REGISTERED
131,462,REGISTERED
131,463,REGISTERED
131,464,REGISTERED
130,465,REGISTERED
130,466,REGISTERED
134,467,REGISTERED
128,468,REGISTERED
130,469,REGISTERED
134,470,REGISTERED
131,471,REGISTERED
128,472,REGISTERED
131,473,REGISTERED
131,474,REGISTERED
130,475,REGISTERED
412,476,REGISTERED
131,477,REGISTERED
131,478,REGISTERED
131,479,REGISTERED
134,480,REGISTERED
131,481,REGISTERED
131,482,REGISTERED
130,483,REGISTERED
131,484,REGISTERED
131,485,REGISTERED
133,486,REGISTERED
130,487,REGISTERED
134,488,REGISTERED
131,489,REGISTERED
130,490,REGISTERED
131,491,REGISTERED
130,492,REGISTERED
131,493,REGISTERED
130,494,REGISTERED
130,495,REGISTERED
134,496,REGISTERED
130,497,REGISTERED
134,498,REGISTERED
133,499,REGISTERED
130,500,REGISTERED
130,501,REGISTERED
131,502,REGISTERED
547,503,REGISTERED
131,504,REGISTERED
133,505,REGISTERED
130,506,REGISTERED
133,507,REGISTERED
131,508,REGISTERED
133,509,REGISTERED
129,510,REGISTERED
130,511,REGISTERED
132,512,REGISTERED
132,513,REGISTERED
131,514,REGISTERED
130,515,REGISTERED
130,516,REGISTERED
131,517,REGISTERED
130,518,REGISTERED
130,519,REGISTERED
131,520,REGISTERED
131,521,REGISTERED
130,522,REGISTERED
130,523,REGISTERED
274,524,REGISTERED
130,525,REGISTERED
133,526,REGISTERED
131,527,REGISTERED
131,528,REGISTERED
131,529,REGISTERED
548,530,REGISTERED
130,531,REGISTERED
132,532,REGISTERED
132,533,REGISTERED
544,534,REGISTERED
131,535,REGISTERED
131,536,REGISTERED
131,537,REGISTERED
131,538,REGISTERED
132,539,REGISTERED
131,540,REGISTERED
130,541,REGISTERED
131,542,REGISTERED
130,543,REGISTERED
411,549,REGISTERED
131,550,REGISTERED
131,551,REGISTERED
547,552,REGISTERED
130,553,REGISTERED
136,554,REGISTERED
133,555,REGISTERED
134,556,REGISTERED
128,557,REGISTERED
136,558,REGISTERED
131,559,REGISTERED
130,560,REGISTERED
677,561,REGISTERED
131,562,REGISTERED
130,563,REGISTERED
133,564,REGISTERED
131,565,REGISTERED
411,566,REGISTERED
130,567,REGISTERED
130,568,REGISTERED
136,569,REGISTERED
274,570,REGISTERED
128,571,REGISTERED
134,572,REGISTERED
279,573,REGISTERED
131,574,REGISTERED
130,575,REGISTERED
130,576,REGISTERED
132,577,REGISTERED
130,578,REGISTERED
130,579,REGISTERED
138,580,REGISTERED
130,581,REGISTERED
131,582,REGISTERED
130,583,REGISTERED
130,584,REGISTERED
678,585,REGISTERED
134,586,REGISTERED
137,587,REGISTERED
130,588,REGISTERED
130,589,REGISTERED
130,590,REGISTERED
274,591,REGISTERED
277,592,REGISTERED
277,593,REGISTERED
277,594,REGISTERED
277,595,REGISTERED
130,596,REGISTERED
130,597,REGISTERED
128,598,REGISTERED
131,599,REGISTERED
128,600,REGISTERED
134,601,REGISTERED
132,602,REGISTERED
131,603,REGISTERED
679,604,REGISTERED
134,605,REGISTERED
130,606,REGISTERED
131,607,REGISTERED
130,608,REGISTERED
128,609,REGISTERED
414,610,REGISTERED
414,611,REGISTERED
414,612,REGISTERED
414,613,REGISTERED
414,614,REGISTERED
414,615,REGISTERED
414,616,REGISTERED
414,617,REGISTERED
414,618,REGISTERED
414,619,REGISTERED
414,620,REGISTERED
414,621,REGISTERED
277,622,REGISTERED
131,623,REGISTERED
133,624,REGISTERED
131,625,REGISTERED
131,626,REGISTERED
130,627,REGISTERED
410,628,REGISTERED
130,629,REGISTERED
133,630,REGISTERED
134,631,REGISTERED
130,632,REGISTERED
133,633,REGISTERED
130,634,REGISTERED
130,635,REGISTERED
130,636,REGISTERED
130,637,REGISTERED
131,638,REGISTERED
134,639,REGISTERED
131,640,REGISTERED
131,641,REGISTERED
134,642,REGISTERED
545,643,REGISTERED
139,644,REGISTERED
130,645,REGISTERED
131,646,REGISTERED
131,647,REGISTERED
132,648,REGISTERED
131,649,REGISTERED
131,650,REGISTERED
130,651,REGISTERED
134,652,REGISTERED
680,653,REGISTERED
134,654,REGISTERED
132,655,REGISTERED
133,656,REGISTERED
132,657,REGISTERED
132,658,REGISTERED
131,659,REGISTERED
132,660,REGISTERED
132,661,REGISTERED
132,662,REGISTERED
138,663,REGISTERED
138,664,REGISTERED
133,665,REGISTERED
136,666,REGISTERED
681,667,REGISTERED
136,668,REGISTERED
132,669,REGISTERED
134,670,REGISTERED
133,671,REGISTERED
131,672,REGISTERED
134,673,REGISTERED
131,674,REGISTERED
131,675,REGISTERED
274,676,REGISTERED
134,682,REGISTERED
133,683,REGISTERED
131,684,REGISTERED
132,685,REGISTERED
133,686,REGISTERED
133,687,REGISTERED
132,688,REGISTERED
131,689,REGISTERED
133,690,REGISTERED
128,691,REGISTERED
128,692,REGISTERED
134,693,REGISTERED
134,694,REGISTERED
274,695,REGISTERED
131,696,REGISTERED
133,697,REGISTERED
131,698,REGISTERED
133,699,REGISTERED
133,700,REGISTERED
130,701,REGISTERED
140,702,REGISTERED
133,703,REGISTERED
133,704,REGISTERED
133,705,REGISTERED
133,706,REGISTERED
133,707,REGISTERED
133,708,REGISTERED
133,709,REGISTERED
280,710,REGISTERED
131,711,REGISTERED
132,712,REGISTERED
134,713,REGISTERED
133,714,REGISTERED
810,715,REGISTERED
136,716,REGISTERED
128,717,REGISTERED
133,718,REGISTERED
131,719,REGISTERED
274,720,REGISTERED
136,721,REGISTERED
131,722,REGISTERED
544,723,REGISTERED
811,724,REGISTERED
133,725,REGISTERED
679,726,REGISTERED
677,727,REGISTERED
133,728,REGISTERED
140,729,REGISTERED
132,730,REGISTERED
133,731,REGISTERED
131,732,REGISTERED
133,733,REGISTERED
140,734,REGISTERED
134,735,REGISTERED
133,736,REGISTERED
133,737,REGISTERED
131,738,REGISTERED
133,739,REGISTERED
128,740,REGISTERED
133,741,REGISTERED
131,742,REGISTERED
132,743,REGISTERED
132,744,REGISTERED
133,745,REGISTERED
140,746,REGISTERED
130,747,REGISTERED
140,748,REGISTERED
133,749,REGISTERED
133,750,REGISTERED
138,751,REGISTERED
133,752,REGISTERED
131,753,REGISTERED
410,754,REGISTERED
133,755,REGISTERED
133,756,REGISTERED
128,757,REGISTERED
279,758,REGISTERED
131,759,REGISTERED
131,760,REGISTERED
131,761,REGISTERED
139,762,REGISTERED
130,763,REGISTERED
681,764,REGISTERED
140,765,REGISTERED
133,766,REGISTERED
133,767,REGISTERED
131,768,REGISTERED
131,769,REGISTERED
134,770,REGISTERED
133,771,REGISTERED
134,772,REGISTERED
131,773,REGISTERED
133,774,REGISTERED
133,775,REGISTERED
133,776,REGISTERED
130,777,REGISTERED
133,778,REGISTERED
133,779,REGISTERED
133,780,REGISTERED
133,781,REGISTERED
136,782,REGISTERED
140,783,REGISTERED
133,784,REGISTERED
140,785,REGISTERED
128,786,REGISTERED
132,787,REGISTERED
131,788,REGISTERED
131,789,REGISTERED
131,790,REGISTERED
133,791,REGISTERED
130,792,REGISTERED
133,793,REGISTERED
134,794,REGISTERED
133,795,REGISTERED
812,796,REGISTERED
812,797,REGISTERED
812,798,REGISTERED
133,799,REGISTERED
546,800,REGISTERED
131,801,REGISTERED
131,802,REGISTERED
133,803,REGISTERED
133,804,REGISTERED
813,805,REGISTERED
131,806,REGISTERED
133,807,REGISTERED
130,808,REGISTERED
128,809,REGISTERED
128,814,REGISTERED
133,815,REGISTERED
131,816,REGISTERED
133,817,REGISTERED
276,818,REGISTERED
544,819,REGISTERED
134,820,REGISTERED
128,821,REGISTERED
134,822,REGISTERED
130,823,REGISTERED
130,824,REGISTERED
133,825,REGISTERED
140,826,REGISTERED
133,827,REGISTERED
274,828,REGISTERED
134,829,REGISTERED
130,830,REGISTERED
131,831,REGISTERED
131,832,REGISTERED
133,833,REGISTERED
133,834,REGISTERED
133,835,REGISTERED
133,836,REGISTERED
130,837,REGISTERED
133,838,REGISTERED
133,839,REGISTERED
133,840,REGISTERED
131,841,REGISTERED
274,842,REGISTERED
131,843,REGISTERED
133,844,REGISTERED
942,845,REGISTERED
140,846,REGISTERED
545,847,REGISTERED
133,848,REGISTERED
133,849,REGISTERED
133,850,REGISTERED
128,851,REGISTERED
131,852,REGISTERED
134,853,REGISTERED
133,854,REGISTERED
140,855,REGISTERED
131,856,REGISTERED
133,857,REGISTERED
131,858,REGISTERED
133,859,REGISTERED
132,860,REGISTERED
943,861,REGISTERED
133,862,REGISTERED
128,863,REGISTERED
132,864,REGISTERED
140,865,REGISTERED
133,866,REGISTERED
130,867,REGISTERED
128,868,REGISTERED
131,869,REGISTERED
132,870,REGISTERED
546,871,REGISTERED
944,872,REGISTERED
131,873,REGISTERED
132,874,REGISTERED
134,875,REGISTERED
133,876,REGISTERED
131,877,REGISTERED
133,878,REGISTERED
133,879,REGISTERED
133,880,REGISTERED
133,881,REGISTERED
133,882,REGISTERED
945,883,REGISTERED
946,884,REGISTERED
946,885,REGISTERED
946,886,REGISTERED
946,887,REGISTERED
274,888,REGISTERED
546,889,REGISTERED
133,890,REGISTERED
133,891,REGISTERED
136,892,REGISTERED
133,893,REGISTERED
947,894,REGISTERED
128,895,REGISTERED
133,896,REGISTERED
128,897,REGISTERED
133,898,REGISTERED
133,899,REGISTERED
134,900,REGISTERED
133,901,REGISTERED
133,902,REGISTERED
140,903,REGISTERED
140,904,REGISTERED
133,905,REGISTERED
128,906,REGISTERED
133,907,REGISTERED
133,908,REGISTERED
131,909,REGISTERED
133,910,REGISTERED
131,911,REGISTERED
133,912,REGISTERED
133,913,REGISTERED
133,914,REGISTERED
133,915,REGISTERED
140,916,REGISTERED
948,917,REGISTERED
140,918,REGISTERED
129,919,REGISTERED
128,920,REGISTERED
133,921,REGISTERED
128,922,REGISTERED
133,923,REGISTERED
133,924,REGISTERED
134,925,REGISTERED
135,926,REGISTERED
411,927,REGISTERED
411,928,REGISTERED
134,929,REGISTERED
133,930,REGISTERED
134,931,REGISTERED
133,932,REGISTERED
133,933,REGISTERED
134,934,REGISTERED
133,935,REGISTERED
274,936,REGISTERED
132,937,REGISTERED
132,938,REGISTERED
949,939,REGISTERED
133,940,REGISTERED
133,941,REGISTERED
128,950,REGISTERED
133,951,REGISTERED
134,952,REGISTERED
131,953,REGISTERED
276,954,REGISTERED
942,955,REGISTERED
133,956,REGISTERED
133,957,REGISTERED
545,958,REGISTERED
139,959,REGISTERED
133,960,REGISTERED
140,961,REGISTERED
131,962,REGISTERED
133,963,REGISTERED
133,964,REGISTERED
133,965,REGISTERED
942,966,REGISTERED
942,967,REGISTERED
131,968,REGISTERED
133,969,REGISTERED
133,970,REGISTERED
946,971,REGISTERED
946,972,REGISTERED
133,973,REGISTERED
129,974,REGISTERED
128,975,REGISTERED
133,976,REGISTERED
133,977,REGISTERED
131,978,REGISTERED
942,979,REGISTERED
133,980,REGISTERED
131,981,REGISTERED
274,982,REGISTERED
133,983,REGISTERED
274,984,REGISTERED
133,985,REGISTERED
133,986,REGISTERED
140,987,REGISTERED
133,988,REGISTERED
133,989,REGISTERED
130,990,REGISTERED
139,991,REGISTERED
275,992,REGISTERED
275,993,REGISTERED
130,994,REGISTERED
1078,995,REGISTERED
544,996,REGISTERED
130,997,REGISTERED
131,998,REGISTERED
134,999,REGISTERED
131,1000,REGISTERED
133,1001,REGISTERED
133,1002,REGISTERED
133,1003,REGISTERED
128,1004,REGISTERED
548,1005,REGISTERED
411,1006,REGISTERED
128,1007,REGISTERED
133,1008,REGISTERED
128,1009,REGISTERED
131,1010,REGISTERED
133,1011,REGISTERED
132,1012,REGISTERED
131,1013,REGISTERED
944,1014,REGISTERED
128,1015,REGISTERED
131,1016,REGISTERED
545,1017,REGISTERED
128,1018,REGISTERED
133,1019,REGISTERED
131,1020,REGISTERED
132,1021,REGISTERED
134,1022,REGISTERED
133,1023,REGISTERED
133,1024,REGISTERED
133,1025,REGISTERED
274,1026,REGISTERED
132,1027,REGISTERED
131,1028,REGISTERED
131,1029,REGISTERED
134,1030,REGISTERED
131,1031,REGISTERED
133,1032,REGISTERED
140,1033,REGISTERED
132,1034,REGISTERED
132,1035,REGISTERED
133,1036,REGISTERED
133,1037,REGISTERED
132,1038,REGISTERED
133,1039,REGISTERED
133,1040,REGISTERED
133,1041,REGISTERED
131,1042,REGISTERED
410,1043,REGISTERED
133,1044,REGISTERED
133,1045,REGISTERED
133,1046,REGISTERED
140,1047,REGISTERED
548,1048,REGISTERED
133,1049,REGISTERED
131,1050,REGISTERED
945,1051,REGISTERED
134,1052,REGISTERED
138,1053,REGISTERED
133,1054,REGISTERED
1079,1055,REGISTERED
131,1056,REGISTERED
133,1057,REGISTERED
133,1058,REGISTERED
131,1059,REGISTERED
132,1060,REGISTERED
133,1061,REGISTERED
128,1062,REGISTERED
134,1063,REGISTERED
131,1064,REGISTERED
131,1065,REGISTERED
134,1066,REGISTERED
128,1067,REGISTERED
133,1068,REGISTERED
134,1069,REGISTERED
544,1070,REGISTERED
131,1071,REGISTERED
545,1072,REGISTERED
131,1073,REGISTERED
133,1074,REGISTERED
134,1075,REGISTERED
133,1076,REGISTERED
129,1077,REGISTERED
134,1080,REGISTERED
546,1081,REGISTERED
131,1082,REGISTERED
133,1083,REGISTERED
131,1084,REGISTERED
133,1085,REGISTERED
134,1086,REGISTERED
277,1087,REGISTERED
277,1088,REGISTERED
274,1089,REGISTERED
1208,1090,REGISTERED
1208,1091,REGISTERED
1208,1092,REGISTERED
130,1093,REGISTERED
131,1094,REGISTERED
133,1095,REGISTERED
133,1096,REGISTERED
812,1097,REGISTERED
133,1098,REGISTERED
128,1099,REGISTERED
131,1100,REGISTERED
133,1101,REGISTERED
128,1102,REGISTERED
132,1103,REGISTERED
131,1104,REGISTERED
133,1105,REGISTERED
133,1106,REGISTERED
810,1107,REGISTERED
276,1108,REGISTERED
128,1109,REGISTERED
133,1110,REGISTERED
276,1111,REGISTERED
129,1112,REGISTERED
133,1113,REGISTERED
133,1114,REGISTERED
133,1115,REGISTERED
133,1116,REGISTERED
131,1117,REGISTERED
548,1118,REGISTERED
128,1119,REGISTERED
133,1120,REGISTERED
942,1121,REGISTERED
133,1122,REGISTERED
946,1123,REGISTERED
1209,1124,REGISTERED
544,1125,REGISTERED
133,1126,REGISTERED
132,1127,REGISTERED
1210,1128,REGISTERED
133,1129,REGISTERED
133,1130,REGISTERED
140,1131,REGISTERED
133,1132,REGISTERED
810,1133,REGISTERED
133,1134,REGISTERED
133,1135,REGISTERED
411,1136,REGISTERED
133,1137,REGISTERED
134,1138,REGISTERED
133,1139,REGISTERED
133,1140,REGISTERED
544,1141,REGISTERED
131,1142,REGISTERED
133,1143,REGISTERED
133,1144,REGISTERED
133,1145,REGISTERED
129,1146,REGISTERED
949,1147,REGISTERED
133,1148,REGISTERED
1211,1149,REGISTERED
131,1150,REGISTERED
133,1151,REGISTERED
133,1152,REGISTERED
131,1153,REGISTERED
942,1154,REGISTERED
133,1155,REGISTERED
133,1156,REGISTERED
548,1157,REGISTERED
133,1158,REGISTERED
128,1159,REGISTERED
131,1160,REGISTERED
131,1161,REGISTERED
130,1162,REGISTERED
134,1163,REGISTERED
133,1164,REGISTERED
133,1165,REGISTERED
133,1166,REGISTERED
942,1167,REGISTERED
133,1168,REGISTERED
134,1169,REGISTERED
133,1170,REGISTERED
128,1171,REGISTERED
133,1172,REGISTERED
130,1173,REGISTERED
133,1174,REGISTERED
413,1175,REGISTERED
133,1176,REGISTERED
1212,1177,REGISTERED
544,1178,REGISTERED
133,1179,REGISTERED
133,1180,REGISTERED
133,1181,REGISTERED
128,1182,REGISTERED
1213,1183,REGISTERED
128,1184,REGISTERED
275,1185,REGISTERED
275,1186,REGISTERED
132,1187,REGISTERED
133,1188,REGISTERED
128,1189,REGISTERED
131,1190,REGISTERED
131,1191,REGISTERED
131,1192,REGISTERED
139,1193,REGISTERED
134,1194,REGISTERED
1214,1195,REGISTERED
133,1196,REGISTERED
133,1197,REGISTERED
133,1198,REGISTERED
133,1199,REGISTERED
133,1200,REGISTERED
133,1201,REGISTERED
133,1202,REGISTERED
130,1203,REGISTERED
133,1204,REGISTERED
544,1205,REGISTERED
128,1206,REGISTERED
140,1207,REGISTERED
133,1215,REGISTERED
133,1216,REGISTERED
130,1217,REGISTERED
133,1218,REGISTERED
133,1219,REGISTERED
133,1220,REGISTERED
949,1221,REGISTERED
133,1222,REGISTERED
133,1223,REGISTERED
133,1224,REGISTERED
133,1225,REGISTERED
680,1226,REGISTERED
680,1227,REGISTERED
133,1228,REGISTERED
134,1229,REGISTERED
275,1230,REGISTERED
810,1231,REGISTERED
131,1232,REGISTERED
949,1233,REGISTERED
133,1234,REGISTERED
134,1235,REGISTERED
274,1236,REGISTERED
678,1237,REGISTERED
130,1238,REGISTERED
949,1239,REGISTERED
273,1240,REGISTERED
273,1241,REGISTERED
273,1242,REGISTERED
273,1243,REGISTERED
133,1244,REGISTERED
133,1245,REGISTERED
273,1246,REGISTERED
128,1247,REGISTERED
942,1248,REGISTERED
1214,1249,REGISTERED
133,1250,REGISTERED
131,1251,REGISTERED
133,1252,REGISTERED
1343,1253,REGISTERED
133,1254,REGISTERED
128,1255,REGISTERED
134,1256,REGISTERED
274,1257,REGISTERED
133,1258,REGISTERED
140,1259,REGISTERED
140,1260,REGISTERED
133,1261,REGISTERED
136,1262,REGISTERED
130,1263,REGISTERED
1344,1264,REGISTERED
131,1265,REGISTERED
133,1266,REGISTERED
133,1267,REGISTERED
413,1268,REGISTERED
133,1269,REGISTERED
544,1270,REGISTERED
273,1271,REGISTERED
273,1272,REGISTERED
133,1273,REGISTERED
140,1274,REGISTERED
133,1275,REGISTERED
133,1276,REGISTERED
134,1277,REGISTERED
131,1278,REGISTERED
133,1279,REGISTERED
131,1280,REGISTERED
133,1281,REGISTERED
133,1282,REGISTERED
133,1283,REGISTERED
133,1284,REGISTERED
133,1285,REGISTERED
132,1286,REGISTERED
133,1287,REGISTERED
276,1288,REGISTERED
134,1289,REGISTERED
949,1290,REGISTERED
133,1291,REGISTERED
138,1292,REGISTERED
138,1293,REGISTERED
136,1294,REGISTERED
131,1295,REGISTERED
133,1296,REGISTERED
133,1297,REGISTERED
1345,1298,REGISTERED
274,1299,REGISTERED
133,1300,REGISTERED
140,1301,REGISTERED
1346,1302,REGISTERED
132,1303,REGISTERED
133,1304,REGISTERED
133,1305,REGISTERED
131,1306,REGISTERED
131,1307,REGISTERED
273,1308,REGISTERED
133,1309,REGISTERED
133,1310,REGISTERED
131,1311,REGISTERED
1347,1312,REGISTERED
133,1313,REGISTERED
131,1314,REGISTERED
131,1315,REGISTERED
139,1316,REGISTERED
1211,1317,REGISTERED
133,1318,REGISTERED
133,1319,REGISTERED
129,1320,REGISTERED
544,1321,REGISTERED
544,1322,REGISTERED
133,1323,REGISTERED
942,1324,REGISTERED
134,1325,REGISTERED
1348,1326,REGISTERED
1348,1327,REGISTERED
1348,1328,REGISTERED
1348,1329,REGISTERED
1348,1330,REGISTERED
1348,1331,REGISTERED
1348,1332,REGISTERED
1348,1333,REGISTERED
1348,1334,REGISTERED
1348,1335,REGISTERED
1348,1336,REGISTERED
1348,1337,REGISTERED
1348,1338,REGISTERED
133,1339,REGISTERED
134,1340,REGISTERED
1214,1341,REGISTERED
136,1342,REGISTERED
128,1349,REGISTERED
131,1350,REGISTERED
130,1351,REGISTERED
133,1352,REGISTERED
133,1353,REGISTERED
544,1354,REGISTERED
133,1355,REGISTERED
128,1356,REGISTERED
132,1357,REGISTERED
133,1358,REGISTERED
133,1359,REGISTERED
133,1360,REGISTERED
131,1361,REGISTERED
133,1362,REGISTERED
133,1363,REGISTERED
133,1364,REGISTERED
133,1365,REGISTERED
133,1366,REGISTERED
133,1367,REGISTERED
133,1368,REGISTERED
133,1369,REGISTERED
131,1370,REGISTERED
944,1371,REGISTERED
544,1372,REGISTERED
544,1373,REGISTERED
134,1374,REGISTERED
133,1375,REGISTERED
133,1376,REGISTERED
544,1377,REGISTERED
544,1378,REGISTERED
681,1379,REGISTERED
130,1380,REGISTERED
130,1381,REGISTERED
133,1382,REGISTERED
275,1383,REGISTERED
140,1384,REGISTERED
133,1385,REGISTERED
128,1386,REGISTERED
545,1387,REGISTERED
133,1388,REGISTERED
133,1389,REGISTERED
133,1390,REGISTERED
133,1391,REGISTERED
133,1392,REGISTERED
131,1393,REGISTERED
128,1394,REGISTERED
1477,1395,REGISTERED
133,1396,REGISTERED
133,1397,REGISTERED
133,1398,REGISTERED
131,1399,REGISTERED
128,1400,REGISTERED
140,1401,REGISTERED
131,1402,REGISTERED
131,1403,REGISTERED
131,1404,REGISTERED
544,1405,REGISTERED
134,1406,REGISTERED
139,1407,REGISTERED
131,1408,REGISTERED
128,1409,REGISTERED
140,1410,REGISTERED
134,1411,REGISTERED
545,1412,REGISTERED
139,1413,REGISTERED
129,1414,REGISTERED
133,1415,REGISTERED
1478,1416,REGISTERED
131,1417,REGISTERED
946,1418,REGISTERED
131,1419,REGISTERED
946,1420,REGISTERED
946,1421,REGISTERED
946,1422,REGISTERED
274,1423,REGISTERED
133,1424,REGISTERED
942,1425,REGISTERED
274,1426,REGISTERED
946,1427,REGISTERED
946,1428,REGISTERED
131,1429,REGISTERED
946,1430,REGISTERED
133,1431,REGISTERED
545,1432,REGISTERED
128,1433,REGISTERED
274,1434,REGISTERED
134,1435,REGISTERED
1208,1436,REGISTERED
1344,1437,REGISTERED
131,1438,REGISTERED
133,1439,REGISTERED
274,1440,REGISTERED
133,1441,REGISTERED
131,1442,REGISTERED
133,1443,REGISTERED
131,1444,REGISTERED
131,1445,REGISTERED
942,1446,REGISTERED
131,1447,REGISTERED
131,1448,REGISTERED
133,1449,REGISTERED
942,1450,REGISTERED
133,1451,REGISTERED
133,1452,REGISTERED
1214,1453,REGISTERED
942,1454,REGISTERED
139,1455,REGISTERED
134,1456,REGISTERED
131,1457,REGISTERED
131,1458,REGISTERED
128,1459,REGISTERED
136,1460,REGISTERED
130,1461,REGISTERED
133,1462,REGISTERED
133,1463,REGISTERED
133,1464,REGISTERED
134,1465,REGISTERED
133,1466,REGISTERED
133,1467,REGISTERED
133,1468,REGISTERED
133,1469,REGISTERED
133,1470,REGISTERED
128,1471,REGISTERED
134,1472,REGISTERED
133,1473,REGISTERED
945,1474,REGISTERED
131,1475,REGISTERED
133,1476,REGISTERED
133,1479,REGISTERED
133,1480,REGISTERED
136,1481,REGISTERED
128,1482,REGISTERED
133,1483,REGISTERED
133,1484,REGISTERED
140,1485,REGISTERED
128,1486,REGISTERED
134,1487,REGISTERED
134,1488,REGISTERED
133,1489,REGISTERED
133,1490,REGISTERED
275,1491,REGISTERED
274,1492,REGISTERED
129,1493,REGISTERED
128,1494,REGISTERED
133,1495,REGISTERED
133,1496,REGISTERED
128,1497,REGISTERED
131,1498,REGISTERED
274,1499,REGISTERED
128,1500,REGISTERED
1607,1501,REGISTERED
131,1502,REGISTERED
131,1503,REGISTERED
133,1504,REGISTERED
133,1505,REGISTERED
131,1506,REGISTERED
128,1507,REGISTERED
128,1508,REGISTERED
133,1509,REGISTERED
133,1510,REGISTERED
133,1511,REGISTERED
133,1512,REGISTERED
141,1513,REGISTERED
1079,1514,REGISTERED
133,1515,REGISTERED
133,1516,REGISTERED
544,1517,REGISTERED
133,1518,REGISTERED
133,1519,REGISTERED
544,1520,REGISTERED
133,1521,REGISTERED
133,1522,REGISTERED
1343,1523,REGISTERED
133,1524,REGISTERED
274,1525,REGISTERED
133,1526,REGISTERED
547,1527,REGISTERED
133,1528,REGISTERED
133,1529,REGISTERED
1608,1530,REGISTERED
133,1531,REGISTERED
133,1532,REGISTERED
136,1533,REGISTERED
128,1534,REGISTERED
942,1535,REGISTERED
131,1536,REGISTERED
133,1537,REGISTERED
128,1538,REGISTERED
140,1539,REGISTERED
133,1540,REGISTERED
133,1541,REGISTERED
133,1542,REGISTERED
128,1543,REGISTERED
133,1544,REGISTERED
133,1545,REGISTERED
133,1546,REGISTERED
131,1547,REGISTERED
133,1548,REGISTERED
140,1549,REGISTERED
678,1550,REGISTERED
133,1551,REGISTERED
131,1552,REGISTERED
1609,1553,REGISTERED
1214,1554,REGISTERED
128,1555,REGISTERED
1609,1556,REGISTERED
131,1557,REGISTERED
140,1558,REGISTERED
128,1559,REGISTERED
133,1560,REGISTERED
128,1561,REGISTERED
136,1562,REGISTERED
1610,1563,REGISTERED
131,1564,REGISTERED
131,1565,REGISTERED
140,1566,REGISTERED
545,1567,REGISTERED
1214,1568,REGISTERED
131,1569,REGISTERED
133,1570,REGISTERED
133,1571,REGISTERED
133,1572,REGISTERED
546,1573,REGISTERED
140,1574,REGISTERED
133,1575,REGISTERED
128,1576,REGISTERED
133,1577,REGISTERED
133,1578,REGISTERED
136,1579,REGISTERED
130,1580,REGISTERED
128,1581,REGISTERED
133,1582,REGISTERED
133,1583,REGISTERED
134,1584,REGISTERED
1611,1585,REGISTERED
131,1586,REGISTERED
131,1587,REGISTERED
133,1588,REGISTERED
133,1589,REGISTERED
140,1590,REGISTERED
278,1591,REGISTERED
134,1592,REGISTERED
411,1593,REGISTERED
548,1594,REGISTERED
140,1595,REGISTERED
138,1596,REGISTERED
134,1597,REGISTERED
140,1598,REGISTERED
133,1599,REGISTERED
131,1600,REGISTERED
134,1601,REGISTERED
140,1602,REGISTERED
133,1603,REGISTERED
133,1604,REGISTERED
133,1605,REGISTERED
133,1606,REGISTERED
133,1612,REGISTERED
133,1613,REGISTERED
134,1614,REGISTERED
133,1615,REGISTERED
131,1616,REGISTERED
133,1617,REGISTERED
133,1618,REGISTERED
944,1619,REGISTERED
133,1620,REGISTERED
128,1621,REGISTERED
544,1622,REGISTERED
128,1623,REGISTERED
136,1624,REGISTERED
133,1625,REGISTERED
134,1626,REGISTERED
134,1627,REGISTERED
274,1628,REGISTERED
130,1629,REGISTERED
133,1630,REGISTERED
133,1631,REGISTERED
276,1632,REGISTERED
133,1633,REGISTERED
136,1634,REGISTERED
133,1635,REGISTERED
130,1636,REGISTERED
133,1637,REGISTERED
130,1638,REGISTERED
544,1639,REGISTERED
1740,1640,REGISTERED
134,1641,REGISTERED
133,1642,REGISTERED
274,1643,REGISTERED
544,1644,REGISTERED
133,1645,REGISTERED
128,1646,REGISTERED
128,1647,REGISTERED
133,1648,REGISTERED
274,1649,REGISTERED
133,1650,REGISTERED
128,1651,REGISTERED
128,1652,REGISTERED
131,1653,REGISTERED
133,1654,REGISTERED
544,1655,REGISTERED
544,1656,REGISTERED
544,1657,REGISTERED
1609,1658,REGISTERED
413,1659,REGISTERED
1610,1660,REGISTERED
140,1661,REGISTERED
134,1662,REGISTERED
130,1663,REGISTERED
128,1664,REGISTERED
133,1665,REGISTERED
133,1666,REGISTERED
133,1667,REGISTERED
133,1668,REGISTERED
140,1669,REGISTERED
134,1670,REGISTERED
134,1671,REGISTERED
131,1672,REGISTERED
140,1673,REGISTERED
140,1674,REGISTERED
128,1675,REGISTERED
133,1676,REGISTERED
1477,1677,REGISTERED
1477,1678,REGISTERED
1477,1679,REGISTERED
1477,1680,REGISTERED
1741,1681,REGISTERED
133,1682,REGISTERED
133,1683,REGISTERED
134,1684,REGISTERED
134,1685,REGISTERED
133,1686,REGISTERED
133,1687,REGISTERED
133,1688,REGISTERED
133,1689,REGISTERED
274,1690,REGISTERED
133,1691,REGISTERED
138,1692,REGISTERED
136,1693,REGISTERED
133,1694,REGISTERED
1742,1695,REGISTERED
274,1696,REGISTERED
140,1697,REGISTERED
134,1698,REGISTERED
412,1699,REGISTERED
131,1700,REGISTERED
131,1701,REGISTERED
942,1702,REGISTERED
140,1703,REGISTERED
129,1704,REGISTERED
134,1705,REGISTERED
134,1706,REGISTERED
137,1707,REGISTERED
131,1708,REGISTERED
274,1709,REGISTERED
132,1710,REGISTERED
128,1711,REGISTERED
134,1712,REGISTERED
134,1713,REGISTERED
133,1714,REGISTERED
131,1715,REGISTERED
131,1716,REGISTERED
140,1717,REGISTERED
131,1718,REGISTERED
131,1719,REGISTERED
133,1720,REGISTERED
128,1721,REGISTERED
128,1722,REGISTERED
128,1723,REGISTERED
128,1724,REGISTERED
128,1725,REGISTERED
131,1726,REGISTERED
547,1727,REGISTERED
944,1728,REGISTERED
133,1729,REGISTERED
131,1730,REGISTERED
128,1731,REGISTERED
942,1732,REGISTERED
133,1733,REGISTERED
544,1734,REGISTERED
133,1735,REGISTERED
130,1736,REGISTERED
1743,1737,REGISTERED
136,1738,REGISTERED
544,1739,REGISTERED
678,1744,REGISTERED
813,1745,REGISTERED
544,1746,REGISTERED
140,1747,REGISTERED
678,1748,REGISTERED
412,1749,REGISTERED
134,1750,REGISTERED
136,1751,REGISTERED
134,1752,REGISTERED
133,1753,REGISTERED
140,1754,REGISTERED
133,1755,REGISTERED
133,1756,REGISTERED
128,1757,REGISTERED
274,1758,REGISTERED
132,1759,REGISTERED
949,1760,REGISTERED
132,1761,REGISTERED
136,1762,REGISTERED
133,1763,REGISTERED
132,1764,REGISTERED
134,1765,REGISTERED
136,1766,REGISTERED
128,1767,REGISTERED
128,1768,REGISTERED
128,1769,REGISTERED
133,1770,REGISTERED
134,1771,REGISTERED
132,1772,REGISTERED
139,1773,REGISTERED
949,1774,REGISTERED
140,1775,REGISTERED
279,1776,REGISTERED
1872,1777,REGISTERED
678,1778,REGISTERED
128,1779,REGISTERED
133,1780,REGISTERED
280,1781,REGISTERED
131,1782,REGISTERED
133,1783,REGISTERED
133,1784,REGISTERED
140,1785,REGISTERED
133,1786,REGISTERED
1347,1787,REGISTERED
130,1788,REGISTERED
130,1789,REGISTERED
130,1790,REGISTERED
134,1791,REGISTERED
130,1792,REGISTERED
133,1793,REGISTERED
136,1794,REGISTERED
544,1795,REGISTERED
136,1796,REGISTERED
134,1797,REGISTERED
548,1798,REGISTERED
133,1799,REGISTERED
1343,1800,REGISTERED
130,1801,REGISTERED
136,1802,REGISTERED
140,1803,REGISTERED
140,1804,REGISTERED
132,1805,REGISTERED
134,1806,REGISTERED
133,1807,REGISTERED
278,1808,REGISTERED
133,1809,REGISTERED
133,1810,REGISTERED
131,1811,REGISTERED
131,1812,REGISTERED
130,1813,REGISTERED
136,1814,REGISTERED
275,1815,REGISTERED
129,1816,REGISTERED
130,1817,REGISTERED
133,1818,REGISTERED
1211,1819,REGISTERED
139,1820,REGISTERED
129,1821,REGISTERED
1873,1822,REGISTERED
133,1823,REGISTERED
134,1824,REGISTERED
128,1825,REGISTERED
133,1826,REGISTERED
131,1827,REGISTERED
130,1828,REGISTERED
128,1829,REGISTERED
133,1830,REGISTERED
128,1831,REGISTERED
134,1832,REGISTERED
133,1833,REGISTERED
274,1834,REGISTERED
274,1835,REGISTERED
130,1836,REGISTERED
133,1837,REGISTERED
1874,1838,REGISTERED
274,1839,REGISTERED
274,1840,REGISTERED
1875,1841,REGISTERED
133,1842,REGISTERED
134,1843,REGISTERED
128,1844,REGISTERED
413,1845,REGISTERED
128,1846,REGISTERED
128,1847,REGISTERED
274,1848,REGISTERED
128,1849,REGISTERED
134,1850,REGISTERED
128,1851,REGISTERED
128,1852,REGISTERED
1876,1853,REGISTERED
140,1854,REGISTERED
133,1855,REGISTERED
134,1856,REGISTERED
547,1857,REGISTERED
129,1858,REGISTERED
813,1859,REGISTERED
949,1860,REGISTERED
140,1861,REGISTERED
1876,1862,REGISTERED
133,1863,REGISTERED
274,1864,REGISTERED
679,1865,REGISTERED
133,1866,REGISTERED
133,1867,REGISTERED
130,1868,REGISTERED
131,1869,REGISTERED
544,1870,REGISTERED
131,1871,REGISTERED
133,1877,REGISTERED
2005,1878,REGISTERED
274,1879,REGISTERED
546,1880,REGISTERED
134,1881,REGISTERED
546,1882,REGISTERED
2006,1883,REGISTERED
128,1884,REGISTERED
1344,1885,REGISTERED
274,1886,REGISTERED
131,1887,REGISTERED
133,1888,REGISTERED
136,1889,REGISTERED
274,1890,REGISTERED
678,1891,REGISTERED
134,1892,REGISTERED
413,1893,REGISTERED
130,1894,REGISTERED
136,1895,REGISTERED
140,1896,REGISTERED
133,1897,REGISTERED
133,1898,REGISTERED
274,1899,REGISTERED
128,1900,REGISTERED
544,1901,REGISTERED
677,1902,REGISTERED
545,1903,REGISTERED
140,1904,REGISTERED
128,1905,REGISTERED
131,1906,REGISTERED
274,1907,REGISTERED
136,1908,REGISTERED
276,1909,REGISTERED
128,1910,REGISTERED
140,1911,REGISTERED
133,1912,REGISTERED
133,1913,REGISTERED
678,1914,REGISTERED
275,1915,REGISTERED
133,1916,REGISTERED
1347,1917,REGISTERED
128,1918,REGISTERED
133,1919,REGISTERED
133,1920,REGISTERED
138,1921,REGISTERED
130,1922,REGISTERED
413,1923,REGISTERED
1213,1924,REGISTERED
129,1925,REGISTERED
134,1926,REGISTERED
133,1927,REGISTERED
134,1928,REGISTERED
133,1929,REGISTERED
130,1930,REGISTERED
274,1931,REGISTERED
133,1932,REGISTERED
128,1933,REGISTERED
133,1934,REGISTERED
1214,1935,REGISTERED
544,1936,REGISTERED
274,1937,REGISTERED
130,1938,REGISTERED
274,1939,REGISTERED
133,1940,REGISTERED
133,1941,REGISTERED
274,1942,REGISTERED
274,1943,REGISTERED
128,1944,REGISTERED
2007,1945,REGISTERED
274,1946,REGISTERED
136,1947,REGISTERED
133,1948,REGISTERED
132,1949,REGISTERED
134,1950,REGISTERED
275,1951,REGISTERED
131,1952,REGISTERED
132,1953,REGISTERED
134,1954,REGISTERED
130,1955,REGISTERED
413,1956,REGISTERED
133,1957,REGISTERED
133,1958,REGISTERED
130,1959,REGISTERED
1876,1960,REGISTERED
276,1961,REGISTERED
813,1962,REGISTERED
813,1963,REGISTERED
128,1964,REGISTERED
131,1965,REGISTERED
813,1966,REGISTERED
678,1967,REGISTERED
413,1968,REGISTERED
133,1969,REGISTERED
128,1970,REGISTERED
133,1971,REGISTERED
128,1972,REGISTERED
140,1973,REGISTERED
130,1974,REGISTERED
279,1975,REGISTERED
133,1976,REGISTERED
131,1977,REGISTERED
128,1978,REGISTERED
131,1979,REGISTERED
128,1980,REGISTERED
131,1981,REGISTERED
131,1982,REGISTERED
131,1983,REGISTERED
548,1984,REGISTERED
1876,1985,REGISTERED
678,1986,REGISTERED
137,1987,REGISTERED
275,1988,REGISTERED
275,1989,REGISTERED
545,1990,REGISTERED
133,1991,REGISTERED
140,1992,REGISTERED
136,1993,REGISTERED
133,1994,REGISTERED
136,1995,REGISTERED
274,1996,REGISTERED
678,1997,REGISTERED
139,1998,REGISTERED
274,1999,REGISTERED
133,2000,REGISTERED
679,2001,REGISTERED
280,2002,REGISTERED
136,2003,REGISTERED
275,2004,REGISTERED
133,2008,REGISTERED
131,2009,REGISTERED
128,2010,REGISTERED
813,2011,REGISTERED
2136,2012,REGISTERED
276,2013,REGISTERED
546,2014,REGISTERED
412,2015,REGISTERED
134,2016,REGISTERED
274,2017,REGISTERED
133,2018,REGISTERED
134,2019,REGISTERED
133,2020,REGISTERED
1875,2021,REGISTERED
131,2022,REGISTERED
274,2023,REGISTERED
546,2024,REGISTERED
140,2025,REGISTERED
134,2026,REGISTERED
133,2027,REGISTERED
134,2028,REGISTERED
136,2029,REGISTERED
131,2030,REGISTERED
130,2031,REGISTERED
128,2032,REGISTERED
274,2033,REGISTERED
280,2034,REGISTERED
274,2035,REGISTERED
128,2036,REGISTERED
813,2037,REGISTERED
133,2038,REGISTERED
140,2039,REGISTERED
278,2040,REGISTERED
134,2041,REGISTERED
2137,2042,REGISTERED
128,2043,REGISTERED
130,2044,REGISTERED
128,2045,REGISTERED
128,2046,REGISTERED
136,2047,REGISTERED
133,2048,REGISTERED
128,2049,REGISTERED
131,2050,REGISTERED
128,2051,REGISTERED
1343,2052,REGISTERED
413,2053,REGISTERED
130,2054,REGISTERED
274,2055,REGISTERED
949,2056,REGISTERED
410,2057,REGISTERED
134,2058,REGISTERED
274,2059,REGISTERED
133,2060,REGISTERED
136,2061,REGISTERED
274,2062,REGISTERED
274,2063,REGISTERED
128,2064,REGISTERED
274,2065,REGISTERED
679,2066,REGISTERED
128,2067,REGISTERED
128,2068,REGISTERED
1610,2069,REGISTERED
134,2070,REGISTERED
1478,2071,REGISTERED
274,2072,REGISTERED
140,2073,REGISTERED
275,2074,REGISTERED
128,2075,REGISTERED
133,2076,REGISTERED
133,2077,REGISTERED
133,2078,REGISTERED
133,2079,REGISTERED
1343,2080,REGISTERED
136,2081,REGISTERED
134,2082,REGISTERED
2138,2083,REGISTERED
136,2084,REGISTERED
140,2085,REGISTERED
134,2086,REGISTERED
134,2087,REGISTERED
134,2088,REGISTERED
128,2089,REGISTERED
2139,2090,REGISTERED
136,2091,REGISTERED
274,2092,REGISTERED
1477,2093,REGISTERED
1477,2094,REGISTERED
1477,2095,REGISTERED
131,2096,REGISTERED
2140,2097,REGISTERED
128,2098,REGISTERED
133,2099,REGISTERED
140,2100,REGISTERED
133,2101,REGISTERED
140,2102,REGISTERED
949,2103,REGISTERED
136,2104,REGISTERED
130,2105,REGISTERED
410,2106,REGISTERED
134,2107,REGISTERED
2141,2108,REGISTERED
1079,2109,REGISTERED
678,2110,REGISTERED
131,2111,REGISTERED
130,2112,REGISTERED
128,2113,REGISTERED
810,2114,REGISTERED
128,2115,REGISTERED
134,2116,REGISTERED
1875,2117,REGISTERED
128,2118,REGISTERED
140,2119,REGISTERED
2142,2120,REGISTERED
140,2121,REGISTERED
276,2122,REGISTERED
140,2123,REGISTERED
129,2124,REGISTERED
813,2125,REGISTERED
132,2126,REGISTERED
2143,2127,REGISTERED
131,2128,REGISTERED
813,2129,REGISTERED
810,2130,REGISTERED
140,2131,REGISTERED
275,2132,REGISTERED
133,2133,REGISTERED
128,2134,REGISTERED
130,2135,REGISTERED
131,2144,REGISTERED
2137,2145,REGISTERED
128,2146,REGISTERED
134,2147,REGISTERED
140,2148,REGISTERED
678,2149,REGISTERED
133,2150,REGISTERED
1343,2151,REGISTERED
128,2152,REGISTERED
139,2153,REGISTERED
130,2154,REGISTERED
136,2155,REGISTERED
274,2156,REGISTERED
128,2157,REGISTERED
134,2158,REGISTERED
134,2159,REGISTERED
130,2160,REGISTERED
130,2161,REGISTERED
1478,2162,REGISTERED
131,2163,REGISTERED
274,2164,REGISTERED
134,2165,REGISTERED
2272,2166,REGISTERED
2273,2167,REGISTERED
274,2168,REGISTERED
678,2169,REGISTERED
2274,2170,REGISTERED
130,2171,REGISTERED
1214,2172,REGISTERED
128,2173,REGISTERED
813,2174,REGISTERED
813,2175,REGISTERED
131,2176,REGISTERED
134,2177,REGISTERED
129,2178,REGISTERED
129,2179,REGISTERED
2275,2180,REGISTERED
2276,2181,REGISTERED
546,2182,REGISTERED
131,2183,REGISTERED
130,2184,REGISTERED
130,2185,REGISTERED
133,2186,REGISTERED
131,2187,REGISTERED
1347,2188,REGISTERED
136,2189,REGISTERED
276,2190,REGISTERED
1742,2191,REGISTERED
129,2192,REGISTERED
128,2193,REGISTERED
276,2194,REGISTERED
128,2195,REGISTERED
128,2196,REGISTERED
274,2197,REGISTERED
130,2198,REGISTERED
1610,2199,REGISTERED
133,2200,REGISTERED
1345,2201,REGISTERED
136,2202,REGISTERED
140,2203,REGISTERED
134,2204,REGISTERED
2277,2205,REGISTERED
678,2206,REGISTERED
131,2207,REGISTERED
134,2208,REGISTERED
2275,2209,REGISTERED
133,2210,REGISTERED
133,2211,REGISTERED
274,2212,REGISTERED
1876,2213,REGISTERED
280,2214,REGISTERED
140,2215,REGISTERED
546,2216,REGISTERED
130,2217,REGISTERED
274,2218,REGISTERED
679,2219,REGISTERED
128,2220,REGISTERED
140,2221,REGISTERED
130,2222,REGISTERED
140,2223,REGISTERED
677,2224,REGISTERED
136,2225,REGISTERED
131,2226,REGISTERED
273,2227,REGISTERED
813,2228,REGISTERED
278,2229,REGISTERED
129,2230,REGISTERED
128,2231,REGISTERED
128,2232,REGISTERED
128,2233,REGISTERED
134,2234,REGISTERED
274,2235,REGISTERED
1343,2236,REGISTERED
274,2237,REGISTERED
274,2238,REGISTERED
131,2239,REGISTERED
134,2240,REGISTERED
140,2241,REGISTERED
679,2242,REGISTERED
413,2243,REGISTERED
133,2244,REGISTERED
136,2245,REGISTERED
679,2246,REGISTERED
1876,2247,REGISTERED
274,2248,REGISTERED
278,2249,REGISTERED
1214,2250,REGISTERED
130,2251,REGISTERED
129,2252,REGISTERED
1347,2253,REGISTERED
131,2254,REGISTERED
134,2255,REGISTERED
129,2256,REGISTERED
133,2257,REGISTERED
1876,2258,REGISTERED
140,2259,REGISTERED
139,2260,REGISTERED
139,2261,REGISTERED
134,2262,REGISTERED
130,2263,REGISTERED
130,2264,REGISTERED
679,2265,REGISTERED
274,2266,REGISTERED
134,2267,REGISTERED
134,2268,REGISTERED
276,2269,REGISTERED
134,2270,REGISTERED
140,2271,REGISTERED
2406,2278,REGISTERED
130,2279,REGISTERED
134,2280,REGISTERED
544,2281,REGISTERED
133,2282,REGISTERED
140,2283,REGISTERED
130,2284,REGISTERED
130,2285,REGISTERED
130,2286,REGISTERED
133,2287,REGISTERED
131,2288,REGISTERED
128,2289,REGISTERED
813,2290,REGISTERED
134,2291,REGISTERED
276,2292,REGISTERED
1742,2293,REGISTERED
276,2294,REGISTERED
949,2295,REGISTERED
133,2296,REGISTERED
133,2297,REGISTERED
130,2298,REGISTERED
136,2299,REGISTERED
132,2300,REGISTERED
140,2301,REGISTERED
131,2302,REGISTERED
131,2303,REGISTERED
130,2304,REGISTERED
132,2305,REGISTERED
412,2306,REGISTERED
279,2307,REGISTERED
545,2308,REGISTERED
131,2309,REGISTERED
131,2310,REGISTERED
128,2311,REGISTERED
2272,2312,REGISTERED
411,2313,REGISTERED
134,2314,REGISTERED
133,2315,REGISTERED
131,2316,REGISTERED
133,2317,REGISTERED
131,2318,REGISTERED
130,2319,REGISTERED
140,2320,REGISTERED
140,2321,REGISTERED
136,2322,REGISTERED
128,2323,REGISTERED
1876,2324,REGISTERED
140,2325,REGISTERED
1211,2326,REGISTERED
679,2327,REGISTERED
274,2328,REGISTERED
1610,2329,REGISTERED
134,2330,REGISTERED
276,2331,REGISTERED
133,2332,REGISTERED
136,2333,REGISTERED
130,2334,REGISTERED
544,2335,REGISTERED
1875,2336,REGISTERED
136,2337,REGISTERED
278,2338,REGISTERED
2407,2339,REGISTERED
128,2340,REGISTERED
1876,2341,REGISTERED
140,2342,REGISTERED
130,2343,REGISTERED
2408,2344,REGISTERED
678,2345,REGISTERED
274,2346,REGISTERED
136,2347,REGISTERED
134,2348,REGISTERED
140,2349,REGISTERED
274,2350,REGISTERED
134,2351,REGISTERED
134,2352,REGISTERED
813,2353,REGISTERED
140,2354,REGISTERED
274,2355,REGISTERED
134,2356,REGISTERED
679,2357,REGISTERED
130,2358,REGISTERED
133,2359,REGISTERED
133,2360,REGISTERED
140,2361,REGISTERED
136,2362,REGISTERED
140,2363,REGISTERED
134,2364,REGISTERED
2409,2365,REGISTERED
813,2366,REGISTERED
136,2367,REGISTERED
134,2368,REGISTERED
130,2369,REGISTERED
274,2370,REGISTERED
274,2371,REGISTERED
134,2372,REGISTERED
140,2373,REGISTERED
130,2374,REGISTERED
134,2375,REGISTERED
274,2376,REGISTERED
131,2377,REGISTERED
274,2378,REGISTERED
276,2379,REGISTERED
140,2380,REGISTERED
131,2381,REGISTERED
1875,2382,REGISTERED
129,2383,REGISTERED
128,2384,REGISTERED
1876,2385,REGISTERED
129,2386,REGISTERED
678,2387,REGISTERED
130,2388,REGISTERED
136,2389,REGISTERED
274,2390,REGISTERED
130,2391,REGISTERED
274,2392,REGISTERED
134,2393,REGISTERED
1347,2394,REGISTERED
133,2395,REGISTERED
2410,2396,REGISTERED
128,2397,REGISTERED
133,2398,REGISTERED
129,2399,REGISTERED
130,2400,REGISTERED
1876,2401,REGISTERED
136,2402,REGISTERED
679,2403,REGISTERED
136,2404,REGISTERED
134,2405,REGISTERED
274,2411,REGISTERED
546,2412,REGISTERED
1347,2413,REGISTERED
2139,2414,REGISTERED
410,2415,REGISTERED
130,2416,REGISTERED
136,2417,REGISTERED
128,2418,REGISTERED
134,2419,REGISTERED
278,2420,REGISTERED
134,2421,REGISTERED
130,2422,REGISTERED
131,2423,REGISTERED
133,2424,REGISTERED
1478,2425,REGISTERED
130,2426,REGISTERED
128,2427,REGISTERED
133,2428,REGISTERED
131,2429,REGISTERED
140,2430,REGISTERED
1876,2431,REGISTERED
136,2432,REGISTERED
679,2433,REGISTERED
139,2434,REGISTERED
813,2435,REGISTERED
130,2436,REGISTERED
133,2437,REGISTERED
136,2438,REGISTERED
136,2439,REGISTERED
128,2440,REGISTERED
412,2441,REGISTERED
128,2442,REGISTERED
133,2443,REGISTERED
136,2444,REGISTERED
137,2445,REGISTERED
134,2446,REGISTERED
130,2447,REGISTERED
140,2448,REGISTERED
129,2449,REGISTERED
136,2450,REGISTERED
276,2451,REGISTERED
132,2452,REGISTERED
128,2453,REGISTERED
679,2454,REGISTERED
128,2455,REGISTERED
136,2456,REGISTERED
133,2457,REGISTERED
278,2458,REGISTERED
813,2459,REGISTERED
130,2460,REGISTERED
140,2461,REGISTERED
131,2462,REGISTERED
273,2463,REGISTERED
130,2464,REGISTERED
136,2465,REGISTERED
278,2466,REGISTERED
130,2467,REGISTERED
134,2468,REGISTERED
132,2469,REGISTERED
128,2470,REGISTERED
813,2471,REGISTERED
131,2472,REGISTERED
276,2473,REGISTERED
812,2474,REGISTERED
1876,2475,REGISTERED
1873,2476,REGISTERED
134,2477,REGISTERED
130,2478,REGISTERED
133,2479,REGISTERED
128,2480,REGISTERED
2539,2481,REGISTERED
136,2482,REGISTERED
130,2483,REGISTERED
136,2484,REGISTERED
274,2485,REGISTERED
2540,2486,REGISTERED
130,2487,REGISTERED
134,2488,REGISTERED
129,2489,REGISTERED
129,2490,REGISTERED
134,2491,REGISTERED
131,2492,REGISTERED
1347,2493,REGISTERED
130,2494,REGISTERED
130,2495,REGISTERED
128,2496,REGISTERED
274,2497,REGISTERED
274,2498,REGISTERED
2541,2499,REGISTERED
129,2500,REGISTERED
813,2501,REGISTERED
136,2502,REGISTERED
136,2503,REGISTERED
128,2504,REGISTERED
274,2505,REGISTERED
129,2506,REGISTERED
274,2507,REGISTERED
128,2508,REGISTERED
274,2509,REGISTERED
136,2510,REGISTERED
274,2511,REGISTERED
131,2512,REGISTERED
276,2513,REGISTERED
274,2514,REGISTERED
276,2515,REGISTERED
128,2516,REGISTERED
130,2517,REGISTERED
136,2518,REGISTERED
274,2519,REGISTERED
274,2520,REGISTERED
134,2521,REGISTERED
136,2522,REGISTERED
813,2523,REGISTERED
813,2524,REGISTERED
131,2525,REGISTERED
274,2526,REGISTERED
134,2527,REGISTERED
136,2528,REGISTERED
132,2529,REGISTERED
949,2530,REGISTERED
136,2531,REGISTERED
1347,2532,REGISTERED
134,2533,REGISTERED
276,2534,REGISTERED
136,2535,REGISTERED
276,2536,REGISTERED
278,2537,REGISTERED
2542,2538,REGISTERED
678,2543,REGISTERED
276,2544,REGISTERED
274,2545,REGISTERED
134,2546,REGISTERED
276,2547,REGISTERED
130,2548,REGISTERED
130,2549,REGISTERED
274,2550,REGISTERED
140,2551,REGISTERED
140,2552,REGISTERED
140,2553,REGISTERED
134,2554,REGISTERED
278,2555,REGISTERED
278,2556,REGISTERED
136,2557,REGISTERED
129,2558,REGISTERED
129,2559,REGISTERED
131,2560,REGISTERED
2671,2561,REGISTERED
1213,2562,REGISTERED
130,2563,REGISTERED
136,2564,REGISTERED
276,2565,REGISTERED
136,2566,REGISTERED
130,2567,REGISTERED
130,2568,REGISTERED
140,2569,REGISTERED
132,2570,REGISTERED
811,2571,REGISTERED
279,2572,REGISTERED
276,2573,REGISTERED
130,2574,REGISTERED
1876,2575,REGISTERED
131,2576,REGISTERED
131,2577,REGISTERED
131,2578,REGISTERED
678,2579,REGISTERED
410,2580,REGISTERED
2672,2581,REGISTERED
411,2582,REGISTERED
678,2583,REGISTERED
274,2584,REGISTERED
133,2585,REGISTERED
133,2586,REGISTERED
130,2587,REGISTERED
1211,2588,REGISTERED
813,2589,REGISTERED
140,2590,REGISTERED
544,2591,REGISTERED
544,2592,REGISTERED
276,2593,REGISTERED
1876,2594,REGISTERED
136,2595,REGISTERED
679,2596,REGISTERED
132,2597,REGISTERED
274,2598,REGISTERED
128,2599,REGISTERED
140,2600,REGISTERED
813,2601,REGISTERED
1876,2602,REGISTERED
130,2603,REGISTERED
1876,2604,REGISTERED
140,2605,REGISTERED
133,2606,REGISTERED
130,2607,REGISTERED
278,2608,REGISTERED
274,2609,REGISTERED
131,2610,REGISTERED
130,2611,REGISTERED
276,2612,REGISTERED
134,2613,REGISTERED
131,2614,REGISTERED
128,2615,REGISTERED
131,2616,REGISTERED
276,2617,REGISTERED
2276,2618,REGISTERED
2276,2619,REGISTERED
813,2620,REGISTERED
134,2621,REGISTERED
274,2622,REGISTERED
2138,2623,REGISTERED
276,2624,REGISTERED
544,2625,REGISTERED
1347,2626,REGISTERED
133,2627,REGISTERED
1876,2628,REGISTERED
133,2629,REGISTERED
274,2630,REGISTERED
140,2631,REGISTERED
278,2632,REGISTERED
128,2633,REGISTERED
136,2634,REGISTERED
139,2635,REGISTERED
134,2636,REGISTERED
140,2637,REGISTERED
134,2638,REGISTERED
276,2639,REGISTERED
274,2640,REGISTERED
140,2641,REGISTERED
813,2642,REGISTERED
274,2643,REGISTERED
136,2644,REGISTERED
678,2645,REGISTERED
548,2646,REGISTERED
128,2647,REGISTERED
128,2648,REGISTERED
1347,2649,REGISTERED
1876,2650,REGISTERED
130,2651,REGISTERED
133,2652,REGISTERED
276,2653,REGISTERED
134,2654,REGISTERED
949,2655,REGISTERED
1876,2656,REGISTERED
134,2657,REGISTERED
1873,2658,REGISTERED
131,2659,REGISTERED
130,2660,REGISTERED
2275,2661,REGISTERED
276,2662,REGISTERED
2673,2663,REGISTERED
274,2664,REGISTERED
131,2665,REGISTERED
136,2666,REGISTERED
134,2667,REGISTERED
130,2668,REGISTERED
134,2669,REGISTERED
278,2670,REGISTERED
131,2674,REGISTERED
545,2675,REGISTERED
136,2676,REGISTERED
133,2677,REGISTERED
1876,2678,REGISTERED
276,2679,REGISTERED
132,2680,REGISTERED
136,2681,REGISTERED
276,2682,REGISTERED
141,2683,REGISTERED
276,2684,REGISTERED
949,2685,REGISTERED
134,2686,REGISTERED
134,2687,REGISTERED
136,2688,REGISTERED
279,2689,REGISTERED
128,2690,REGISTERED
276,2691,REGISTERED
131,2692,REGISTERED
274,2693,REGISTERED
131,2694,REGISTERED
274,2695,REGISTERED
412,2696,REGISTERED
1876,2697,REGISTERED
276,2698,REGISTERED
136,2699,REGISTERED
276,2700,REGISTERED
274,2701,REGISTERED
274,2702,REGISTERED
134,2703,REGISTERED
128,2704,REGISTERED
133,2705,REGISTERED
276,2706,REGISTERED
412,2707,REGISTERED
136,2708,REGISTERED
279,2709,REGISTERED
279,2710,REGISTERED
136,2711,REGISTERED
128,2712,REGISTERED
943,2713,REGISTERED
2139,2714,REGISTERED
276,2715,REGISTERED
2272,2716,REGISTERED
130,2717,REGISTERED
136,2718,REGISTERED
128,2719,REGISTERED
128,2720,REGISTERED
131,2721,REGISTERED
130,2722,REGISTERED
136,2723,REGISTERED
130,2724,REGISTERED
130,2725,REGISTERED
274,2726,REGISTERED
136,2727,REGISTERED
2802,2728,REGISTERED
276,2729,REGISTERED
1610,2730,REGISTERED
134,2731,REGISTERED
131,2732,REGISTERED
128,2733,REGISTERED
280,2734,REGISTERED
2803,2735,REGISTERED
140,2736,REGISTERED
274,2737,REGISTERED
413,2738,REGISTERED
276,2739,REGISTERED
140,2740,REGISTERED
276,2741,REGISTERED
136,2742,REGISTERED
131,2743,REGISTERED
131,2744,REGISTERED
131,2745,REGISTERED
131,2746,REGISTERED
130,2747,REGISTERED
273,2748,REGISTERED
136,2749,REGISTERED
130,2750,REGISTERED
679,2751,REGISTERED
140,2752,REGISTERED
1876,2753,REGISTERED
140,2754,REGISTERED
1876,2755,REGISTERED
133,2756,REGISTERED
130,2757,REGISTERED
131,2758,REGISTERED
813,2759,REGISTERED
140,2760,REGISTERED
140,2761,REGISTERED
679,2762,REGISTERED
813,2763,REGISTERED
131,2764,REGISTERED
134,2765,REGISTERED
136,2766,REGISTERED
130,2767,REGISTERED
140,2768,REGISTERED
1214,2769,REGISTERED
129,2770,REGISTERED
813,2771,REGISTERED
274,2772,REGISTERED
140,2773,REGISTERED
278,2774,REGISTERED
128,2775,REGISTERED
134,2776,REGISTERED
130,2777,REGISTERED
136,2778,REGISTERED
136,2779,REGISTERED
1214,2780,REGISTERED
1876,2781,REGISTERED
1876,2782,REGISTERED
276,2783,REGISTERED
140,2784,REGISTERED
134,2785,REGISTERED
276,2786,REGISTERED
1742,2787,REGISTERED
130,2788,REGISTERED
140,2789,REGISTERED
2804,2790,REGISTERED
2804,2791,REGISTERED
2804,2792,REGISTERED
2804,2793,REGISTERED
2804,2794,REGISTERED
130,2795,REGISTERED
274,2796,REGISTERED
274,2797,REGISTERED
136,2798,REGISTERED
274,2799,REGISTERED
678,2800,REGISTERED
276,2801,REGISTERED
132,2805,REGISTERED
274,2806,REGISTERED
276,2807,REGISTERED
276,2808,REGISTERED
1211,2809,REGISTERED
128,2810,REGISTERED
279,2811,REGISTERED
129,2812,REGISTERED
130,2813,REGISTERED
128,2814,REGISTERED
274,2815,REGISTERED
274,2816,REGISTERED
1876,2817,REGISTERED
1343,2818,REGISTERED
278,2819,REGISTERED
949,2820,REGISTERED
2410,2821,REGISTERED
412,2822,REGISTERED
278,2823,REGISTERED
547,2824,REGISTERED
133,2825,REGISTERED
131,2826,REGISTERED
136,2827,REGISTERED
412,2828,REGISTERED
274,2829,REGISTERED
140,2830,REGISTERED
134,2831,REGISTERED
274,2832,REGISTERED
131,2833,REGISTERED
131,2834,REGISTERED
1876,2835,REGISTERED
1876,2836,REGISTERED
130,2837,REGISTERED
130,2838,REGISTERED
276,2839,REGISTERED
2933,2840,REGISTERED
1610,2841,REGISTERED
140,2842,REGISTERED
1214,2843,REGISTERED
276,2844,REGISTERED
130,2845,REGISTERED
679,2846,REGISTERED
276,2847,REGISTERED
140,2848,REGISTERED
133,2849,REGISTERED
131,2850,REGISTERED
134,2851,REGISTERED
136,2852,REGISTERED
131,2853,REGISTERED
130,2854,REGISTERED
274,2855,REGISTERED
413,2856,REGISTERED
274,2857,REGISTERED
1347,2858,REGISTERED
545,2859,REGISTERED
133,2860,REGISTERED
1210,2861,REGISTERED
140,2862,REGISTERED
545,2863,REGISTERED
140,2864,REGISTERED
128,2865,REGISTERED
280,2866,REGISTERED
140,2867,REGISTERED
140,2868,REGISTERED
276,2869,REGISTERED
276,2870,REGISTERED
813,2871,REGISTERED
813,2872,REGISTERED
140,2873,REGISTERED
545,2874,REGISTERED
278,2875,REGISTERED
1347,2876,REGISTERED
131,2877,REGISTERED
133,2878,REGISTERED
134,2879,REGISTERED
274,2880,REGISTERED
131,2881,REGISTERED
130,2882,REGISTERED
678,2883,REGISTERED
133,2884,REGISTERED
813,2885,REGISTERED
278,2886,REGISTERED
128,2887,REGISTERED
813,2888,REGISTERED
130,2889,REGISTERED
128,2890,REGISTERED
276,2891,REGISTERED
140,2892,REGISTERED
131,2893,REGISTERED
136,2894,REGISTERED
131,2895,REGISTERED
140,2896,REGISTERED
276,2897,REGISTERED
128,2898,REGISTERED
130,2899,REGISTERED
278,2900,REGISTERED
140,2901,REGISTERED
1079,2902,REGISTERED
2141,2903,REGISTERED
136,2904,REGISTERED
133,2905,REGISTERED
136,2906,REGISTERED
679,2907,REGISTERED
813,2908,REGISTERED
128,2909,REGISTERED
544,2910,REGISTERED
131,2911,REGISTERED
131,2912,REGISTERED
128,2913,REGISTERED
131,2914,REGISTERED
548,2915,REGISTERED
128,2916,REGISTERED
130,2917,REGISTERED
139,2918,REGISTERED
949,2919,REGISTERED
274,2920,REGISTERED
133,2921,REGISTERED
133,2922,REGISTERED
128,2923,REGISTERED
134,2924,REGISTERED
280,2925,REGISTERED
2138,2926,REGISTERED
131,2927,REGISTERED
131,2928,REGISTERED
130,2929,REGISTERED
134,2930,REGISTERED
140,2931,REGISTERED
140,2932,REGISTERED
130,2934,REGISTERED
276,2935,REGISTERED
278,2936,REGISTERED
276,2937,REGISTERED
276,2938,REGISTERED
140,2939,REGISTERED
276,2940,REGISTERED
546,2941,REGISTERED
278,2942,REGISTERED
128,2943,REGISTERED
276,2944,REGISTERED
813,2945,REGISTERED
1876,2946,REGISTERED
129,2947,REGISTERED
130,2948,REGISTERED
278,2949,REGISTERED
128,2950,REGISTERED
131,2951,REGISTERED
131,2952,REGISTERED
131,2953,REGISTERED
131,2954,REGISTERED
130,2955,REGISTERED
1876,2956,REGISTERED
944,2957,REGISTERED
133,2958,REGISTERED
130,2959,REGISTERED
1876,2960,REGISTERED
133,2961,REGISTERED
134,2962,REGISTERED
276,2963,REGISTERED
274,2964,REGISTERED
278,2965,REGISTERED
276,2966,REGISTERED
133,2967,REGISTERED
130,2968,REGISTERED
130,2969,REGISTERED
545,2970,REGISTERED
136,2971,REGISTERED
276,2972,REGISTERED
131,2973,REGISTERED
130,2974,REGISTERED
129,2975,REGISTERED
813,2976,REGISTERED
2802,2977,REGISTERED
274,2978,REGISTERED
131,2979,REGISTERED
130,2980,REGISTERED
278,2981,REGISTERED
130,2982,REGISTERED
140,2983,REGISTERED
130,2984,REGISTERED
2273,2985,REGISTERED
679,2986,REGISTERED
128,2987,REGISTERED
131,2988,REGISTERED
140,2989,REGISTERED
1876,2990,REGISTERED
130,2991,REGISTERED
945,2992,REGISTERED
2275,2993,REGISTERED
678,2994,REGISTERED
135,2995,REGISTERED
130,2996,REGISTERED
545,2997,REGISTERED
128,2998,REGISTERED
3062,2999,REGISTERED
136,3000,REGISTERED
276,3001,REGISTERED
1876,3002,REGISTERED
140,3003,REGISTERED
278,3004,REGISTERED
130,3005,REGISTERED
128,3006,REGISTERED
545,3007,REGISTERED
133,3008,REGISTERED
133,3009,REGISTERED
130,3010,REGISTERED
276,3011,REGISTERED
140,3012,REGISTERED
139,3013,REGISTERED
140,3014,REGISTERED
276,3015,REGISTERED
276,3016,REGISTERED
133,3017,REGISTERED
134,3018,REGISTERED
130,3019,REGISTERED
136,3020,REGISTERED
2137,3021,REGISTERED
134,3022,REGISTERED
140,3023,REGISTERED
276,3024,REGISTERED
1214,3025,REGISTERED
136,3026,REGISTERED
130,3027,REGISTERED
547,3028,REGISTERED
133,3029,REGISTERED
136,3030,REGISTERED
679,3031,REGISTERED
128,3032,REGISTERED
1348,3033,REGISTERED
276,3034,REGISTERED
276,3035,REGISTERED
134,3036,REGISTERED
130,3037,REGISTERED
140,3038,REGISTERED
678,3039,REGISTERED
130,3040,REGISTERED
140,3041,REGISTERED
128,3042,REGISTERED
678,3043,REGISTERED
678,3044,REGISTERED
276,3045,REGISTERED
136,3046,REGISTERED
134,3047,REGISTERED
1876,3048,REGISTERED
131,3049,REGISTERED
136,3050,REGISTERED
130,3051,REGISTERED
276,3052,REGISTERED
274,3053,REGISTERED
810,3054,REGISTERED
131,3055,REGISTERED
813,3056,REGISTERED
130,3057,REGISTERED
2142,3058,REGISTERED
1876,3059,REGISTERED
813,3060,REGISTERED
2005,3061,REGISTERED
545,3063,REGISTERED
140,3064,REGISTERED
134,3065,REGISTERED
130,3066,REGISTERED
273,3067,REGISTERED
276,3068,REGISTERED
276,3069,REGISTERED
278,3070,REGISTERED
276,3071,REGISTERED
276,3072,REGISTERED
136,3073,REGISTERED
279,3074,REGISTERED
276,3075,REGISTERED
140,3076,REGISTERED
134,3077,REGISTERED
128,3078,REGISTERED
813,3079,REGISTERED
1876,3080,REGISTERED
3191,3081,REGISTERED
1876,3082,REGISTERED
1876,3083,REGISTERED
130,3084,REGISTERED
1876,3085,REGISTERED
1873,3086,REGISTERED
128,3087,REGISTERED
140,3088,REGISTERED
136,3089,REGISTERED
130,3090,REGISTERED
130,3091,REGISTERED
140,3092,REGISTERED
276,3093,REGISTERED
544,3094,REGISTERED
130,3095,REGISTERED
276,3096,REGISTERED
130,3097,REGISTERED
2275,3098,REGISTERED
132,3099,REGISTERED
133,3100,REGISTERED
130,3101,REGISTERED
274,3102,REGISTERED
276,3103,REGISTERED
131,3104,REGISTERED
280,3105,REGISTERED
136,3106,REGISTERED
1348,3107,REGISTERED
678,3108,REGISTERED
545,3109,REGISTERED
140,3110,REGISTERED
414,3111,REGISTERED
134,3112,REGISTERED
410,3113,REGISTERED
1876,3114,REGISTERED
1211,3115,REGISTERED
140,3116,REGISTERED
276,3117,REGISTERED
140,3118,REGISTERED
130,3119,REGISTERED
136,3120,REGISTERED
134,3121,REGISTERED
130,3122,REGISTERED
129,3123,REGISTERED
134,3124,REGISTERED
3192,3125,REGISTERED
130,3126,REGISTERED
3193,3127,REGISTERED
130,3128,REGISTERED
130,3129,REGISTERED
130,3130,REGISTERED
130,3131,REGISTERED
130,3132,REGISTERED
1741,3133,REGISTERED
134,3134,REGISTERED
130,3135,REGISTERED
130,3136,REGISTERED
2275,3137,REGISTERED
134,3138,REGISTERED
412,3139,REGISTERED
273,3140,REGISTERED
133,3141,REGISTERED
1876,3142,REGISTERED
130,3143,REGISTERED
130,3144,REGISTERED
949,3145,REGISTERED
134,3146,REGISTERED
280,3147,REGISTERED
678,3148,REGISTERED
131,3149,REGISTERED
140,3150,REGISTERED
274,3151,REGISTERED
1876,3152,REGISTERED
134,3153,REGISTERED
1873,3154,REGISTERED
134,3155,REGISTERED
274,3156,REGISTERED
131,3157,REGISTERED
1876,3158,REGISTERED
130,3159,REGISTERED
130,3160,REGISTERED
130,3161,REGISTERED
136,3162,REGISTERED
1078,3163,REGISTERED
274,3164,REGISTERED
1876,3165,REGISTERED
544,3166,REGISTERED
133,3167,REGISTERED
137,3168,REGISTERED
545,3169,REGISTERED
3194,3170,REGISTERED
679,3171,REGISTERED
136,3172,REGISTERED
136,3173,REGISTERED
278,3174,REGISTERED
278,3175,REGISTERED
130,3176,REGISTERED
278,3177,REGISTERED
278,3178,REGISTERED
278,3179,REGISTERED
278,3180,REGISTERED
274,3181,REGISTERED
136,3182,REGISTERED
134,3183,REGISTERED
278,3184,REGISTERED
130,3185,REGISTERED
130,3186,REGISTERED
679,3187,REGISTERED
134,3188,REGISTERED
278,3189,REGISTERED
274,3190,REGISTERED
2138,3195,REGISTERED
275,3196,REGISTERED
275,3197,REGISTERED
140,3198,REGISTERED
2142,3199,REGISTERED
131,3200,REGISTERED
133,3201,REGISTERED
129,3202,REGISTERED
140,3203,REGISTERED
130,3204,REGISTERED
276,3205,REGISTERED
131,3206,REGISTERED
813,3207,REGISTERED
130,3208,REGISTERED
813,3209,REGISTERED
274,3210,REGISTERED
134,3211,REGISTERED
1347,3212,REGISTERED
273,3213,REGISTERED
273,3214,REGISTERED
130,3215,REGISTERED
1078,3216,REGISTERED
3323,3217,REGISTERED
3323,3218,REGISTERED
1873,3219,REGISTERED
136,3220,REGISTERED
2275,3221,REGISTERED
1078,3222,REGISTERED
131,3223,REGISTERED
412,3224,REGISTERED
3324,3225,REGISTERED
136,3226,REGISTERED
131,3227,REGISTERED
131,3228,REGISTERED
131,3229,REGISTERED
274,3230,REGISTERED
278,3231,REGISTERED
1078,3232,REGISTERED
1078,3233,REGISTERED
1347,3234,REGISTERED
1078,3235,REGISTERED
130,3236,REGISTERED
136,3237,REGISTERED
678,3238,REGISTERED
813,3239,REGISTERED
2142,3240,REGISTERED
1078,3241,REGISTERED
133,3242,REGISTERED
2007,3243,REGISTERED
1078,3244,REGISTERED
274,3245,REGISTERED
1078,3246,REGISTERED
412,3247,REGISTERED
1742,3248,REGISTERED
273,3249,REGISTERED
131,3250,REGISTERED
139,3251,REGISTERED
134,3252,REGISTERED
679,3253,REGISTERED
130,3254,REGISTERED
140,3255,REGISTERED
131,3256,REGISTERED
130,3257,REGISTERED
131,3258,REGISTERED
130,3259,REGISTERED
134,3260,REGISTERED
134,3261,REGISTERED
679,3262,REGISTERED
680,3263,REGISTERED
140,3264,REGISTERED
136,3265,REGISTERED
274,3266,REGISTERED
274,3267,REGISTERED
278,3268,REGISTERED
133,3269,REGISTERED
278,3270,REGISTERED
136,3271,REGISTERED
278,3272,REGISTERED
410,3273,REGISTERED
276,3274,REGISTERED
278,3275,REGISTERED
128,3276,REGISTERED
140,3277,REGISTERED
1876,3278,REGISTERED
136,3279,REGISTERED
136,3280,REGISTERED
275,3281,REGISTERED
130,3282,REGISTERED
134,3283,REGISTERED
276,3284,REGISTERED
274,3285,REGISTERED
130,3286,REGISTERED
677,3287,REGISTERED
546,3288,REGISTERED
130,3289,REGISTERED
136,3290,REGISTERED
130,3291,REGISTERED
130,3292,REGISTERED
134,3293,REGISTERED
3325,3294,REGISTERED
134,3295,REGISTERED
136,3296,REGISTERED
130,3297,REGISTERED
130,3298,REGISTERED
130,3299,REGISTERED
130,3300,REGISTERED
134,3301,REGISTERED
274,3302,REGISTERED
1876,3303,REGISTERED
276,3304,REGISTERED
131,3305,REGISTERED
276,3306,REGISTERED
130,3307,REGISTERED
133,3308,REGISTERED
132,3309,REGISTERED
134,3310,REGISTERED
276,3311,REGISTERED
140,3312,REGISTERED
130,3313,REGISTERED
130,3314,REGISTERED
133,3315,REGISTERED
130,3316,REGISTERED
134,3317,REGISTERED
130,3318,REGISTERED
130,3319,REGISTERED
130,3320,REGISTERED
131,3321,REGISTERED
276,3322,REGISTERED
133,3326,REGISTERED
274,3327,REGISTERED
274,3328,REGISTERED
140,3329,REGISTERED
140,3330,REGISTERED
131,3331,REGISTERED
131,3332,REGISTERED
131,3333,REGISTERED
130,3334,REGISTERED
133,3335,REGISTERED
130,3336,REGISTERED
410,3337,REGISTERED
133,3338,REGISTERED
132,3339,REGISTERED
133,3340,REGISTERED
278,3341,REGISTERED
274,3342,REGISTERED
140,3343,REGISTERED
136,3344,REGISTERED
278,3345,REGISTERED
278,3346,REGISTERED
133,3347,REGISTERED
130,3348,REGISTERED
276,3349,REGISTERED
140,3350,REGISTERED
130,3351,REGISTERED
140,3352,REGISTERED
276,3353,REGISTERED
276,3354,REGISTERED
274,3355,REGISTERED
2142,3356,REGISTERED
3454,3357,REGISTERED
130,3358,REGISTERED
130,3359,REGISTERED
276,3360,REGISTERED
140,3361,REGISTERED
276,3362,REGISTERED
130,3363,REGISTERED
134,3364,REGISTERED
136,3365,REGISTERED
140,3366,REGISTERED
128,3367,REGISTERED
133,3368,REGISTERED
130,3369,REGISTERED
128,3370,REGISTERED
130,3371,REGISTERED
276,3372,REGISTERED
679,3373,REGISTERED
140,3374,REGISTERED
276,3375,REGISTERED
1876,3376,REGISTERED
274,3377,REGISTERED
130,3378,REGISTERED
132,3379,REGISTERED
944,3380,REGISTERED
129,3381,REGISTERED
813,3382,REGISTERED
128,3383,REGISTERED
274,3384,REGISTERED
678,3385,REGISTERED
130,3386,REGISTERED
131,3387,REGISTERED
131,3388,REGISTERED
274,3389,REGISTERED
130,3390,REGISTERED
130,3391,REGISTERED
274,3392,REGISTERED
1078,3393,REGISTERED
136,3394,REGISTERED
136,3395,REGISTERED
136,3396,REGISTERED
1078,3397,REGISTERED
130,3398,REGISTERED
1876,3399,REGISTERED
1347,3400,REGISTERED
1347,3401,REGISTERED
133,3402,REGISTERED
134,3403,REGISTERED
130,3404,REGISTERED
1876,3405,REGISTERED
132,3406,REGISTERED
1078,3407,REGISTERED
1078,3408,REGISTERED
1876,3409,REGISTERED
411,3410,REGISTERED
136,3411,REGISTERED
2276,3412,REGISTERED
2276,3413,REGISTERED
813,3414,REGISTERED
130,3415,REGISTERED
130,3416,REGISTERED
1876,3417,REGISTERED
130,3418,REGISTERED
130,3419,REGISTERED
2276,3420,REGISTERED
274,3421,REGISTERED
130,3422,REGISTERED
130,3423,REGISTERED
130,3424,REGISTERED
130,3425,REGISTERED
130,3426,REGISTERED
128,3427,REGISTERED
276,3428,REGISTERED
130,3429,REGISTERED
128,3430,REGISTERED
677,3431,REGISTERED
2276,3432,REGISTERED
678,3433,REGISTERED
278,3434,REGISTERED
2671,3435,REGISTERED
130,3436,REGISTERED
140,3437,REGISTERED
130,3438,REGISTERED
130,3439,REGISTERED
139,3440,REGISTERED
2138,3441,REGISTERED
130,3442,REGISTERED
274,3443,REGISTERED
3455,3444,REGISTERED
276,3445,REGISTERED
679,3446,REGISTERED
2802,3447,REGISTERED
274,3448,REGISTERED
274,3449,REGISTERED
274,3450,REGISTERED
276,3451,REGISTERED
1214,3452,REGISTERED
3456,3453,REGISTERED
136,3457,REGISTERED
278,3458,REGISTERED
130,3459,REGISTERED
278,3460,REGISTERED
133,3461,REGISTERED
130,3462,REGISTERED
131,3463,REGISTERED
131,3464,REGISTERED
130,3465,REGISTERED
130,3466,REGISTERED
131,3467,REGISTERED
813,3468,REGISTERED
134,3469,REGISTERED
131,3470,REGISTERED
134,3471,REGISTERED
274,3472,REGISTERED
134,3473,REGISTERED
813,3474,REGISTERED
278,3475,REGISTERED
813,3476,REGISTERED
129,3477,REGISTERED
280,3478,REGISTERED
274,3479,REGISTERED
810,3480,REGISTERED
136,3481,REGISTERED
3585,3482,REGISTERED
134,3483,REGISTERED
134,3484,REGISTERED
134,3485,REGISTERED
1211,3486,REGISTERED
133,3487,REGISTERED
544,3488,REGISTERED
1078,3489,REGISTERED
1876,3490,REGISTERED
278,3491,REGISTERED
140,3492,REGISTERED
130,3493,REGISTERED
131,3494,REGISTERED
548,3495,REGISTERED
1876,3496,REGISTERED
133,3497,REGISTERED
813,3498,REGISTERED
679,3499,REGISTERED
3191,3500,REGISTERED
679,3501,REGISTERED
2138,3502,REGISTERED
278,3503,REGISTERED
130,3504,REGISTERED
130,3505,REGISTERED
276,3506,REGISTERED
130,3507,REGISTERED
276,3508,REGISTERED
130,3509,REGISTERED
130,3510,REGISTERED
276,3511,REGISTERED
276,3512,REGISTERED
276,3513,REGISTERED
276,3514,REGISTERED
136,3515,REGISTERED
130,3516,REGISTERED
132,3517,REGISTERED
278,3518,REGISTERED
278,3519,REGISTERED
678,3520,REGISTERED
128,3521,REGISTERED
130,3522,REGISTERED
136,3523,REGISTERED
140,3524,REGISTERED
137,3525,REGISTERED
2277,3526,REGISTERED
130,3527,REGISTERED
134,3528,REGISTERED
130,3529,REGISTERED
1876,3530,REGISTERED
128,3531,REGISTERED
278,3532,REGISTERED
130,3533,REGISTERED
132,3534,REGISTERED
132,3535,REGISTERED
132,3536,REGISTERED
132,3537,REGISTERED
130,3538,REGISTERED
132,3539,REGISTERED
2138,3540,REGISTERED
132,3541,REGISTERED
1876,3542,REGISTERED
132,3543,REGISTERED
132,3544,REGISTERED
132,3545,REGISTERED
130,3546,REGISTERED
130,3547,REGISTERED
132,3548,REGISTERED
132,3549,REGISTERED
132,3550,REGISTERED
132,3551,REGISTERED
132,3552,REGISTERED
131,3553,REGISTERED
132,3554,REGISTERED
132,3555,REGISTERED
132,3556,REGISTERED
132,3557,REGISTERED
1876,3558,REGISTERED
276,3559,REGISTERED
136,3560,REGISTERED
1876,3561,REGISTERED
136,3562,REGISTERED
136,3563,REGISTERED
136,3564,REGISTERED
131,3565,REGISTERED
136,3566,REGISTERED
274,3567,REGISTERED
544,3568,REGISTERED
132,3569,REGISTERED
132,3570,REGISTERED
136,3571,REGISTERED
813,3572,REGISTERED
132,3573,REGISTERED
136,3574,REGISTERED
130,3575,REGISTERED
131,3576,REGISTERED
3586,3577,REGISTERED
813,3578,REGISTERED
132,3579,REGISTERED
130,3580,REGISTERED
130,3581,REGISTERED
132,3582,REGISTERED
132,3583,REGISTERED
130,3584,REGISTERED
130,3587,REGISTERED
128,3588,REGISTERED
130,3589,REGISTERED
128,3590,REGISTERED
130,3591,REGISTERED
140,3592,REGISTERED
131,3593,REGISTERED
276,3594,REGISTERED
132,3595,REGISTERED
274,3596,REGISTERED
276,3597,REGISTERED
133,3598,REGISTERED
139,3599,REGISTERED
132,3600,REGISTERED
132,3601,REGISTERED
132,3602,REGISTERED
132,3603,REGISTERED
132,3604,REGISTERED
132,3605,REGISTERED
1211,3606,REGISTERED
276,3607,REGISTERED
132,3608,REGISTERED
3715,3609,REGISTERED
3715,3610,REGISTERED
3715,3611,REGISTERED
3715,3612,REGISTERED
278,3613,REGISTERED
132,3614,REGISTERED
132,3615,REGISTERED
679,3616,REGISTERED
128,3617,REGISTERED
1876,3618,REGISTERED
2137,3619,REGISTERED
2137,3620,REGISTERED
946,3621,REGISTERED
280,3622,REGISTERED
280,3623,REGISTERED
545,3624,REGISTERED
280,3625,REGISTERED
132,3626,REGISTERED
132,3627,REGISTERED
132,3628,REGISTERED
131,3629,REGISTERED
130,3630,REGISTERED
280,3631,REGISTERED
130,3632,REGISTERED
132,3633,REGISTERED
276,3634,REGISTERED
2136,3635,REGISTERED
2141,3636,REGISTERED
276,3637,REGISTERED
136,3638,REGISTERED
134,3639,REGISTERED
136,3640,REGISTERED
130,3641,REGISTERED
547,3642,REGISTERED
278,3643,REGISTERED
132,3644,REGISTERED
132,3645,REGISTERED
132,3646,REGISTERED
132,3647,REGISTERED
132,3648,REGISTERED
132,3649,REGISTERED
276,3650,REGISTERED
3716,3651,REGISTERED
131,3652,REGISTERED
277,3653,REGISTERED
276,3654,REGISTERED
943,3655,REGISTERED
130,3656,REGISTERED
132,3657,REGISTERED
132,3658,REGISTERED
132,3659,REGISTERED
132,3660,REGISTERED
132,3661,REGISTERED
132,3662,REGISTERED
132,3663,REGISTERED
132,3664,REGISTERED
132,3665,REGISTERED
132,3666,REGISTERED
132,3667,REGISTERED
132,3668,REGISTERED
132,3669,REGISTERED
132,3670,REGISTERED
132,3671,REGISTERED
132,3672,REGISTERED
132,3673,REGISTERED
132,3674,REGISTERED
132,3675,REGISTERED
276,3676,REGISTERED
678,3677,REGISTERED
1876,3678,REGISTERED
130,3679,REGISTERED
276,3680,REGISTERED
130,3681,REGISTERED
412,3682,REGISTERED
131,3683,REGISTERED
813,3684,REGISTERED
544,3685,REGISTERED
548,3686,REGISTERED
2136,3687,REGISTERED
128,3688,REGISTERED
1873,3689,REGISTERED
2409,3690,REGISTERED
2671,3691,REGISTERED
813,3692,REGISTERED
278,3693,REGISTERED
1873,3694,REGISTERED
1873,3695,REGISTERED
130,3696,REGISTERED
140,3697,REGISTERED
1876,3698,REGISTERED
2802,3699,REGISTERED
130,3700,REGISTERED
278,3701,REGISTERED
280,3702,REGISTERED
280,3703,REGISTERED
280,3704,REGISTERED
3717,3705,REGISTERED
410,3706,REGISTERED
3717,3707,REGISTERED
140,3708,REGISTERED
3717,3709,REGISTERED
278,3710,REGISTERED
132,3711,REGISTERED
274,3712,REGISTERED
132,3713,REGISTERED
132,3714,REGISTERED
278,3718,REGISTERED
132,3719,REGISTERED
132,3720,REGISTERED
132,3721,REGISTERED
132,3722,REGISTERED
132,3723,REGISTERED
132,3724,REGISTERED
132,3725,REGISTERED
132,3726,REGISTERED
412,3727,REGISTERED
130,3728,REGISTERED
131,3729,REGISTERED
411,3730,REGISTERED
411,3731,REGISTERED
130,3732,REGISTERED
130,3733,REGISTERED
274,3734,REGISTERED
136,3735,REGISTERED
133,3736,REGISTERED
1213,3737,REGISTERED
131,3738,REGISTERED
274,3739,REGISTERED
2673,3740,REGISTERED
130,3741,REGISTERED
132,3742,REGISTERED
132,3743,REGISTERED
133,3744,REGISTERED
130,3745,REGISTERED
140,3746,REGISTERED
130,3747,REGISTERED
1873,3748,REGISTERED
136,3749,REGISTERED
137,3750,REGISTERED
278,3751,REGISTERED
130,3752,REGISTERED
128,3753,REGISTERED
130,3754,REGISTERED
130,3755,REGISTERED
277,3756,REGISTERED
136,3757,REGISTERED
681,3758,REGISTERED
136,3759,REGISTERED
1876,3760,REGISTERED
136,3761,REGISTERED
136,3762,REGISTERED
136,3763,REGISTERED
276,3764,REGISTERED
276,3765,REGISTERED
412,3766,REGISTERED
276,3767,REGISTERED
140,3768,REGISTERED
274,3769,REGISTERED
276,3770,REGISTERED
546,3771,REGISTERED
132,3772,REGISTERED
132,3773,REGISTERED
132,3774,REGISTERED
132,3775,REGISTERED
132,3776,REGISTERED
132,3777,REGISTERED
276,3778,REGISTERED
132,3779,REGISTERED
130,3780,REGISTERED
130,3781,REGISTERED
130,3782,REGISTERED
130,3783,REGISTERED
130,3784,REGISTERED
130,3785,REGISTERED
140,3786,REGISTERED
132,3787,REGISTERED
132,3788,REGISTERED
134,3789,REGISTERED
275,3790,REGISTERED
546,3791,REGISTERED
130,3792,REGISTERED
128,3793,REGISTERED
130,3794,REGISTERED
276,3795,REGISTERED
1211,3796,REGISTERED
132,3797,REGISTERED
132,3798,REGISTERED
132,3799,REGISTERED
130,3800,REGISTERED
2409,3801,REGISTERED
132,3802,REGISTERED
678,3803,REGISTERED
132,3804,REGISTERED
132,3805,REGISTERED
132,3806,REGISTERED
136,3807,REGISTERED
544,3808,REGISTERED
131,3809,REGISTERED
944,3810,REGISTERED
136,3811,REGISTERED
132,3812,REGISTERED
944,3813,REGISTERED
136,3814,REGISTERED
813,3815,REGISTERED
1873,3816,REGISTERED
1876,3817,REGISTERED
132,3818,REGISTERED
132,3819,REGISTERED
132,3820,REGISTERED
813,3821,REGISTERED
412,3822,REGISTERED
132,3823,REGISTERED
544,3824,REGISTERED
132,3825,REGISTERED
132,3826,REGISTERED
132,3827,REGISTERED
678,3828,REGISTERED
944,3829,REGISTERED
136,3830,REGISTERED
132,3831,REGISTERED
132,3832,REGISTERED
130,3833,REGISTERED
128,3834,REGISTERED
130,3835,REGISTERED
130,3836,REGISTERED
132,3837,REGISTERED
132,3838,REGISTERED
132,3839,REGISTERED
136,3840,REGISTERED
813,3841,REGISTERED
133,3842,REGISTERED
136,3843,REGISTERED
679,3844,REGISTERED
544,3845,REGISTERED
274,3846,REGISTERED
132,3847,REGISTERED
132,3848,REGISTERED
132,3849,REGISTERED
136,3850,REGISTERED
412,3851,REGISTERED
274,3852,REGISTERED
131,3853,REGISTERED
276,3854,REGISTERED
1214,3855,REGISTERED
273,3856,REGISTERED
132,3857,REGISTERED
132,3858,REGISTERED
132,3859,REGISTERED
132,3860,REGISTERED
133,3861,REGISTERED
132,3862,REGISTERED
132,3863,REGISTERED
132,3864,REGISTERED
130,3865,REGISTERED
130,3866,REGISTERED
276,3867,REGISTERED
132,3868,REGISTERED
136,3869,REGISTERED
278,3870,REGISTERED
136,3871,REGISTERED
140,3872,REGISTERED
544,3873,REGISTERED
136,3874,REGISTERED
139,3875,REGISTERED
136,3876,REGISTERED
130,3877,REGISTERED
137,3878,REGISTERED
130,3879,REGISTERED
1211,3880,REGISTERED
546,3881,REGISTERED
132,3882,REGISTERED
3974,3883,REGISTERED
278,3884,REGISTERED
1610,3885,REGISTERED
678,3886,REGISTERED
274,3887,REGISTERED
546,3888,REGISTERED
412,3889,REGISTERED
1876,3890,REGISTERED
130,3891,REGISTERED
136,3892,REGISTERED
130,3893,REGISTERED
132,3894,REGISTERED
136,3895,REGISTERED
132,3896,REGISTERED
136,3897,REGISTERED
132,3898,REGISTERED
132,3899,REGISTERED
132,3900,REGISTERED
280,3901,REGISTERED
140,3902,REGISTERED
278,3903,REGISTERED
544,3904,REGISTERED
130,3905,REGISTERED
3975,3906,REGISTERED
140,3907,REGISTERED
130,3908,REGISTERED
130,3909,REGISTERED
140,3910,REGISTERED
130,3911,REGISTERED
130,3912,REGISTERED
813,3913,REGISTERED
948,3914,REGISTERED
129,3915,REGISTERED
1876,3916,REGISTERED
276,3917,REGISTERED
274,3918,REGISTERED
1876,3919,REGISTERED
134,3920,REGISTERED
132,3921,REGISTERED
132,3922,REGISTERED
679,3923,REGISTERED
278,3924,REGISTERED
274,3925,REGISTERED
278,3926,REGISTERED
2276,3927,REGISTERED
132,3928,REGISTERED
130,3929,REGISTERED
132,3930,REGISTERED
132,3931,REGISTERED
132,3932,REGISTERED
134,3933,REGISTERED
131,3934,REGISTERED
1873,3935,REGISTERED
278,3936,REGISTERED
130,3937,REGISTERED
130,3938,REGISTERED
3976,3939,REGISTERED
1876,3940,REGISTERED
132,3941,REGISTERED
278,3942,REGISTERED
132,3943,REGISTERED
132,3944,REGISTERED
132,3945,REGISTERED
132,3946,REGISTERED
132,3947,REGISTERED
132,3948,REGISTERED
132,3949,REGISTERED
132,3950,REGISTERED
132,3951,REGISTERED
3191,3952,REGISTERED
140,3953,REGISTERED
132,3954,REGISTERED
1214,3955,REGISTERED
274,3956,REGISTERED
136,3957,REGISTERED
130,3958,REGISTERED
130,3959,REGISTERED
274,3960,REGISTERED
136,3961,REGISTERED
1608,3962,REGISTERED
944,3963,REGISTERED
129,3964,REGISTERED
130,3965,REGISTERED
276,3966,REGISTERED
134,3967,REGISTERED
274,3968,REGISTERED
131,3969,REGISTERED
131,3970,REGISTERED
545,3971,REGISTERED
276,3972,REGISTERED
133,3973,REGISTERED
274,3977,REGISTERED
132,3978,REGISTERED
548,3979,REGISTERED
813,3980,REGISTERED
274,3981,REGISTERED
136,3982,REGISTERED
2136,3983,REGISTERED
136,3984,REGISTERED
136,3985,REGISTERED
130,3986,REGISTERED
130,3987,REGISTERED
1214,3988,REGISTERED
130,3989,REGISTERED
130,3990,REGISTERED
413,3991,REGISTERED
136,3992,REGISTERED
278,3993,REGISTERED
278,3994,REGISTERED
136,3995,REGISTERED
278,3996,REGISTERED
276,3997,REGISTERED
278,3998,REGISTERED
813,3999,REGISTERED
130,4000,REGISTERED
130,4001,REGISTERED
136,4002,REGISTERED
136,4003,REGISTERED
130,4004,REGISTERED
813,4005,REGISTERED
274,4006,REGISTERED
134,4007,REGISTERED
134,4008,REGISTERED
274,4009,REGISTERED
136,4010,REGISTERED
132,4011,REGISTERED
136,4012,REGISTERED
136,4013,REGISTERED
274,4014,REGISTERED
1211,4015,REGISTERED
274,4016,REGISTERED
134,4017,REGISTERED
130,4018,REGISTERED
130,4019,REGISTERED
134,4020,REGISTERED
544,4021,REGISTERED
134,4022,REGISTERED
1876,4023,REGISTERED
136,4024,REGISTERED
949,4025,REGISTERED
130,4026,REGISTERED
136,4027,REGISTERED
130,4028,REGISTERED
278,4029,REGISTERED
276,4030,REGISTERED
2138,4031,REGISTERED
140,4032,REGISTERED
128,4033,REGISTERED
548,4034,REGISTERED
132,4035,REGISTERED
130,4036,REGISTERED
136,4037,REGISTERED
128,4038,REGISTERED
130,4039,REGISTERED
128,4040,REGISTERED
130,4041,REGISTERED
1876,4042,REGISTERED
1211,4043,REGISTERED
278,4044,REGISTERED
132,4045,REGISTERED
134,4046,REGISTERED
813,4047,REGISTERED
412,4048,REGISTERED
129,4049,REGISTERED
136,4050,REGISTERED
133,4051,REGISTERED
136,4052,REGISTERED
130,4053,REGISTERED
1347,4054,REGISTERED
130,4055,REGISTERED
1876,4056,REGISTERED
130,4057,REGISTERED
276,4058,REGISTERED
411,4059,REGISTERED
278,4060,REGISTERED
813,4061,REGISTERED
1876,4062,REGISTERED
1876,4063,REGISTERED
132,4064,REGISTERED
278,4065,REGISTERED
128,4066,REGISTERED
139,4067,REGISTERED
130,4068,REGISTERED
813,4069,REGISTERED
813,4070,REGISTERED
274,4071,REGISTERED
274,4072,REGISTERED
274,4073,REGISTERED
274,4074,REGISTERED
130,4075,REGISTERED
140,4076,REGISTERED
140,4077,REGISTERED
1873,4078,REGISTERED
130,4079,REGISTERED
130,4080,REGISTERED
130,4081,REGISTERED
4105,4082,REGISTERED
134,4083,REGISTERED
276,4084,REGISTERED
136,4085,REGISTERED
134,4086,REGISTERED
544,4087,REGISTERED
136,4088,REGISTERED
130,4089,REGISTERED
274,4090,REGISTERED
1876,4091,REGISTERED
130,4092,REGISTERED
130,4093,REGISTERED
4106,4094,REGISTERED
1876,4095,REGISTERED
274,4096,REGISTERED
130,4097,REGISTERED
130,4098,REGISTERED
130,4099,REGISTERED
130,4100,REGISTERED
276,4101,REGISTERED
140,4102,REGISTERED
134,4103,REGISTERED
678,4104,REGISTERED
131,4107,REGISTERED
679,4108,REGISTERED
545,4109,REGISTERED
1873,4110,REGISTERED
128,4111,REGISTERED
273,4112,REGISTERED
130,4113,REGISTERED
130,4114,REGISTERED
128,4115,REGISTERED
134,4116,REGISTERED
130,4117,REGISTERED
4235,4118,REGISTERED
544,4119,REGISTERED
136,4120,REGISTERED
140,4121,REGISTERED
130,4122,REGISTERED
3191,4123,REGISTERED
130,4124,REGISTERED
2138,4125,REGISTERED
140,4126,REGISTERED
133,4127,REGISTERED
276,4128,REGISTERED
131,4129,REGISTERED
131,4130,REGISTERED
131,4131,REGISTERED
278,4132,REGISTERED
1876,4133,REGISTERED
130,4134,REGISTERED
130,4135,REGISTERED
136,4136,REGISTERED
131,4137,REGISTERED
136,4138,REGISTERED
274,4139,REGISTERED
413,4140,REGISTERED
274,4141,REGISTERED
274,4142,REGISTERED
1347,4143,REGISTERED
129,4144,REGISTERED
544,4145,REGISTERED
136,4146,REGISTERED
544,4147,REGISTERED
130,4148,REGISTERED
134,4149,REGISTERED
134,4150,REGISTERED
140,4151,REGISTERED
132,4152,REGISTERED
132,4153,REGISTERED
132,4154,REGISTERED
130,4155,REGISTERED
545,4156,REGISTERED
130,4157,REGISTERED
1876,4158,REGISTERED
412,4159,REGISTERED
130,4160,REGISTERED
2273,4161,REGISTERED
4236,4162,REGISTERED
1610,4163,REGISTERED
1873,4164,REGISTERED
131,4165,REGISTERED
130,4166,REGISTERED
132,4167,REGISTERED
130,4168,REGISTERED
130,4169,REGISTERED
131,4170,REGISTERED
131,4171,REGISTERED
949,4172,REGISTERED
274,4173,REGISTERED
133,4174,REGISTERED
677,4175,REGISTERED
546,4176,REGISTERED
130,4177,REGISTERED
544,4178,REGISTERED
1876,4179,REGISTERED
130,4180,REGISTERED
2540,4181,REGISTERED
136,4182,REGISTERED
949,4183,REGISTERED
548,4184,REGISTERED
679,4185,REGISTERED
130,4186,REGISTERED
130,4187,REGISTERED
140,4188,REGISTERED
130,4189,REGISTERED
128,4190,REGISTERED
136,4191,REGISTERED
131,4192,REGISTERED
131,4193,REGISTERED
131,4194,REGISTERED
131,4195,REGISTERED
131,4196,REGISTERED
131,4197,REGISTERED
133,4198,REGISTERED
131,4199,REGISTERED
131,4200,REGISTERED
131,4201,REGISTERED
131,4202,REGISTERED
131,4203,REGISTERED
135,4204,REGISTERED
131,4205,REGISTERED
131,4206,REGISTERED
131,4207,REGISTERED
131,4208,REGISTERED
129,4209,REGISTERED
131,4210,REGISTERED
131,4211,REGISTERED
131,4212,REGISTERED
131,4213,REGISTERED
131,4214,REGISTERED
131,4215,REGISTERED
131,4216,REGISTERED
131,4217,REGISTERED
131,4218,REGISTERED
131,4219,REGISTERED
128,4220,REGISTERED
134,4221,REGISTERED
131,4222,REGISTERED
130,4223,REGISTERED
131,4224,REGISTERED
544,4225,REGISTERED
131,4226,REGISTERED
131,4227,REGISTERED
131,4228,REGISTERED
131,4229,REGISTERED
131,4230,REGISTERED
131,4231,REGISTERED
131,4232,REGISTERED
132,4233,REGISTERED
279,4234,REGISTERED
129,4237,REGISTERED
131,4238,REGISTERED
131,4239,REGISTERED
134,4240,REGISTERED
131,4241,REGISTERED
131,4242,REGISTERED
139,4243,REGISTERED
131,4244,REGISTERED
131,4245,REGISTERED
131,4246,REGISTERED
132,4247,REGISTERED
131,4248,REGISTERED
131,4249,REGISTERED
131,4250,REGISTERED
135,4251,REGISTERED
131,4252,REGISTERED
131,4253,REGISTERED
131,4254,REGISTERED
131,4255,REGISTERED
131,4256,REGISTERED
131,4257,REGISTERED
131,4258,REGISTERED
131,4259,REGISTERED
131,4260,REGISTERED
133,4261,REGISTERED
128,4262,REGISTERED
134,4263,REGISTERED
134,4264,REGISTERED
131,4265,REGISTERED
131,4266,REGISTERED
131,4267,REGISTERED
139,4268,REGISTERED
131,4269,REGISTERED
131,4270,REGISTERED
134,4271,REGISTERED
131,4272,REGISTERED
279,4273,REGISTERED
131,4274,REGISTERED
128,4275,REGISTERED
131,4276,REGISTERED
131,4277,REGISTERED
131,4278,REGISTERED
131,4279,REGISTERED
134,4280,REGISTERED
134,4281,REGISTERED
132,4282,REGISTERED
131,4283,REGISTERED
131,4284,REGISTERED
134,4285,REGISTERED
131,4286,REGISTERED
131,4287,REGISTERED
131,4288,REGISTERED
134,4289,REGISTERED
131,4290,REGISTERED
548,4291,REGISTERED
128,4292,REGISTERED
131,4293,REGISTERED
131,4294,REGISTERED
131,4295,REGISTERED
131,4296,REGISTERED
131,4297,REGISTERED
129,4298,REGISTERED
131,4299,REGISTERED
131,4300,REGISTERED
131,4301,REGISTERED
131,4302,REGISTERED
131,4303,REGISTERED
134,4304,REGISTERED
276,4305,REGISTERED
131,4306,REGISTERED
129,4307,REGISTERED
133,4308,REGISTERED
133,4309,REGISTERED
133,4310,REGISTERED
128,4311,REGISTERED
128,4312,REGISTERED
947,4313,REGISTERED
133,4314,REGISTERED
128,4315,REGISTERED
133,4316,REGISTERED
133,4317,REGISTERED
128,4318,REGISTERED
133,4319,REGISTERED
140,4320,REGISTERED
131,4321,REGISTERED
140,4322,REGISTERED
133,4323,REGISTERED
133,4324,REGISTERED
133,4325,REGISTERED
131,4326,REGISTERED
133,4327,REGISTERED
128,4328,REGISTERED
133,4329,REGISTERED
133,4330,REGISTERED
131,4331,REGISTERED
133,4332,REGISTERED
133,4333,REGISTERED
133,4334,REGISTERED
133,4335,REGISTERED
133,4336,REGISTERED
129,4337,REGISTERED
128,4338,REGISTERED
131,4339,REGISTERED
133,4340,REGISTERED
949,4341,REGISTERED
131,4342,REGISTERED
131,4343,REGISTERED
133,4344,REGISTERED
133,4345,REGISTERED
133,4346,REGISTERED
133,4347,REGISTERED
133,4348,REGISTERED
131,4349,REGISTERED
133,4350,REGISTERED
128,4351,REGISTERED
133,4352,REGISTERED
133,4353,REGISTERED
133,4354,REGISTERED
131,4355,REGISTERED
133,4356,REGISTERED
133,4357,REGISTERED
133,4358,REGISTERED
133,4359,REGISTERED
131,4360,REGISTERED
133,4361,REGISTERED
128,4362,REGISTERED
141,4363,REGISTERED
133,4364,REGISTERED
133,4365,REGISTERED
133,4366,REGISTERED
130,4367,REGISTERED
413,4368,REGISTERED
2142,4369,REGISTERED
131,4370,REGISTERED
133,4371,REGISTERED
139,4372,REGISTERED
133,4373,REGISTERED
133,4374,REGISTERED
129,4375,REGISTERED
134,4376,REGISTERED
128,4377,REGISTERED
128,4378,REGISTERED
133,4379,REGISTERED
140,4380,REGISTERED
128,4381,REGISTERED
133,4382,REGISTERED
133,4383,REGISTERED
133,4384,REGISTERED
133,4385,REGISTERED
133,4386,REGISTERED
133,4387,REGISTERED
133,4388,REGISTERED
129,4389,REGISTERED
133,4390,REGISTERED
1213,4391,REGISTERED
134,4392,REGISTERED
133,4393,REGISTERED
133,4394,REGISTERED
133,4395,REGISTERED
274,4396,REGISTERED
133,4397,REGISTERED
133,4398,REGISTERED
133,4399,REGISTERED
133,4400,REGISTERED
133,4401,REGISTERED
131,4402,REGISTERED
129,4403,REGISTERED
133,4404,REGISTERED
133,4405,REGISTERED
133,4406,REGISTERED
129,4407,REGISTERED
277,4408,REGISTERED
133,4409,REGISTERED
1348,4410,REGISTERED
548,4411,REGISTERED
133,4412,REGISTERED
133,4413,REGISTERED
131,4414,REGISTERED
129,4415,REGISTERED
128,4416,REGISTERED
133,4417,REGISTERED
1348,4418,REGISTERED
133,4419,REGISTERED
128,4420,REGISTERED
131,4421,REGISTERED
133,4422,REGISTERED
413,4423,REGISTERED
133,4424,REGISTERED
133,4425,REGISTERED
130,4426,REGISTERED
548,4427,REGISTERED
133,4428,REGISTERED
1214,4429,REGISTERED
133,4430,REGISTERED
131,4431,REGISTERED
133,4432,REGISTERED
548,4433,REGISTERED
1211,4434,REGISTERED
128,4435,REGISTERED
128,4436,REGISTERED
134,4437,REGISTERED
133,4438,REGISTERED
128,4439,REGISTERED
129,4440,REGISTERED
129,4441,REGISTERED
128,4442,REGISTERED
130,4443,REGISTERED
1742,4444,REGISTERED
140,4445,REGISTERED
548,4446,REGISTERED
136,4447,REGISTERED
