:START_ID,:END_ID,:TYPE
1,9660,RECEIVED
2,9661,RECEIVED
4,9662,RECEIVED
7,9663,RECEIVED
8,9664,RECEIVED
9,9665,RECEIVED
10,9666,RECEIVED
12,9667,RECEIVED
14,9668,RECEIVED
16,9669,RECEIVED
17,9670,RECEIVED
18,9671,RECEIVED
19,9672,RECEIVED
21,9673,RECEIVED
22,9674,RECEIVED
23,9675,RECEIVED
24,9676,RECEIVED
25,9677,RECEIVED
27,9678,RECEIVED
28,9679,RECEIVED
30,9680,RECEIVED
31,9681,RECEIVED
32,9682,RECEIVED
33,9683,RECEIVED
35,9684,RECEIVED
38,9685,RECEIVED
41,9686,RECEIVED
42,9687,RECEIVED
43,9688,RECEIVED
44,9689,RECEIVED
45,9690,RECEIVED
51,9691,RECEIVED
52,9692,RECEIVED
54,9693,RECEIVED
57,9694,RECEIVED
61,9695,RECEIVED
63,9696,RECEIVED
66,9697,RECEIVED
68,9698,RECEIVED
69,9699,RECEIVED
78,9700,RECEIVED
79,9701,RECEIVED
84,9702,RECEIVED
86,9703,RECEIVED
87,9704,RECEIVED
88,9705,RECEIVED
89,9706,RECEIVED
90,9707,RECEIVED
91,9708,RECEIVED
103,9709,RECEIVED
109,9710,RECEIVED
110,9711,RECEIVED
111,9712,RECEIVED
113,9713,RECEIVED
115,9714,RECEIVED
116,9715,RECEIVED
118,9716,RECEIVED
122,9717,RECEIVED
123,9718,RECEIVED
124,9719,RECEIVED
125,9720,RECEIVED
126,9721,RECEIVED
127,9722,RECEIVED
145,9723,RECEIVED
146,9724,RECEIVED
149,9725,RECEIVED
152,9726,RECEIVED
156,9727,RECEIVED
157,9728,RECEIVED
158,9729,RECEIVED
160,9730,RECEIVED
161,9731,RECEIVED
162,9732,RECEIVED
163,9733,RECEIVED
165,9734,RECEIVED
167,9735,RECEIVED
172,9736,RECEIVED
175,9737,RECEIVED
178,9738,RECEIVED
182,9739,RECEIVED
183,9740,RECEIVED
185,9741,RECEIVED
187,9742,RECEIVED
189,9743,RECEIVED
191,9744,RECEIVED
193,9745,RECEIVED
196,9746,RECEIVED
199,9747,RECEIVED
200,9748,RECEIVED
201,9749,RECEIVED
203,9750,RECEIVED
206,9751,RECEIVED
208,9752,RECEIVED
209,9753,RECEIVED
210,9754,RECEIVED
211,9755,RECEIVED
212,9756,RECEIVED
214,9757,RECEIVED
215,9758,RECEIVED
216,9759,RECEIVED
217,9760,RECEIVED
218,9761,RECEIVED
219,9762,RECEIVED
220,9763,RECEIVED
221,9764,RECEIVED
222,9765,RECEIVED
223,9766,RECEIVED
226,9767,RECEIVED
228,9768,RECEIVED
229,9769,RECEIVED
231,9770,RECEIVED
232,9771,RECEIVED
233,9772,RECEIVED
234,9773,RECEIVED
235,9774,RECEIVED
236,9775,RECEIVED
241,9776,RECEIVED
242,9777,RECEIVED
244,9778,RECEIVED
248,9779,RECEIVED
253,9780,RECEIVED
255,9781,RECEIVED
256,9782,RECEIVED
258,9783,RECEIVED
259,9784,RECEIVED
261,9785,RECEIVED
263,9786,RECEIVED
264,9787,RECEIVED
272,9788,RECEIVED
282,9789,RECEIVED
284,9790,RECEIVED
286,9791,RECEIVED
288,9792,RECEIVED
290,9793,RECEIVED
291,9794,RECEIVED
292,9795,RECEIVED
293,9796,RECEIVED
296,9797,RECEIVED
297,9798,RECEIVED
298,9799,RECEIVED
299,9800,RECEIVED
300,9801,RECEIVED
301,9802,RECEIVED
302,9803,RECEIVED
303,9804,RECEIVED
304,9805,RECEIVED
305,9806,RECEIVED
306,9807,RECEIVED
307,9808,RECEIVED
308,9809,RECEIVED
309,9810,RECEIVED
310,9811,RECEIVED
311,9812,RECEIVED
312,9813,RECEIVED
313,9814,RECEIVED
315,9815,RECEIVED
316,9816,RECEIVED
317,9817,RECEIVED
318,9818,RECEIVED
320,9819,RECEIVED
321,9820,RECEIVED
322,9821,RECEIVED
324,9822,RECEIVED
325,9823,RECEIVED
326,9824,RECEIVED
327,9825,RECEIVED
330,9826,RECEIVED
331,9827,RECEIVED
332,9828,RECEIVED
333,9829,RECEIVED
334,9830,RECEIVED
335,9831,RECEIVED
336,9832,RECEIVED
337,9833,RECEIVED
338,9834,RECEIVED
339,9835,RECEIVED
341,9836,RECEIVED
342,9837,RECEIVED
344,9838,RECEIVED
345,9839,RECEIVED
347,9840,RECEIVED
349,9841,RECEIVED
352,9842,RECEIVED
353,9843,RECEIVED
354,9844,RECEIVED
355,9845,RECEIVED
359,9846,RECEIVED
361,9847,RECEIVED
365,9848,RECEIVED
370,9849,RECEIVED
371,9850,RECEIVED
372,9851,RECEIVED
373,9852,RECEIVED
374,9853,RECEIVED
375,9854,RECEIVED
376,9855,RECEIVED
377,9856,RECEIVED
378,9857,RECEIVED
379,9858,RECEIVED
380,9859,RECEIVED
381,9860,RECEIVED
382,9861,RECEIVED
384,9862,RECEIVED
388,9863,RECEIVED
394,9864,RECEIVED
395,9865,RECEIVED
396,9866,RECEIVED
398,9867,RECEIVED
400,9868,RECEIVED
402,9869,RECEIVED
403,9870,RECEIVED
405,9871,RECEIVED
406,9872,RECEIVED
409,9873,RECEIVED
416,9874,RECEIVED
417,9875,RECEIVED
418,9876,RECEIVED
419,9877,RECEIVED
421,9878,RECEIVED
422,9879,RECEIVED
424,9880,RECEIVED
427,9881,RECEIVED
428,9882,RECEIVED
429,9883,RECEIVED
434,9884,RECEIVED
435,9885,RECEIVED
436,9886,RECEIVED
439,9887,RECEIVED
440,9888,RECEIVED
442,9889,RECEIVED
446,9890,RECEIVED
449,9891,RECEIVED
451,9892,RECEIVED
452,9893,RECEIVED
453,9894,RECEIVED
456,9895,RECEIVED
458,9896,RECEIVED
460,9897,RECEIVED
461,9898,RECEIVED
462,9899,RECEIVED
466,9900,RECEIVED
468,9901,RECEIVED
470,9902,RECEIVED
476,9903,RECEIVED
479,9904,RECEIVED
480,9905,RECEIVED
483,9906,RECEIVED
487,9907,RECEIVED
488,9908,RECEIVED
489,9909,RECEIVED
491,9910,RECEIVED
492,9911,RECEIVED
494,9912,RECEIVED
495,9913,RECEIVED
497,9914,RECEIVED
498,9915,RECEIVED
500,9916,RECEIVED
501,9917,RECEIVED
506,9918,RECEIVED
510,9919,RECEIVED
512,9920,RECEIVED
513,9921,RECEIVED
515,9922,RECEIVED
516,9923,RECEIVED
524,9924,RECEIVED
525,9925,RECEIVED
528,9926,RECEIVED
530,9927,RECEIVED
531,9928,RECEIVED
532,9929,RECEIVED
536,9930,RECEIVED
541,9931,RECEIVED
542,9932,RECEIVED
549,9933,RECEIVED
552,9934,RECEIVED
553,9935,RECEIVED
554,9936,RECEIVED
557,9937,RECEIVED
560,9938,RECEIVED
561,9939,RECEIVED
563,9940,RECEIVED
566,9941,RECEIVED
567,9942,RECEIVED
568,9943,RECEIVED
569,9944,RECEIVED
570,9945,RECEIVED
571,9946,RECEIVED
573,9947,RECEIVED
575,9948,RECEIVED
576,9949,RECEIVED
577,9950,RECEIVED
578,9951,RECEIVED
580,9952,RECEIVED
581,9953,RECEIVED
587,9954,RECEIVED
588,9955,RECEIVED
589,9956,RECEIVED
593,9957,RECEIVED
594,9958,RECEIVED
595,9959,RECEIVED
597,9960,RECEIVED
598,9961,RECEIVED
600,9962,RECEIVED
603,9963,RECEIVED
608,9964,RECEIVED
609,9965,RECEIVED
610,9966,RECEIVED
611,9967,RECEIVED
612,9968,RECEIVED
613,9969,RECEIVED
614,9970,RECEIVED
615,9971,RECEIVED
616,9972,RECEIVED
617,9973,RECEIVED
618,9974,RECEIVED
619,9975,RECEIVED
620,9976,RECEIVED
621,9977,RECEIVED
622,9978,RECEIVED
628,9979,RECEIVED
631,9980,RECEIVED
632,9981,RECEIVED
633,9982,RECEIVED
634,9983,RECEIVED
635,9984,RECEIVED
636,9985,RECEIVED
637,9986,RECEIVED
638,9987,RECEIVED
639,9988,RECEIVED
640,9989,RECEIVED
642,9990,RECEIVED
643,9991,RECEIVED
644,9992,RECEIVED
645,9993,RECEIVED
646,9994,RECEIVED
647,9995,RECEIVED
648,9996,RECEIVED
650,9997,RECEIVED
651,9998,RECEIVED
654,9999,RECEIVED
655,10000,RECEIVED
656,10001,RECEIVED
657,10002,RECEIVED
658,10003,RECEIVED
660,10004,RECEIVED
661,10005,RECEIVED
662,10006,RECEIVED
665,10007,RECEIVED
666,10008,RECEIVED
668,10009,RECEIVED
674,10010,RECEIVED
675,10011,RECEIVED
676,10012,RECEIVED
685,10013,RECEIVED
688,10014,RECEIVED
689,10015,RECEIVED
691,10016,RECEIVED
692,10017,RECEIVED
693,10018,RECEIVED
694,10019,RECEIVED
695,10020,RECEIVED
699,10021,RECEIVED
701,10022,RECEIVED
702,10023,RECEIVED
712,10024,RECEIVED
713,10025,RECEIVED
714,10026,RECEIVED
715,10027,RECEIVED
716,10028,RECEIVED
717,10029,RECEIVED
720,10030,RECEIVED
721,10031,RECEIVED
726,10032,RECEIVED
727,10033,RECEIVED
729,10034,RECEIVED
730,10035,RECEIVED
734,10036,RECEIVED
740,10037,RECEIVED
741,10038,RECEIVED
742,10039,RECEIVED
743,10040,RECEIVED
744,10041,RECEIVED
746,10042,RECEIVED
747,10043,RECEIVED
751,10044,RECEIVED
753,10045,RECEIVED
755,10046,RECEIVED
756,10047,RECEIVED
757,10048,RECEIVED
763,10049,RECEIVED
764,10050,RECEIVED
765,10051,RECEIVED
770,10052,RECEIVED
773,10053,RECEIVED
777,10054,RECEIVED
786,10055,RECEIVED
797,10056,RECEIVED
800,10057,RECEIVED
801,10058,RECEIVED
805,10059,RECEIVED
808,10060,RECEIVED
821,10061,RECEIVED
823,10062,RECEIVED
824,10063,RECEIVED
825,10064,RECEIVED
826,10065,RECEIVED
828,10066,RECEIVED
829,10067,RECEIVED
830,10068,RECEIVED
831,10069,RECEIVED
832,10070,RECEIVED
837,10071,RECEIVED
846,10072,RECEIVED
847,10073,RECEIVED
853,10074,RECEIVED
854,10075,RECEIVED
855,10076,RECEIVED
856,10077,RECEIVED
861,10078,RECEIVED
865,10079,RECEIVED
867,10080,RECEIVED
869,10081,RECEIVED
871,10082,RECEIVED
874,10083,RECEIVED
875,10084,RECEIVED
877,10085,RECEIVED
883,10086,RECEIVED
886,10087,RECEIVED
888,10088,RECEIVED
889,10089,RECEIVED
892,10090,RECEIVED
895,10091,RECEIVED
897,10092,RECEIVED
899,10093,RECEIVED
903,10094,RECEIVED
904,10095,RECEIVED
906,10096,RECEIVED
915,10097,RECEIVED
916,10098,RECEIVED
918,10099,RECEIVED
920,10100,RECEIVED
925,10101,RECEIVED
926,10102,RECEIVED
927,10103,RECEIVED
928,10104,RECEIVED
931,10105,RECEIVED
934,10106,RECEIVED
937,10107,RECEIVED
938,10108,RECEIVED
939,10109,RECEIVED
950,10110,RECEIVED
952,10111,RECEIVED
953,10112,RECEIVED
955,10113,RECEIVED
959,10114,RECEIVED
961,10115,RECEIVED
966,10116,RECEIVED
972,10117,RECEIVED
974,10118,RECEIVED
987,10119,RECEIVED
992,10120,RECEIVED
993,10121,RECEIVED
994,10122,RECEIVED
995,10123,RECEIVED
997,10124,RECEIVED
998,10125,RECEIVED
999,10126,RECEIVED
1003,10127,RECEIVED
1004,10128,RECEIVED
1005,10129,RECEIVED
1006,10130,RECEIVED
1007,10131,RECEIVED
1009,10132,RECEIVED
1010,10133,RECEIVED
1014,10134,RECEIVED
1015,10135,RECEIVED
1016,10136,RECEIVED
1017,10137,RECEIVED
1018,10138,RECEIVED
1019,10139,RECEIVED
1021,10140,RECEIVED
1022,10141,RECEIVED
1026,10142,RECEIVED
1030,10143,RECEIVED
1034,10144,RECEIVED
1035,10145,RECEIVED
1038,10146,RECEIVED
1043,10147,RECEIVED
1047,10148,RECEIVED
1048,10149,RECEIVED
1050,10150,RECEIVED
1051,10151,RECEIVED
1055,10152,RECEIVED
1060,10153,RECEIVED
1063,10154,RECEIVED
1064,10155,RECEIVED
1065,10156,RECEIVED
1067,10157,RECEIVED
1077,10158,RECEIVED
1081,10159,RECEIVED
1082,10160,RECEIVED
1086,10161,RECEIVED
1087,10162,RECEIVED
1088,10163,RECEIVED
1089,10164,RECEIVED
1092,10165,RECEIVED
1102,10166,RECEIVED
1109,10167,RECEIVED
1111,10168,RECEIVED
1118,10169,RECEIVED
1119,10170,RECEIVED
1121,10171,RECEIVED
1123,10172,RECEIVED
1124,10173,RECEIVED
1125,10174,RECEIVED
1128,10175,RECEIVED
1133,10176,RECEIVED
1136,10177,RECEIVED
1139,10178,RECEIVED
1146,10179,RECEIVED
1151,10180,RECEIVED
1153,10181,RECEIVED
1157,10182,RECEIVED
1159,10183,RECEIVED
1162,10184,RECEIVED
1183,10185,RECEIVED
1184,10186,RECEIVED
1187,10187,RECEIVED
1189,10188,RECEIVED
1194,10189,RECEIVED
1205,10190,RECEIVED
1206,10191,RECEIVED
1217,10192,RECEIVED
1221,10193,RECEIVED
1227,10194,RECEIVED
1231,10195,RECEIVED
1235,10196,RECEIVED
1236,10197,RECEIVED
1238,10198,RECEIVED
1239,10199,RECEIVED
1240,10200,RECEIVED
1241,10201,RECEIVED
1242,10202,RECEIVED
1243,10203,RECEIVED
1246,10204,RECEIVED
1247,10205,RECEIVED
1248,10206,RECEIVED
1253,10207,RECEIVED
1257,10208,RECEIVED
1260,10209,RECEIVED
1262,10210,RECEIVED
1263,10211,RECEIVED
1264,10212,RECEIVED
1268,10213,RECEIVED
1270,10214,RECEIVED
1271,10215,RECEIVED
1272,10216,RECEIVED
1274,10217,RECEIVED
1277,10218,RECEIVED
1289,10219,RECEIVED
1290,10220,RECEIVED
1299,10221,RECEIVED
1301,10222,RECEIVED
1302,10223,RECEIVED
1303,10224,RECEIVED
1309,10225,RECEIVED
1312,10226,RECEIVED
1314,10227,RECEIVED
1316,10228,RECEIVED
1320,10229,RECEIVED
1321,10230,RECEIVED
1323,10231,RECEIVED
1324,10232,RECEIVED
1325,10233,RECEIVED
1326,10234,RECEIVED
1327,10235,RECEIVED
1329,10236,RECEIVED
1331,10237,RECEIVED
1332,10238,RECEIVED
1335,10239,RECEIVED
1336,10240,RECEIVED
1337,10241,RECEIVED
1338,10242,RECEIVED
1342,10243,RECEIVED
1351,10244,RECEIVED
1356,10245,RECEIVED
1361,10246,RECEIVED
1371,10247,RECEIVED
1372,10248,RECEIVED
1374,10249,RECEIVED
1378,10250,RECEIVED
1379,10251,RECEIVED
1381,10252,RECEIVED
1384,10253,RECEIVED
1387,10254,RECEIVED
1392,10255,RECEIVED
1393,10256,RECEIVED
1394,10257,RECEIVED
1400,10258,RECEIVED
1401,10259,RECEIVED
1402,10260,RECEIVED
1405,10261,RECEIVED
1406,10262,RECEIVED
1411,10263,RECEIVED
1412,10264,RECEIVED
1418,10265,RECEIVED
1420,10266,RECEIVED
1423,10267,RECEIVED
1424,10268,RECEIVED
1426,10269,RECEIVED
1432,10270,RECEIVED
1433,10271,RECEIVED
1434,10272,RECEIVED
1440,10273,RECEIVED
1453,10274,RECEIVED
1455,10275,RECEIVED
1458,10276,RECEIVED
1461,10277,RECEIVED
1464,10278,RECEIVED
1475,10279,RECEIVED
1481,10280,RECEIVED
1482,10281,RECEIVED
1485,10282,RECEIVED
1486,10283,RECEIVED
1488,10284,RECEIVED
1491,10285,RECEIVED
1492,10286,RECEIVED
1493,10287,RECEIVED
1494,10288,RECEIVED
1498,10289,RECEIVED
1499,10290,RECEIVED
1501,10291,RECEIVED
1508,10292,RECEIVED
1514,10293,RECEIVED
1523,10294,RECEIVED
1525,10295,RECEIVED
1530,10296,RECEIVED
1539,10297,RECEIVED
1541,10298,RECEIVED
1545,10299,RECEIVED
1548,10300,RECEIVED
1550,10301,RECEIVED
1551,10302,RECEIVED
1554,10303,RECEIVED
1555,10304,RECEIVED
1558,10305,RECEIVED
1559,10306,RECEIVED
1561,10307,RECEIVED
1563,10308,RECEIVED
1566,10309,RECEIVED
1567,10310,RECEIVED
1568,10311,RECEIVED
1572,10312,RECEIVED
1573,10313,RECEIVED
1574,10314,RECEIVED
1581,10315,RECEIVED
1582,10316,RECEIVED
1587,10317,RECEIVED
1590,10318,RECEIVED
1594,10319,RECEIVED
1595,10320,RECEIVED
1596,10321,RECEIVED
1597,10322,RECEIVED
1598,10323,RECEIVED
1601,10324,RECEIVED
1604,10325,RECEIVED
1614,10326,RECEIVED
1616,10327,RECEIVED
1619,10328,RECEIVED
1620,10329,RECEIVED
1622,10330,RECEIVED
1625,10331,RECEIVED
1626,10332,RECEIVED
1629,10333,RECEIVED
1632,10334,RECEIVED
1636,10335,RECEIVED
1638,10336,RECEIVED
1639,10337,RECEIVED
1640,10338,RECEIVED
1642,10339,RECEIVED
1643,10340,RECEIVED
1651,10341,RECEIVED
1655,10342,RECEIVED
1656,10343,RECEIVED
1662,10344,RECEIVED
1663,10345,RECEIVED
1665,10346,RECEIVED
1674,10347,RECEIVED
1675,10348,RECEIVED
1677,10349,RECEIVED
1678,10350,RECEIVED
1681,10351,RECEIVED
1686,10352,RECEIVED
1689,10353,RECEIVED
1690,10354,RECEIVED
1692,10355,RECEIVED
1693,10356,RECEIVED
1695,10357,RECEIVED
1696,10358,RECEIVED
1699,10359,RECEIVED
1701,10360,RECEIVED
1703,10361,RECEIVED
1705,10362,RECEIVED
1707,10363,RECEIVED
1709,10364,RECEIVED
1717,10365,RECEIVED
1720,10366,RECEIVED
1722,10367,RECEIVED
1728,10368,RECEIVED
1730,10369,RECEIVED
1731,10370,RECEIVED
1734,10371,RECEIVED
1745,10372,RECEIVED
1746,10373,RECEIVED
1747,10374,RECEIVED
1748,10375,RECEIVED
1749,10376,RECEIVED
1751,10377,RECEIVED
1752,10378,RECEIVED
1754,10379,RECEIVED
1756,10380,RECEIVED
1758,10381,RECEIVED
1760,10382,RECEIVED
1767,10383,RECEIVED
1771,10384,RECEIVED
1773,10385,RECEIVED
1774,10386,RECEIVED
1775,10387,RECEIVED
1784,10388,RECEIVED
1785,10389,RECEIVED
1787,10390,RECEIVED
1788,10391,RECEIVED
1790,10392,RECEIVED
1792,10393,RECEIVED
1797,10394,RECEIVED
1798,10395,RECEIVED
1800,10396,RECEIVED
1801,10397,RECEIVED
1803,10398,RECEIVED
1804,10399,RECEIVED
1811,10400,RECEIVED
1812,10401,RECEIVED
1816,10402,RECEIVED
1817,10403,RECEIVED
1822,10404,RECEIVED
1823,10405,RECEIVED
1824,10406,RECEIVED
1828,10407,RECEIVED
1835,10408,RECEIVED
1836,10409,RECEIVED
1838,10410,RECEIVED
1840,10411,RECEIVED
1841,10412,RECEIVED
1843,10413,RECEIVED
1846,10414,RECEIVED
1847,10415,RECEIVED
1850,10416,RECEIVED
1851,10417,RECEIVED
1852,10418,RECEIVED
1854,10419,RECEIVED
1859,10420,RECEIVED
1862,10421,RECEIVED
1880,10422,RECEIVED
1883,10423,RECEIVED
1884,10424,RECEIVED
1885,10425,RECEIVED
1890,10426,RECEIVED
1891,10427,RECEIVED
1892,10428,RECEIVED
1893,10429,RECEIVED
1896,10430,RECEIVED
1899,10431,RECEIVED
1901,10432,RECEIVED
1902,10433,RECEIVED
1903,10434,RECEIVED
1907,10435,RECEIVED
1911,10436,RECEIVED
1917,10437,RECEIVED
1923,10438,RECEIVED
1926,10439,RECEIVED
1927,10440,RECEIVED
1929,10441,RECEIVED
1932,10442,RECEIVED
1935,10443,RECEIVED
1940,10444,RECEIVED
1941,10445,RECEIVED
1947,10446,RECEIVED
1948,10447,RECEIVED
1950,10448,RECEIVED
1955,10449,RECEIVED
1956,10450,RECEIVED
1957,10451,RECEIVED
1959,10452,RECEIVED
1962,10453,RECEIVED
1963,10454,RECEIVED
1964,10455,RECEIVED
1966,10456,RECEIVED
1973,10457,RECEIVED
1974,10458,RECEIVED
1975,10459,RECEIVED
1981,10460,RECEIVED
1983,10461,RECEIVED
1984,10462,RECEIVED
1985,10463,RECEIVED
1986,10464,RECEIVED
1987,10465,RECEIVED
1990,10466,RECEIVED
1992,10467,RECEIVED
1997,10468,RECEIVED
1998,10469,RECEIVED
1999,10470,RECEIVED
2003,10471,RECEIVED
2008,10472,RECEIVED
2010,10473,RECEIVED
2014,10474,RECEIVED
2015,10475,RECEIVED
2021,10476,RECEIVED
2024,10477,RECEIVED
2026,10478,RECEIVED
2029,10479,RECEIVED
2031,10480,RECEIVED
2032,10481,RECEIVED
2037,10482,RECEIVED
2041,10483,RECEIVED
2042,10484,RECEIVED
2044,10485,RECEIVED
2045,10486,RECEIVED
2048,10487,RECEIVED
2055,10488,RECEIVED
2058,10489,RECEIVED
2059,10490,RECEIVED
2061,10491,RECEIVED
2069,10492,RECEIVED
2072,10493,RECEIVED
2073,10494,RECEIVED
2077,10495,RECEIVED
2079,10496,RECEIVED
2080,10497,RECEIVED
2082,10498,RECEIVED
2083,10499,RECEIVED
2084,10500,RECEIVED
2087,10501,RECEIVED
2090,10502,RECEIVED
2093,10503,RECEIVED
2094,10504,RECEIVED
2095,10505,RECEIVED
2097,10506,RECEIVED
2098,10507,RECEIVED
2099,10508,RECEIVED
2103,10509,RECEIVED
2105,10510,RECEIVED
2106,10511,RECEIVED
2107,10512,RECEIVED
2108,10513,RECEIVED
2109,10514,RECEIVED
2114,10515,RECEIVED
2117,10516,RECEIVED
2118,10517,RECEIVED
2121,10518,RECEIVED
2123,10519,RECEIVED
2124,10520,RECEIVED
2125,10521,RECEIVED
2129,10522,RECEIVED
2132,10523,RECEIVED
2133,10524,RECEIVED
2145,10525,RECEIVED
2147,10526,RECEIVED
2148,10527,RECEIVED
2149,10528,RECEIVED
2151,10529,RECEIVED
2152,10530,RECEIVED
2154,10531,RECEIVED
2159,10532,RECEIVED
2160,10533,RECEIVED
2165,10534,RECEIVED
2166,10535,RECEIVED
2167,10536,RECEIVED
2168,10537,RECEIVED
2170,10538,RECEIVED
2172,10539,RECEIVED
2174,10540,RECEIVED
2177,10541,RECEIVED
2179,10542,RECEIVED
2181,10543,RECEIVED
2185,10544,RECEIVED
2188,10545,RECEIVED
2192,10546,RECEIVED
2193,10547,RECEIVED
2199,10548,RECEIVED
2201,10549,RECEIVED
2203,10550,RECEIVED
2204,10551,RECEIVED
2207,10552,RECEIVED
2213,10553,RECEIVED
2217,10554,RECEIVED
2219,10555,RECEIVED
2220,10556,RECEIVED
2221,10557,RECEIVED
2223,10558,RECEIVED
2224,10559,RECEIVED
2225,10560,RECEIVED
2226,10561,RECEIVED
2230,10562,RECEIVED
2231,10563,RECEIVED
2235,10564,RECEIVED
2236,10565,RECEIVED
2237,10566,RECEIVED
2238,10567,RECEIVED
2239,10568,RECEIVED
2241,10569,RECEIVED
2243,10570,RECEIVED
2245,10571,RECEIVED
2246,10572,RECEIVED
2250,10573,RECEIVED
2252,10574,RECEIVED
2253,10575,RECEIVED
2254,10576,RECEIVED
2256,10577,RECEIVED
2258,10578,RECEIVED
2261,10579,RECEIVED
2262,10580,RECEIVED
2265,10581,RECEIVED
2268,10582,RECEIVED
2270,10583,RECEIVED
2278,10584,RECEIVED
2280,10585,RECEIVED
2282,10586,RECEIVED
2283,10587,RECEIVED
2284,10588,RECEIVED
2286,10589,RECEIVED
2288,10590,RECEIVED
2289,10591,RECEIVED
2290,10592,RECEIVED
2294,10593,RECEIVED
2296,10594,RECEIVED
2299,10595,RECEIVED
2302,10596,RECEIVED
2303,10597,RECEIVED
2304,10598,RECEIVED
2305,10599,RECEIVED
2307,10600,RECEIVED
2308,10601,RECEIVED
2309,10602,RECEIVED
2311,10603,RECEIVED
2313,10604,RECEIVED
2314,10605,RECEIVED
2316,10606,RECEIVED
2318,10607,RECEIVED
2320,10608,RECEIVED
2321,10609,RECEIVED
2324,10610,RECEIVED
2325,10611,RECEIVED
2329,10612,RECEIVED
2330,10613,RECEIVED
2333,10614,RECEIVED
2334,10615,RECEIVED
2335,10616,RECEIVED
2336,10617,RECEIVED
2340,10618,RECEIVED
2341,10619,RECEIVED
2345,10620,RECEIVED
2348,10621,RECEIVED
2349,10622,RECEIVED
2350,10623,RECEIVED
2351,10624,RECEIVED
2352,10625,RECEIVED
2354,10626,RECEIVED
2356,10627,RECEIVED
2357,10628,RECEIVED
2361,10629,RECEIVED
2366,10630,RECEIVED
2371,10631,RECEIVED
2373,10632,RECEIVED
2374,10633,RECEIVED
2375,10634,RECEIVED
2377,10635,RECEIVED
2380,10636,RECEIVED
2381,10637,RECEIVED
2382,10638,RECEIVED
2383,10639,RECEIVED
2384,10640,RECEIVED
2385,10641,RECEIVED
2386,10642,RECEIVED
2389,10643,RECEIVED
2390,10644,RECEIVED
2394,10645,RECEIVED
2396,10646,RECEIVED
2397,10647,RECEIVED
2399,10648,RECEIVED
2401,10649,RECEIVED
2412,10650,RECEIVED
2413,10651,RECEIVED
2414,10652,RECEIVED
2415,10653,RECEIVED
2418,10654,RECEIVED
2421,10655,RECEIVED
2423,10656,RECEIVED
2425,10657,RECEIVED
2426,10658,RECEIVED
2434,10659,RECEIVED
2435,10660,RECEIVED
2436,10661,RECEIVED
2441,10662,RECEIVED
2444,10663,RECEIVED
2445,10664,RECEIVED
2449,10665,RECEIVED
2455,10666,RECEIVED
2457,10667,RECEIVED
2459,10668,RECEIVED
2461,10669,RECEIVED
2463,10670,RECEIVED
2465,10671,RECEIVED
2467,10672,RECEIVED
2471,10673,RECEIVED
2476,10674,RECEIVED
2477,10675,RECEIVED
2483,10676,RECEIVED
2489,10677,RECEIVED
2493,10678,RECEIVED
2494,10679,RECEIVED
2495,10680,RECEIVED
2497,10681,RECEIVED
2499,10682,RECEIVED
2500,10683,RECEIVED
2504,10684,RECEIVED
2506,10685,RECEIVED
2507,10686,RECEIVED
2508,10687,RECEIVED
2511,10688,RECEIVED
2513,10689,RECEIVED
2517,10690,RECEIVED
2518,10691,RECEIVED
2520,10692,RECEIVED
2523,10693,RECEIVED
2524,10694,RECEIVED
2525,10695,RECEIVED
2526,10696,RECEIVED
2528,10697,RECEIVED
2529,10698,RECEIVED
2530,10699,RECEIVED
2532,10700,RECEIVED
2538,10701,RECEIVED
2545,10702,RECEIVED
2548,10703,RECEIVED
2552,10704,RECEIVED
2554,10705,RECEIVED
2557,10706,RECEIVED
2558,10707,RECEIVED
2560,10708,RECEIVED
2561,10709,RECEIVED
2562,10710,RECEIVED
2564,10711,RECEIVED
2565,10712,RECEIVED
2568,10713,RECEIVED
2569,10714,RECEIVED
2570,10715,RECEIVED
2572,10716,RECEIVED
2574,10717,RECEIVED
2575,10718,RECEIVED
2577,10719,RECEIVED
2579,10720,RECEIVED
2580,10721,RECEIVED
2581,10722,RECEIVED
2582,10723,RECEIVED
2583,10724,RECEIVED
2585,10725,RECEIVED
2586,10726,RECEIVED
2588,10727,RECEIVED
2589,10728,RECEIVED
2590,10729,RECEIVED
2591,10730,RECEIVED
2592,10731,RECEIVED
2594,10732,RECEIVED
2596,10733,RECEIVED
2598,10734,RECEIVED
2599,10735,RECEIVED
2600,10736,RECEIVED
2601,10737,RECEIVED
2604,10738,RECEIVED
2605,10739,RECEIVED
2606,10740,RECEIVED
2609,10741,RECEIVED
2610,10742,RECEIVED
2613,10743,RECEIVED
2615,10744,RECEIVED
2618,10745,RECEIVED
2619,10746,RECEIVED
2620,10747,RECEIVED
2623,10748,RECEIVED
2626,10749,RECEIVED
2628,10750,RECEIVED
2631,10751,RECEIVED
2635,10752,RECEIVED
2637,10753,RECEIVED
2642,10754,RECEIVED
2645,10755,RECEIVED
2646,10756,RECEIVED
2647,10757,RECEIVED
2649,10758,RECEIVED
2655,10759,RECEIVED
2658,10760,RECEIVED
2660,10761,RECEIVED
2662,10762,RECEIVED
2663,10763,RECEIVED
2667,10764,RECEIVED
2674,10765,RECEIVED
2675,10766,RECEIVED
2678,10767,RECEIVED
2681,10768,RECEIVED
2685,10769,RECEIVED
2687,10770,RECEIVED
2689,10771,RECEIVED
2690,10772,RECEIVED
2692,10773,RECEIVED
2693,10774,RECEIVED
2695,10775,RECEIVED
2697,10776,RECEIVED
2699,10777,RECEIVED
2701,10778,RECEIVED
2709,10779,RECEIVED
2710,10780,RECEIVED
2716,10781,RECEIVED
2717,10782,RECEIVED
2721,10783,RECEIVED
2723,10784,RECEIVED
2728,10785,RECEIVED
2731,10786,RECEIVED
2732,10787,RECEIVED
2736,10788,RECEIVED
2738,10789,RECEIVED
2740,10790,RECEIVED
2746,10791,RECEIVED
2747,10792,RECEIVED
2748,10793,RECEIVED
2751,10794,RECEIVED
2752,10795,RECEIVED
2754,10796,RECEIVED
2755,10797,RECEIVED
2758,10798,RECEIVED
2759,10799,RECEIVED
2761,10800,RECEIVED
2763,10801,RECEIVED
2765,10802,RECEIVED
2767,10803,RECEIVED
2768,10804,RECEIVED
2770,10805,RECEIVED
2771,10806,RECEIVED
2773,10807,RECEIVED
2777,10808,RECEIVED
2780,10809,RECEIVED
2781,10810,RECEIVED
2782,10811,RECEIVED
2786,10812,RECEIVED
2787,10813,RECEIVED
2792,10814,RECEIVED
2793,10815,RECEIVED
2795,10816,RECEIVED
2797,10817,RECEIVED
2805,10818,RECEIVED
2807,10819,RECEIVED
2810,10820,RECEIVED
2811,10821,RECEIVED
2814,10822,RECEIVED
2815,10823,RECEIVED
2817,10824,RECEIVED
2818,10825,RECEIVED
2821,10826,RECEIVED
2825,10827,RECEIVED
2826,10828,RECEIVED
2827,10829,RECEIVED
2834,10830,RECEIVED
2835,10831,RECEIVED
2840,10832,RECEIVED
2841,10833,RECEIVED
2843,10834,RECEIVED
2845,10835,RECEIVED
2853,10836,RECEIVED
2854,10837,RECEIVED
2858,10838,RECEIVED
2860,10839,RECEIVED
2864,10840,RECEIVED
2867,10841,RECEIVED
2871,10842,RECEIVED
2872,10843,RECEIVED
2876,10844,RECEIVED
2877,10845,RECEIVED
2879,10846,RECEIVED
2882,10847,RECEIVED
2883,10848,RECEIVED
2885,10849,RECEIVED
2887,10850,RECEIVED
2888,10851,RECEIVED
2890,10852,RECEIVED
2892,10853,RECEIVED
2893,10854,RECEIVED
2897,10855,RECEIVED
2898,10856,RECEIVED
2899,10857,RECEIVED
2903,10858,RECEIVED
2904,10859,RECEIVED
2908,10860,RECEIVED
2909,10861,RECEIVED
2910,10862,RECEIVED
2915,10863,RECEIVED
2917,10864,RECEIVED
2918,10865,RECEIVED
2922,10866,RECEIVED
2924,10867,RECEIVED
2927,10868,RECEIVED
2929,10869,RECEIVED
2939,10870,RECEIVED
2941,10871,RECEIVED
2945,10872,RECEIVED
2946,10873,RECEIVED
2947,10874,RECEIVED
2948,10875,RECEIVED
2955,10876,RECEIVED
2956,10877,RECEIVED
2957,10878,RECEIVED
2959,10879,RECEIVED
2960,10880,RECEIVED
2962,10881,RECEIVED
2964,10882,RECEIVED
2974,10883,RECEIVED
2975,10884,RECEIVED
2978,10885,RECEIVED
2982,10886,RECEIVED
2983,10887,RECEIVED
2986,10888,RECEIVED
2988,10889,RECEIVED
2989,10890,RECEIVED
2990,10891,RECEIVED
2995,10892,RECEIVED
2999,10893,RECEIVED
3001,10894,RECEIVED
3002,10895,RECEIVED
3006,10896,RECEIVED
3009,10897,RECEIVED
3012,10898,RECEIVED
3014,10899,RECEIVED
3015,10900,RECEIVED
3021,10901,RECEIVED
3023,10902,RECEIVED
3033,10903,RECEIVED
3035,10904,RECEIVED
3036,10905,RECEIVED
3043,10906,RECEIVED
3044,10907,RECEIVED
3047,10908,RECEIVED
3049,10909,RECEIVED
3054,10910,RECEIVED
3063,10911,RECEIVED
3065,10912,RECEIVED
3066,10913,RECEIVED
3069,10914,RECEIVED
3078,10915,RECEIVED
3080,10916,RECEIVED
3083,10917,RECEIVED
3086,10918,RECEIVED
3087,10919,RECEIVED
3092,10920,RECEIVED
3102,10921,RECEIVED
3104,10922,RECEIVED
3107,10923,RECEIVED
3109,10924,RECEIVED
3114,10925,RECEIVED
3115,10926,RECEIVED
3124,10927,RECEIVED
3125,10928,RECEIVED
3130,10929,RECEIVED
3133,10930,RECEIVED
3135,10931,RECEIVED
3142,10932,RECEIVED
3145,10933,RECEIVED
3150,10934,RECEIVED
3154,10935,RECEIVED
3155,10936,RECEIVED
3156,10937,RECEIVED
3160,10938,RECEIVED
3163,10939,RECEIVED
3165,10940,RECEIVED
3168,10941,RECEIVED
3169,10942,RECEIVED
3172,10943,RECEIVED
3197,10944,RECEIVED
3198,10945,RECEIVED
3200,10946,RECEIVED
3203,10947,RECEIVED
3217,10948,RECEIVED
3219,10949,RECEIVED
3220,10950,RECEIVED
3225,10951,RECEIVED
3231,10952,RECEIVED
3235,10953,RECEIVED
3237,10954,RECEIVED
3238,10955,RECEIVED
3241,10956,RECEIVED
3243,10957,RECEIVED
3244,10958,RECEIVED
3245,10959,RECEIVED
3248,10960,RECEIVED
3250,10961,RECEIVED
3251,10962,RECEIVED
3256,10963,RECEIVED
3257,10964,RECEIVED
3258,10965,RECEIVED
3265,10966,RECEIVED
3266,10967,RECEIVED
3269,10968,RECEIVED
3271,10969,RECEIVED
3277,10970,RECEIVED
3278,10971,RECEIVED
3283,10972,RECEIVED
3287,10973,RECEIVED
3297,10974,RECEIVED
3298,10975,RECEIVED
3303,10976,RECEIVED
3308,10977,RECEIVED
3309,10978,RECEIVED
3312,10979,RECEIVED
3317,10980,RECEIVED
3320,10981,RECEIVED
3322,10982,RECEIVED
3327,10983,RECEIVED
3329,10984,RECEIVED
3330,10985,RECEIVED
3352,10986,RECEIVED
3355,10987,RECEIVED
3357,10988,RECEIVED
3362,10989,RECEIVED
3363,10990,RECEIVED
3368,10991,RECEIVED
3370,10992,RECEIVED
3371,10993,RECEIVED
3376,10994,RECEIVED
3380,10995,RECEIVED
3383,10996,RECEIVED
3393,10997,RECEIVED
3394,10998,RECEIVED
3400,10999,RECEIVED
3405,11000,RECEIVED
3409,11001,RECEIVED
3410,11002,RECEIVED
3411,11003,RECEIVED
3412,11004,RECEIVED
3413,11005,RECEIVED
3415,11006,RECEIVED
3416,11007,RECEIVED
3418,11008,RECEIVED
3419,11009,RECEIVED
3420,11010,RECEIVED
3421,11011,RECEIVED
3422,11012,RECEIVED
3423,11013,RECEIVED
3424,11014,RECEIVED
3430,11015,RECEIVED
3432,11016,RECEIVED
3435,11017,RECEIVED
3437,11018,RECEIVED
3441,11019,RECEIVED
3444,11020,RECEIVED
3445,11021,RECEIVED
3446,11022,RECEIVED
3447,11023,RECEIVED
3450,11024,RECEIVED
3463,11025,RECEIVED
3472,11026,RECEIVED
3473,11027,RECEIVED
3476,11028,RECEIVED
3480,11029,RECEIVED
3484,11030,RECEIVED
3490,11031,RECEIVED
3495,11032,RECEIVED
3496,11033,RECEIVED
3497,11034,RECEIVED
3499,11035,RECEIVED
3502,11036,RECEIVED
3516,11037,RECEIVED
3517,11038,RECEIVED
3520,11039,RECEIVED
3525,11040,RECEIVED
3530,11041,RECEIVED
3531,11042,RECEIVED
3533,11043,RECEIVED
3534,11044,RECEIVED
3536,11045,RECEIVED
3537,11046,RECEIVED
3539,11047,RECEIVED
3541,11048,RECEIVED
3542,11049,RECEIVED
3543,11050,RECEIVED
3544,11051,RECEIVED
3545,11052,RECEIVED
3546,11053,RECEIVED
3547,11054,RECEIVED
3549,11055,RECEIVED
3550,11056,RECEIVED
3551,11057,RECEIVED
3552,11058,RECEIVED
3553,11059,RECEIVED
3554,11060,RECEIVED
3556,11061,RECEIVED
3557,11062,RECEIVED
3558,11063,RECEIVED
3561,11064,RECEIVED
3569,11065,RECEIVED
3570,11066,RECEIVED
3573,11067,RECEIVED
3577,11068,RECEIVED
3579,11069,RECEIVED
3582,11070,RECEIVED
3584,11071,RECEIVED
3587,11072,RECEIVED
3592,11073,RECEIVED
3595,11074,RECEIVED
3596,11075,RECEIVED
3600,11076,RECEIVED
3601,11077,RECEIVED
3602,11078,RECEIVED
3604,11079,RECEIVED
3605,11080,RECEIVED
3606,11081,RECEIVED
3610,11082,RECEIVED
3611,11083,RECEIVED
3614,11084,RECEIVED
3615,11085,RECEIVED
3617,11086,RECEIVED
3620,11087,RECEIVED
3624,11088,RECEIVED
3627,11089,RECEIVED
3628,11090,RECEIVED
3632,11091,RECEIVED
3633,11092,RECEIVED
3636,11093,RECEIVED
3639,11094,RECEIVED
3644,11095,RECEIVED
3646,11096,RECEIVED
3647,11097,RECEIVED
3648,11098,RECEIVED
3653,11099,RECEIVED
3657,11100,RECEIVED
3660,11101,RECEIVED
3661,11102,RECEIVED
3662,11103,RECEIVED
3663,11104,RECEIVED
3666,11105,RECEIVED
3667,11106,RECEIVED
3668,11107,RECEIVED
3669,11108,RECEIVED
3670,11109,RECEIVED
3671,11110,RECEIVED
3672,11111,RECEIVED
3673,11112,RECEIVED
3675,11113,RECEIVED
3681,11114,RECEIVED
3682,11115,RECEIVED
3684,11116,RECEIVED
3686,11117,RECEIVED
3688,11118,RECEIVED
3691,11119,RECEIVED
3694,11120,RECEIVED
3697,11121,RECEIVED
3700,11122,RECEIVED
3711,11123,RECEIVED
3713,11124,RECEIVED
3719,11125,RECEIVED
3722,11126,RECEIVED
3723,11127,RECEIVED
3724,11128,RECEIVED
3729,11129,RECEIVED
3731,11130,RECEIVED
3737,11131,RECEIVED
3739,11132,RECEIVED
3740,11133,RECEIVED
3746,11134,RECEIVED
3750,11135,RECEIVED
3756,11136,RECEIVED
3758,11137,RECEIVED
3760,11138,RECEIVED
3769,11139,RECEIVED
3772,11140,RECEIVED
3773,11141,RECEIVED
3774,11142,RECEIVED
3775,11143,RECEIVED
3776,11144,RECEIVED
3777,11145,RECEIVED
3779,11146,RECEIVED
3783,11147,RECEIVED
3787,11148,RECEIVED
3788,11149,RECEIVED
3790,11150,RECEIVED
3792,11151,RECEIVED
3794,11152,RECEIVED
3795,11153,RECEIVED
3797,11154,RECEIVED
3798,11155,RECEIVED
3799,11156,RECEIVED
3802,11157,RECEIVED
3804,11158,RECEIVED
3806,11159,RECEIVED
3808,11160,RECEIVED
3812,11161,RECEIVED
3816,11162,RECEIVED
3817,11163,RECEIVED
3819,11164,RECEIVED
3820,11165,RECEIVED
3822,11166,RECEIVED
3823,11167,RECEIVED
3825,11168,RECEIVED
3827,11169,RECEIVED
3829,11170,RECEIVED
3833,11171,RECEIVED
3834,11172,RECEIVED
3836,11173,RECEIVED
3838,11174,RECEIVED
3839,11175,RECEIVED
3840,11176,RECEIVED
3845,11177,RECEIVED
3847,11178,RECEIVED
3848,11179,RECEIVED
3849,11180,RECEIVED
3857,11181,RECEIVED
3858,11182,RECEIVED
3859,11183,RECEIVED
3860,11184,RECEIVED
3862,11185,RECEIVED
3863,11186,RECEIVED
3864,11187,RECEIVED
3866,11188,RECEIVED
3868,11189,RECEIVED
3873,11190,RECEIVED
3875,11191,RECEIVED
3878,11192,RECEIVED
3881,11193,RECEIVED
3882,11194,RECEIVED
3886,11195,RECEIVED
3890,11196,RECEIVED
3891,11197,RECEIVED
3894,11198,RECEIVED
3896,11199,RECEIVED
3898,11200,RECEIVED
3900,11201,RECEIVED
3902,11202,RECEIVED
3907,11203,RECEIVED
3911,11204,RECEIVED
3912,11205,RECEIVED
3920,11206,RECEIVED
3921,11207,RECEIVED
3922,11208,RECEIVED
3925,11209,RECEIVED
3927,11210,RECEIVED
3929,11211,RECEIVED
3931,11212,RECEIVED
3932,11213,RECEIVED
3933,11214,RECEIVED
3935,11215,RECEIVED
3937,11216,RECEIVED
3940,11217,RECEIVED
3941,11218,RECEIVED
3943,11219,RECEIVED
3945,11220,RECEIVED
3947,11221,RECEIVED
3948,11222,RECEIVED
3949,11223,RECEIVED
3951,11224,RECEIVED
3952,11225,RECEIVED
3955,11226,RECEIVED
3957,11227,RECEIVED
3959,11228,RECEIVED
3960,11229,RECEIVED
3962,11230,RECEIVED
3971,11231,RECEIVED
3978,11232,RECEIVED
3981,11233,RECEIVED
3986,11234,RECEIVED
3988,11235,RECEIVED
3989,11236,RECEIVED
3991,11237,RECEIVED
4006,11238,RECEIVED
4008,11239,RECEIVED
4017,11240,RECEIVED
4018,11241,RECEIVED
4021,11242,RECEIVED
4025,11243,RECEIVED
4031,11244,RECEIVED
4032,11245,RECEIVED
4033,11246,RECEIVED
4035,11247,RECEIVED
4042,11248,RECEIVED
4043,11249,RECEIVED
4049,11250,RECEIVED
4059,11251,RECEIVED
4061,11252,RECEIVED
4062,11253,RECEIVED
4063,11254,RECEIVED
4064,11255,RECEIVED
4076,11256,RECEIVED
4077,11257,RECEIVED
4082,11258,RECEIVED
4083,11259,RECEIVED
4086,11260,RECEIVED
4087,11261,RECEIVED
4091,11262,RECEIVED
4092,11263,RECEIVED
4094,11264,RECEIVED
4107,11265,RECEIVED
4110,11266,RECEIVED
4111,11267,RECEIVED
4114,11268,RECEIVED
4124,11269,RECEIVED
4125,11270,RECEIVED
4126,11271,RECEIVED
4131,11272,RECEIVED
4135,11273,RECEIVED
4140,11274,RECEIVED
4141,11275,RECEIVED
4143,11276,RECEIVED
4144,11277,RECEIVED
4147,11278,RECEIVED
4148,11279,RECEIVED
4150,11280,RECEIVED
4152,11281,RECEIVED
4153,11282,RECEIVED
4154,11283,RECEIVED
4162,11284,RECEIVED
4164,11285,RECEIVED
4172,11286,RECEIVED
4174,11287,RECEIVED
4175,11288,RECEIVED
4179,11289,RECEIVED
4183,11290,RECEIVED
4184,11291,RECEIVED
4186,11292,RECEIVED
4191,11293,RECEIVED
4198,11294,RECEIVED
4200,11295,RECEIVED
4202,11296,RECEIVED
4203,11297,RECEIVED
4204,11298,RECEIVED
4208,11299,RECEIVED
4209,11300,RECEIVED
4212,11301,RECEIVED
4213,11302,RECEIVED
4215,11303,RECEIVED
4218,11304,RECEIVED
4219,11305,RECEIVED
4221,11306,RECEIVED
4224,11307,RECEIVED
4228,11308,RECEIVED
4230,11309,RECEIVED
4231,11310,RECEIVED
4233,11311,RECEIVED
4234,11312,RECEIVED
4237,11313,RECEIVED
4239,11314,RECEIVED
4242,11315,RECEIVED
4243,11316,RECEIVED
4244,11317,RECEIVED
4250,11318,RECEIVED
4251,11319,RECEIVED
4255,11320,RECEIVED
4256,11321,RECEIVED
4258,11322,RECEIVED
4260,11323,RECEIVED
4263,11324,RECEIVED
4264,11325,RECEIVED
4266,11326,RECEIVED
4271,11327,RECEIVED
4275,11328,RECEIVED
4280,11329,RECEIVED
4281,11330,RECEIVED
4283,11331,RECEIVED
4285,11332,RECEIVED
4289,11333,RECEIVED
4290,11334,RECEIVED
4291,11335,RECEIVED
4295,11336,RECEIVED
4296,11337,RECEIVED
4298,11338,RECEIVED
4304,11339,RECEIVED
4305,11340,RECEIVED
4306,11341,RECEIVED
4308,11342,RECEIVED
4312,11343,RECEIVED
4315,11344,RECEIVED
4322,11345,RECEIVED
4331,11346,RECEIVED
4337,11347,RECEIVED
4339,11348,RECEIVED
4341,11349,RECEIVED
4355,11350,RECEIVED
4363,11351,RECEIVED
4372,11352,RECEIVED
4375,11353,RECEIVED
4376,11354,RECEIVED
4378,11355,RECEIVED
4380,11356,RECEIVED
4381,11357,RECEIVED
4385,11358,RECEIVED
4391,11359,RECEIVED
4396,11360,RECEIVED
4403,11361,RECEIVED
4408,11362,RECEIVED
4410,11363,RECEIVED
4411,11364,RECEIVED
4415,11365,RECEIVED
4416,11366,RECEIVED
4418,11367,RECEIVED
4420,11368,RECEIVED
4426,11369,RECEIVED
4427,11370,RECEIVED
4431,11371,RECEIVED
4433,11372,RECEIVED
4435,11373,RECEIVED
4436,11374,RECEIVED
4437,11375,RECEIVED
4440,11376,RECEIVED
4441,11377,RECEIVED
4442,11378,RECEIVED
4445,11379,RECEIVED
4446,11380,RECEIVED
