:START_ID,:END_ID,:TYPE
0,4448,RESULTED_IN
1,4449,RESULTED_IN
1,4448,RESULTED_IN
1,4450,RESULTED_IN
2,4448,RESULTED_IN
3,4450,RESULTED_IN
6,4450,RESULTED_IN
6,4449,RESULTED_IN
7,4449,RESULTED_IN
7,4450,RESULTED_IN
8,4450,RESULTED_IN
9,4449,RESULTED_IN
10,4449,RESULTED_IN
11,4450,RESULTED_IN
12,4449,RESULTED_IN
13,4450,RESULTED_IN
14,4449,RESULTED_IN
15,4450,RESULTED_IN
16,4449,RESULTED_IN
17,4449,RESULTED_IN
17,4450,RESULTED_IN
18,4449,RESULTED_IN
19,4450,RESULTED_IN
20,4450,RESULTED_IN
21,4450,RESULTED_IN
22,4449,RESULTED_IN
23,4449,RESULTED_IN
24,4449,RESULTED_IN
25,4450,RESULTED_IN
26,4450,RESULTED_IN
27,4450,RESULTED_IN
28,4450,RESULTED_IN
29,4450,RESULTED_IN
30,4450,RESULTED_IN
30,4449,RESULTED_IN
31,4450,RESULTED_IN
32,4449,RESULTED_IN
33,4449,RESULTED_IN
33,4450,RESULTED_IN
34,4450,RESULTED_IN
35,4450,RESULTED_IN
36,4449,RESULTED_IN
37,4449,RESULTED_IN
38,4450,RESULTED_IN
39,4449,RESULTED_IN
45,4449,RESULTED_IN
47,4451,RESULTED_IN
47,4450,RESULTED_IN
48,4450,RESULTED_IN
49,4450,RESULTED_IN
50,4450,RESULTED_IN
50,4452,RESULTED_IN
51,4450,RESULTED_IN
51,4449,RESULTED_IN
51,4448,RESULTED_IN
52,4449,RESULTED_IN
53,4449,RESULTED_IN
54,4450,RESULTED_IN
54,4449,RESULTED_IN
55,4450,RESULTED_IN
56,4450,RESULTED_IN
57,4449,RESULTED_IN
58,4449,RESULTED_IN
60,4449,RESULTED_IN
60,4451,RESULTED_IN
60,4450,RESULTED_IN
61,4449,RESULTED_IN
63,4449,RESULTED_IN
63,4450,RESULTED_IN
64,4449,RESULTED_IN
65,4449,RESULTED_IN
66,4449,RESULTED_IN
67,4450,RESULTED_IN
67,4449,RESULTED_IN
68,4449,RESULTED_IN
69,4449,RESULTED_IN
70,4449,RESULTED_IN
71,4449,RESULTED_IN
72,4449,RESULTED_IN
73,4449,RESULTED_IN
74,4449,RESULTED_IN
75,4449,RESULTED_IN
76,4449,RESULTED_IN
77,4449,RESULTED_IN
78,4449,RESULTED_IN
78,4450,RESULTED_IN
79,4449,RESULTED_IN
80,4449,RESULTED_IN
81,4450,RESULTED_IN
82,4450,RESULTED_IN
83,4449,RESULTED_IN
84,4449,RESULTED_IN
85,4449,RESULTED_IN
85,4450,RESULTED_IN
86,4449,RESULTED_IN
87,4449,RESULTED_IN
88,4449,RESULTED_IN
89,4449,RESULTED_IN
91,4451,RESULTED_IN
99,4450,RESULTED_IN
103,4450,RESULTED_IN
103,4451,RESULTED_IN
103,4449,RESULTED_IN
109,4451,RESULTED_IN
109,4449,RESULTED_IN
113,4449,RESULTED_IN
114,4449,RESULTED_IN
115,4449,RESULTED_IN
116,4449,RESULTED_IN
118,4449,RESULTED_IN
119,4449,RESULTED_IN
120,4450,RESULTED_IN
121,4450,RESULTED_IN
122,4449,RESULTED_IN
123,4450,RESULTED_IN
124,4448,RESULTED_IN
125,4449,RESULTED_IN
125,4450,RESULTED_IN
126,4450,RESULTED_IN
127,4448,RESULTED_IN
145,4449,RESULTED_IN
146,4449,RESULTED_IN
147,4449,RESULTED_IN
148,4449,RESULTED_IN
149,4449,RESULTED_IN
150,4449,RESULTED_IN
150,4450,RESULTED_IN
151,4448,RESULTED_IN
152,4449,RESULTED_IN
153,4450,RESULTED_IN
153,4449,RESULTED_IN
156,4448,RESULTED_IN
156,4451,RESULTED_IN
156,4449,RESULTED_IN
157,4449,RESULTED_IN
158,4449,RESULTED_IN
158,4451,RESULTED_IN
159,4449,RESULTED_IN
160,4449,RESULTED_IN
161,4449,RESULTED_IN
162,4449,RESULTED_IN
163,4449,RESULTED_IN
164,4450,RESULTED_IN
167,4449,RESULTED_IN
169,4449,RESULTED_IN
170,4449,RESULTED_IN
171,4449,RESULTED_IN
172,4448,RESULTED_IN
172,4449,RESULTED_IN
173,4450,RESULTED_IN
174,4450,RESULTED_IN
175,4449,RESULTED_IN
176,4449,RESULTED_IN
177,4449,RESULTED_IN
178,4449,RESULTED_IN
178,4448,RESULTED_IN
178,4450,RESULTED_IN
179,4449,RESULTED_IN
181,4449,RESULTED_IN
182,4449,RESULTED_IN
183,4449,RESULTED_IN
184,4449,RESULTED_IN
185,4449,RESULTED_IN
186,4449,RESULTED_IN
187,4449,RESULTED_IN
188,4449,RESULTED_IN
190,4449,RESULTED_IN
191,4449,RESULTED_IN
192,4449,RESULTED_IN
192,4450,RESULTED_IN
193,4449,RESULTED_IN
193,4450,RESULTED_IN
194,4450,RESULTED_IN
195,4449,RESULTED_IN
196,4450,RESULTED_IN
196,4451,RESULTED_IN
197,4449,RESULTED_IN
198,4449,RESULTED_IN
199,4450,RESULTED_IN
200,4449,RESULTED_IN
201,4449,RESULTED_IN
202,4450,RESULTED_IN
203,4449,RESULTED_IN
205,4449,RESULTED_IN
206,4450,RESULTED_IN
206,4449,RESULTED_IN
207,4449,RESULTED_IN
208,4449,RESULTED_IN
208,4450,RESULTED_IN
209,4449,RESULTED_IN
210,4449,RESULTED_IN
211,4449,RESULTED_IN
212,4451,RESULTED_IN
213,4450,RESULTED_IN
213,4449,RESULTED_IN
214,4449,RESULTED_IN
215,4450,RESULTED_IN
216,4449,RESULTED_IN
217,4449,RESULTED_IN
218,4450,RESULTED_IN
218,4452,RESULTED_IN
218,4449,RESULTED_IN
219,4449,RESULTED_IN
220,4449,RESULTED_IN
222,4449,RESULTED_IN
223,4449,RESULTED_IN
224,4449,RESULTED_IN
225,4450,RESULTED_IN
225,4449,RESULTED_IN
227,4449,RESULTED_IN
228,4449,RESULTED_IN
229,4449,RESULTED_IN
230,4450,RESULTED_IN
230,4449,RESULTED_IN
231,4449,RESULTED_IN
232,4449,RESULTED_IN
233,4449,RESULTED_IN
234,4449,RESULTED_IN
235,4451,RESULTED_IN
235,4449,RESULTED_IN
236,4450,RESULTED_IN
237,4449,RESULTED_IN
238,4449,RESULTED_IN
238,4450,RESULTED_IN
239,4449,RESULTED_IN
240,4449,RESULTED_IN
241,4449,RESULTED_IN
241,4450,RESULTED_IN
242,4448,RESULTED_IN
243,4449,RESULTED_IN
243,4450,RESULTED_IN
244,4449,RESULTED_IN
245,4450,RESULTED_IN
245,4449,RESULTED_IN
246,4449,RESULTED_IN
247,4450,RESULTED_IN
248,4449,RESULTED_IN
248,4450,RESULTED_IN
251,4449,RESULTED_IN
252,4449,RESULTED_IN
253,4449,RESULTED_IN
255,4450,RESULTED_IN
255,4449,RESULTED_IN
256,4449,RESULTED_IN
257,4449,RESULTED_IN
258,4449,RESULTED_IN
259,4450,RESULTED_IN
260,4449,RESULTED_IN
261,4449,RESULTED_IN
261,4452,RESULTED_IN
262,4449,RESULTED_IN
262,4448,RESULTED_IN
262,4450,RESULTED_IN
265,4449,RESULTED_IN
266,4449,RESULTED_IN
268,4449,RESULTED_IN
269,4450,RESULTED_IN
270,4449,RESULTED_IN
272,4450,RESULTED_IN
282,4449,RESULTED_IN
283,4449,RESULTED_IN
284,4449,RESULTED_IN
285,4450,RESULTED_IN
285,4449,RESULTED_IN
286,4449,RESULTED_IN
287,4449,RESULTED_IN
288,4449,RESULTED_IN
289,4450,RESULTED_IN
289,4449,RESULTED_IN
290,4449,RESULTED_IN
291,4448,RESULTED_IN
291,4449,RESULTED_IN
291,4451,RESULTED_IN
291,4450,RESULTED_IN
292,4449,RESULTED_IN
293,4449,RESULTED_IN
293,4450,RESULTED_IN
294,4450,RESULTED_IN
295,4450,RESULTED_IN
295,4449,RESULTED_IN
296,4450,RESULTED_IN
297,4450,RESULTED_IN
298,4450,RESULTED_IN
299,4450,RESULTED_IN
300,4450,RESULTED_IN
301,4450,RESULTED_IN
301,4448,RESULTED_IN
302,4450,RESULTED_IN
303,4450,RESULTED_IN
304,4449,RESULTED_IN
305,4450,RESULTED_IN
306,4450,RESULTED_IN
307,4450,RESULTED_IN
308,4450,RESULTED_IN
309,4450,RESULTED_IN
310,4450,RESULTED_IN
311,4450,RESULTED_IN
312,4450,RESULTED_IN
313,4450,RESULTED_IN
314,4450,RESULTED_IN
315,4450,RESULTED_IN
316,4449,RESULTED_IN
316,4450,RESULTED_IN
316,4452,RESULTED_IN
317,4450,RESULTED_IN
318,4450,RESULTED_IN
319,4450,RESULTED_IN
320,4449,RESULTED_IN
320,4450,RESULTED_IN
321,4449,RESULTED_IN
321,4450,RESULTED_IN
322,4448,RESULTED_IN
323,4449,RESULTED_IN
323,4450,RESULTED_IN
324,4450,RESULTED_IN
325,4451,RESULTED_IN
325,4450,RESULTED_IN
325,4449,RESULTED_IN
326,4449,RESULTED_IN
327,4449,RESULTED_IN
328,4450,RESULTED_IN
329,4450,RESULTED_IN
330,4449,RESULTED_IN
331,4450,RESULTED_IN
332,4452,RESULTED_IN
333,4448,RESULTED_IN
333,4449,RESULTED_IN
333,4450,RESULTED_IN
334,4449,RESULTED_IN
334,4450,RESULTED_IN
335,4450,RESULTED_IN
336,4450,RESULTED_IN
336,4452,RESULTED_IN
337,4450,RESULTED_IN
338,4449,RESULTED_IN
339,4450,RESULTED_IN
340,4449,RESULTED_IN
341,4449,RESULTED_IN
343,4449,RESULTED_IN
345,4448,RESULTED_IN
345,4449,RESULTED_IN
346,4449,RESULTED_IN
347,4449,RESULTED_IN
347,4450,RESULTED_IN
348,4449,RESULTED_IN
348,4450,RESULTED_IN
349,4448,RESULTED_IN
349,4449,RESULTED_IN
350,4449,RESULTED_IN
351,4449,RESULTED_IN
352,4450,RESULTED_IN
353,4449,RESULTED_IN
354,4450,RESULTED_IN
355,4449,RESULTED_IN
355,4450,RESULTED_IN
357,4450,RESULTED_IN
358,4449,RESULTED_IN
359,4450,RESULTED_IN
360,4450,RESULTED_IN
361,4449,RESULTED_IN
363,4450,RESULTED_IN
363,4448,RESULTED_IN
364,4448,RESULTED_IN
365,4449,RESULTED_IN
367,4449,RESULTED_IN
368,4450,RESULTED_IN
370,4449,RESULTED_IN
371,4450,RESULTED_IN
372,4450,RESULTED_IN
373,4450,RESULTED_IN
374,4450,RESULTED_IN
375,4450,RESULTED_IN
376,4450,RESULTED_IN
377,4450,RESULTED_IN
378,4450,RESULTED_IN
379,4450,RESULTED_IN
380,4450,RESULTED_IN
381,4450,RESULTED_IN
381,4449,RESULTED_IN
382,4450,RESULTED_IN
383,4449,RESULTED_IN
384,4450,RESULTED_IN
385,4450,RESULTED_IN
386,4450,RESULTED_IN
387,4450,RESULTED_IN
387,4452,RESULTED_IN
388,4449,RESULTED_IN
389,4450,RESULTED_IN
392,4450,RESULTED_IN
393,4449,RESULTED_IN
394,4450,RESULTED_IN
395,4450,RESULTED_IN
395,4448,RESULTED_IN
396,4450,RESULTED_IN
399,4449,RESULTED_IN
399,4450,RESULTED_IN
401,4449,RESULTED_IN
403,4449,RESULTED_IN
403,4451,RESULTED_IN
406,4450,RESULTED_IN
407,4449,RESULTED_IN
408,4450,RESULTED_IN
408,4449,RESULTED_IN
409,4450,RESULTED_IN
416,4449,RESULTED_IN
416,4448,RESULTED_IN
417,4449,RESULTED_IN
418,4449,RESULTED_IN
419,4449,RESULTED_IN
420,4449,RESULTED_IN
421,4449,RESULTED_IN
422,4449,RESULTED_IN
423,4450,RESULTED_IN
424,4448,RESULTED_IN
426,4450,RESULTED_IN
427,4450,RESULTED_IN
427,4449,RESULTED_IN
428,4449,RESULTED_IN
429,4449,RESULTED_IN
430,4449,RESULTED_IN
431,4450,RESULTED_IN
431,4449,RESULTED_IN
432,4449,RESULTED_IN
433,4450,RESULTED_IN
434,4450,RESULTED_IN
435,4450,RESULTED_IN
436,4450,RESULTED_IN
437,4450,RESULTED_IN
438,4452,RESULTED_IN
439,4450,RESULTED_IN
440,4449,RESULTED_IN
441,4449,RESULTED_IN
442,4449,RESULTED_IN
442,4450,RESULTED_IN
444,4450,RESULTED_IN
446,4449,RESULTED_IN
446,4450,RESULTED_IN
447,4449,RESULTED_IN
448,4449,RESULTED_IN
448,4450,RESULTED_IN
449,4450,RESULTED_IN
450,4450,RESULTED_IN
451,4451,RESULTED_IN
451,4449,RESULTED_IN
451,4448,RESULTED_IN
452,4449,RESULTED_IN
453,4450,RESULTED_IN
454,4450,RESULTED_IN
455,4450,RESULTED_IN
455,4448,RESULTED_IN
455,4449,RESULTED_IN
456,4450,RESULTED_IN
457,4450,RESULTED_IN
458,4450,RESULTED_IN
458,4449,RESULTED_IN
461,4449,RESULTED_IN
461,4450,RESULTED_IN
462,4450,RESULTED_IN
464,4450,RESULTED_IN
465,4449,RESULTED_IN
466,4449,RESULTED_IN
468,4450,RESULTED_IN
468,4449,RESULTED_IN
468,4451,RESULTED_IN
468,4448,RESULTED_IN
469,4449,RESULTED_IN
470,4450,RESULTED_IN
471,4450,RESULTED_IN
472,4449,RESULTED_IN
473,4449,RESULTED_IN
474,4450,RESULTED_IN
475,4449,RESULTED_IN
476,4450,RESULTED_IN
478,4450,RESULTED_IN
479,4450,RESULTED_IN
480,4449,RESULTED_IN
480,4448,RESULTED_IN
483,4448,RESULTED_IN
484,4450,RESULTED_IN
484,4449,RESULTED_IN
485,4450,RESULTED_IN
487,4449,RESULTED_IN
488,4450,RESULTED_IN
490,4449,RESULTED_IN
491,4449,RESULTED_IN
492,4450,RESULTED_IN
493,4450,RESULTED_IN
493,4449,RESULTED_IN
494,4449,RESULTED_IN
495,4449,RESULTED_IN
496,4449,RESULTED_IN
497,4449,RESULTED_IN
498,4449,RESULTED_IN
499,4450,RESULTED_IN
500,4449,RESULTED_IN
501,4449,RESULTED_IN
504,4450,RESULTED_IN
505,4450,RESULTED_IN
506,4449,RESULTED_IN
506,4448,RESULTED_IN
507,4449,RESULTED_IN
507,4450,RESULTED_IN
509,4449,RESULTED_IN
509,4450,RESULTED_IN
510,4450,RESULTED_IN
511,4449,RESULTED_IN
512,4449,RESULTED_IN
512,4450,RESULTED_IN
513,4450,RESULTED_IN
514,4450,RESULTED_IN
515,4449,RESULTED_IN
516,4449,RESULTED_IN
517,4450,RESULTED_IN
518,4449,RESULTED_IN
519,4449,RESULTED_IN
520,4450,RESULTED_IN
521,4450,RESULTED_IN
521,4449,RESULTED_IN
521,4451,RESULTED_IN
522,4449,RESULTED_IN
523,4449,RESULTED_IN
524,4450,RESULTED_IN
524,4449,RESULTED_IN
525,4450,RESULTED_IN
526,4450,RESULTED_IN
529,4449,RESULTED_IN
529,4451,RESULTED_IN
530,4450,RESULTED_IN
530,4449,RESULTED_IN
531,4450,RESULTED_IN
532,4450,RESULTED_IN
537,4450,RESULTED_IN
537,4449,RESULTED_IN
538,4450,RESULTED_IN
539,4450,RESULTED_IN
541,4449,RESULTED_IN
542,4450,RESULTED_IN
542,4449,RESULTED_IN
543,4449,RESULTED_IN
549,4450,RESULTED_IN
550,4450,RESULTED_IN
551,4450,RESULTED_IN
553,4450,RESULTED_IN
554,4449,RESULTED_IN
555,4450,RESULTED_IN
556,4449,RESULTED_IN
556,4448,RESULTED_IN
557,4451,RESULTED_IN
557,4448,RESULTED_IN
557,4449,RESULTED_IN
557,4450,RESULTED_IN
558,4450,RESULTED_IN
559,4450,RESULTED_IN
560,4449,RESULTED_IN
561,4449,RESULTED_IN
561,4450,RESULTED_IN
562,4449,RESULTED_IN
563,4449,RESULTED_IN
564,4449,RESULTED_IN
564,4450,RESULTED_IN
565,4450,RESULTED_IN
565,4449,RESULTED_IN
566,4450,RESULTED_IN
566,4448,RESULTED_IN
567,4450,RESULTED_IN
568,4449,RESULTED_IN
569,4449,RESULTED_IN
570,4451,RESULTED_IN
570,4450,RESULTED_IN
570,4449,RESULTED_IN
571,4451,RESULTED_IN
572,4449,RESULTED_IN
574,4449,RESULTED_IN
575,4449,RESULTED_IN
576,4449,RESULTED_IN
577,4450,RESULTED_IN
578,4449,RESULTED_IN
579,4449,RESULTED_IN
581,4449,RESULTED_IN
582,4450,RESULTED_IN
583,4449,RESULTED_IN
584,4449,RESULTED_IN
584,4450,RESULTED_IN
585,4449,RESULTED_IN
585,4450,RESULTED_IN
586,4449,RESULTED_IN
587,4449,RESULTED_IN
588,4449,RESULTED_IN
589,4449,RESULTED_IN
590,4449,RESULTED_IN
591,4450,RESULTED_IN
592,4449,RESULTED_IN
592,4450,RESULTED_IN
593,4450,RESULTED_IN
594,4450,RESULTED_IN
595,4450,RESULTED_IN
596,4449,RESULTED_IN
597,4449,RESULTED_IN
598,4449,RESULTED_IN
598,4451,RESULTED_IN
599,4450,RESULTED_IN
600,4450,RESULTED_IN
600,4449,RESULTED_IN
601,4448,RESULTED_IN
604,4450,RESULTED_IN
605,4448,RESULTED_IN
605,4450,RESULTED_IN
606,4449,RESULTED_IN
607,4449,RESULTED_IN
608,4448,RESULTED_IN
608,4449,RESULTED_IN
609,4449,RESULTED_IN
609,4451,RESULTED_IN
609,4450,RESULTED_IN
609,4448,RESULTED_IN
610,4450,RESULTED_IN
611,4450,RESULTED_IN
612,4450,RESULTED_IN
613,4450,RESULTED_IN
614,4450,RESULTED_IN
615,4450,RESULTED_IN
616,4450,RESULTED_IN
617,4450,RESULTED_IN
618,4450,RESULTED_IN
619,4450,RESULTED_IN
620,4450,RESULTED_IN
621,4450,RESULTED_IN
622,4448,RESULTED_IN
622,4450,RESULTED_IN
623,4449,RESULTED_IN
624,4449,RESULTED_IN
624,4450,RESULTED_IN
626,4449,RESULTED_IN
626,4450,RESULTED_IN
627,4449,RESULTED_IN
628,4448,RESULTED_IN
628,4449,RESULTED_IN
628,4450,RESULTED_IN
629,4449,RESULTED_IN
630,4450,RESULTED_IN
631,4450,RESULTED_IN
632,4449,RESULTED_IN
633,4451,RESULTED_IN
633,4449,RESULTED_IN
633,4448,RESULTED_IN
633,4450,RESULTED_IN
634,4449,RESULTED_IN
635,4449,RESULTED_IN
636,4449,RESULTED_IN
637,4448,RESULTED_IN
637,4449,RESULTED_IN
639,4449,RESULTED_IN
642,4449,RESULTED_IN
643,4450,RESULTED_IN
644,4449,RESULTED_IN
645,4449,RESULTED_IN
646,4451,RESULTED_IN
648,4450,RESULTED_IN
650,4448,RESULTED_IN
651,4449,RESULTED_IN
652,4449,RESULTED_IN
654,4448,RESULTED_IN
654,4449,RESULTED_IN
655,4449,RESULTED_IN
655,4450,RESULTED_IN
656,4450,RESULTED_IN
656,4451,RESULTED_IN
657,4450,RESULTED_IN
658,4450,RESULTED_IN
659,4449,RESULTED_IN
659,4450,RESULTED_IN
660,4450,RESULTED_IN
661,4450,RESULTED_IN
662,4450,RESULTED_IN
664,4450,RESULTED_IN
665,4450,RESULTED_IN
665,4449,RESULTED_IN
666,4449,RESULTED_IN
667,4450,RESULTED_IN
668,4449,RESULTED_IN
668,4450,RESULTED_IN
669,4450,RESULTED_IN
670,4450,RESULTED_IN
671,4451,RESULTED_IN
671,4450,RESULTED_IN
672,4449,RESULTED_IN
672,4450,RESULTED_IN
673,4450,RESULTED_IN
673,4451,RESULTED_IN
673,4449,RESULTED_IN
673,4448,RESULTED_IN
674,4449,RESULTED_IN
674,4448,RESULTED_IN
675,4449,RESULTED_IN
676,4449,RESULTED_IN
676,4450,RESULTED_IN
682,4450,RESULTED_IN
682,4448,RESULTED_IN
682,4449,RESULTED_IN
683,4450,RESULTED_IN
685,4450,RESULTED_IN
686,4450,RESULTED_IN
690,4450,RESULTED_IN
691,4451,RESULTED_IN
691,4449,RESULTED_IN
691,4450,RESULTED_IN
692,4449,RESULTED_IN
693,4449,RESULTED_IN
693,4450,RESULTED_IN
694,4450,RESULTED_IN
694,4449,RESULTED_IN
695,4449,RESULTED_IN
695,4450,RESULTED_IN
696,4449,RESULTED_IN
697,4449,RESULTED_IN
697,4450,RESULTED_IN
700,4450,RESULTED_IN
701,4449,RESULTED_IN
702,4450,RESULTED_IN
703,4449,RESULTED_IN
705,4450,RESULTED_IN
706,4450,RESULTED_IN
706,4449,RESULTED_IN
707,4450,RESULTED_IN
709,4450,RESULTED_IN
712,4450,RESULTED_IN
713,4450,RESULTED_IN
714,4449,RESULTED_IN
717,4448,RESULTED_IN
717,4449,RESULTED_IN
720,4450,RESULTED_IN
720,4449,RESULTED_IN
721,4449,RESULTED_IN
722,4449,RESULTED_IN
722,4450,RESULTED_IN
724,4449,RESULTED_IN
724,4450,RESULTED_IN
725,4448,RESULTED_IN
725,4450,RESULTED_IN
726,4450,RESULTED_IN
727,4450,RESULTED_IN
728,4449,RESULTED_IN
728,4450,RESULTED_IN
729,4449,RESULTED_IN
730,4450,RESULTED_IN
731,4449,RESULTED_IN
732,4450,RESULTED_IN
732,4449,RESULTED_IN
733,4450,RESULTED_IN
734,4448,RESULTED_IN
734,4450,RESULTED_IN
734,4449,RESULTED_IN
734,4452,RESULTED_IN
735,4450,RESULTED_IN
736,4449,RESULTED_IN
736,4450,RESULTED_IN
737,4450,RESULTED_IN
738,4449,RESULTED_IN
738,4450,RESULTED_IN
739,4450,RESULTED_IN
740,4452,RESULTED_IN
740,4448,RESULTED_IN
740,4449,RESULTED_IN
740,4450,RESULTED_IN
740,4451,RESULTED_IN
741,4450,RESULTED_IN
741,4449,RESULTED_IN
742,4450,RESULTED_IN
743,4450,RESULTED_IN
744,4450,RESULTED_IN
745,4450,RESULTED_IN
745,4449,RESULTED_IN
746,4449,RESULTED_IN
748,4450,RESULTED_IN
748,4449,RESULTED_IN
748,4451,RESULTED_IN
749,4450,RESULTED_IN
753,4450,RESULTED_IN
754,4452,RESULTED_IN
755,4450,RESULTED_IN
755,4449,RESULTED_IN
756,4449,RESULTED_IN
756,4448,RESULTED_IN
757,4450,RESULTED_IN
758,4449,RESULTED_IN
762,4449,RESULTED_IN
762,4450,RESULTED_IN
763,4450,RESULTED_IN
764,4449,RESULTED_IN
764,4451,RESULTED_IN
765,4449,RESULTED_IN
766,4449,RESULTED_IN
766,4450,RESULTED_IN
767,4450,RESULTED_IN
769,4450,RESULTED_IN
770,4448,RESULTED_IN
770,4449,RESULTED_IN
771,4450,RESULTED_IN
771,4449,RESULTED_IN
772,4450,RESULTED_IN
773,4449,RESULTED_IN
773,4451,RESULTED_IN
775,4450,RESULTED_IN
776,4449,RESULTED_IN
776,4450,RESULTED_IN
777,4450,RESULTED_IN
778,4450,RESULTED_IN
779,4449,RESULTED_IN
779,4450,RESULTED_IN
780,4450,RESULTED_IN
781,4450,RESULTED_IN
782,4449,RESULTED_IN
782,4450,RESULTED_IN
783,4449,RESULTED_IN
784,4450,RESULTED_IN
784,4449,RESULTED_IN
785,4450,RESULTED_IN
785,4451,RESULTED_IN
785,4452,RESULTED_IN
786,4450,RESULTED_IN
787,4450,RESULTED_IN
788,4449,RESULTED_IN
788,4450,RESULTED_IN
790,4449,RESULTED_IN
790,4450,RESULTED_IN
791,4449,RESULTED_IN
791,4450,RESULTED_IN
792,4450,RESULTED_IN
793,4450,RESULTED_IN
794,4449,RESULTED_IN
794,4448,RESULTED_IN
800,4451,RESULTED_IN
800,4450,RESULTED_IN
800,4449,RESULTED_IN
801,4448,RESULTED_IN
802,4450,RESULTED_IN
802,4449,RESULTED_IN
804,4450,RESULTED_IN
805,4450,RESULTED_IN
806,4448,RESULTED_IN
806,4450,RESULTED_IN
807,4449,RESULTED_IN
808,4449,RESULTED_IN
809,4449,RESULTED_IN
809,4451,RESULTED_IN
809,4448,RESULTED_IN
815,4450,RESULTED_IN
815,4449,RESULTED_IN
816,4450,RESULTED_IN
819,4450,RESULTED_IN
820,4450,RESULTED_IN
821,4450,RESULTED_IN
821,4449,RESULTED_IN
822,4450,RESULTED_IN
822,4449,RESULTED_IN
824,4449,RESULTED_IN
825,4450,RESULTED_IN
825,4449,RESULTED_IN
826,4450,RESULTED_IN
826,4451,RESULTED_IN
827,4450,RESULTED_IN
828,4449,RESULTED_IN
828,4448,RESULTED_IN
828,4450,RESULTED_IN
829,4449,RESULTED_IN
829,4450,RESULTED_IN
830,4449,RESULTED_IN
832,4450,RESULTED_IN
833,4450,RESULTED_IN
833,4449,RESULTED_IN
835,4450,RESULTED_IN
835,4449,RESULTED_IN
836,4450,RESULTED_IN
836,4448,RESULTED_IN
836,4449,RESULTED_IN
837,4449,RESULTED_IN
838,4450,RESULTED_IN
838,4449,RESULTED_IN
839,4450,RESULTED_IN
839,4449,RESULTED_IN
841,4450,RESULTED_IN
842,4450,RESULTED_IN
843,4450,RESULTED_IN
844,4450,RESULTED_IN
846,4449,RESULTED_IN
846,4451,RESULTED_IN
846,4452,RESULTED_IN
846,4448,RESULTED_IN
847,4450,RESULTED_IN
850,4450,RESULTED_IN
850,4449,RESULTED_IN
850,4448,RESULTED_IN
851,4449,RESULTED_IN
852,4449,RESULTED_IN
853,4449,RESULTED_IN
853,4448,RESULTED_IN
854,4450,RESULTED_IN
855,4449,RESULTED_IN
857,4450,RESULTED_IN
858,4449,RESULTED_IN
858,4450,RESULTED_IN
859,4450,RESULTED_IN
860,4449,RESULTED_IN
860,4450,RESULTED_IN
861,4450,RESULTED_IN
862,4449,RESULTED_IN
862,4450,RESULTED_IN
864,4448,RESULTED_IN
864,4449,RESULTED_IN
864,4450,RESULTED_IN
865,4450,RESULTED_IN
866,4449,RESULTED_IN
866,4451,RESULTED_IN
867,4449,RESULTED_IN
869,4451,RESULTED_IN
871,4449,RESULTED_IN
871,4451,RESULTED_IN
872,4450,RESULTED_IN
872,4448,RESULTED_IN
873,4450,RESULTED_IN
873,4449,RESULTED_IN
874,4450,RESULTED_IN
875,4448,RESULTED_IN
875,4449,RESULTED_IN
876,4450,RESULTED_IN
877,4450,RESULTED_IN
878,4450,RESULTED_IN
879,4450,RESULTED_IN
880,4450,RESULTED_IN
881,4450,RESULTED_IN
882,4449,RESULTED_IN
882,4450,RESULTED_IN
882,4448,RESULTED_IN
888,4450,RESULTED_IN
888,4449,RESULTED_IN
889,4451,RESULTED_IN
889,4450,RESULTED_IN
890,4450,RESULTED_IN
891,4450,RESULTED_IN
892,4450,RESULTED_IN
894,4449,RESULTED_IN
895,4450,RESULTED_IN
895,4451,RESULTED_IN
895,4449,RESULTED_IN
897,4449,RESULTED_IN
898,4450,RESULTED_IN
899,4450,RESULTED_IN
899,4449,RESULTED_IN
900,4449,RESULTED_IN
901,4450,RESULTED_IN
902,4450,RESULTED_IN
903,4448,RESULTED_IN
903,4449,RESULTED_IN
904,4450,RESULTED_IN
904,4449,RESULTED_IN
905,4449,RESULTED_IN
905,4450,RESULTED_IN
906,4449,RESULTED_IN
909,4450,RESULTED_IN
910,4450,RESULTED_IN
912,4450,RESULTED_IN
912,4449,RESULTED_IN
913,4450,RESULTED_IN
914,4450,RESULTED_IN
914,4449,RESULTED_IN
915,4450,RESULTED_IN
915,4449,RESULTED_IN
916,4450,RESULTED_IN
917,4449,RESULTED_IN
918,4449,RESULTED_IN
918,4450,RESULTED_IN
918,4448,RESULTED_IN
919,4450,RESULTED_IN
919,4449,RESULTED_IN
921,4449,RESULTED_IN
921,4450,RESULTED_IN
922,4450,RESULTED_IN
923,4450,RESULTED_IN
926,4450,RESULTED_IN
927,4450,RESULTED_IN
928,4450,RESULTED_IN
929,4449,RESULTED_IN
930,4449,RESULTED_IN
930,4450,RESULTED_IN
931,4449,RESULTED_IN
932,4450,RESULTED_IN
934,4451,RESULTED_IN
934,4449,RESULTED_IN
934,4450,RESULTED_IN
935,4449,RESULTED_IN
936,4450,RESULTED_IN
937,4450,RESULTED_IN
938,4450,RESULTED_IN
939,4449,RESULTED_IN
950,4450,RESULTED_IN
950,4449,RESULTED_IN
951,4450,RESULTED_IN
952,4449,RESULTED_IN
953,4449,RESULTED_IN
955,4450,RESULTED_IN
956,4449,RESULTED_IN
957,4450,RESULTED_IN
958,4450,RESULTED_IN
959,4450,RESULTED_IN
959,4449,RESULTED_IN
960,4450,RESULTED_IN
960,4449,RESULTED_IN
961,4449,RESULTED_IN
962,4450,RESULTED_IN
962,4449,RESULTED_IN
963,4450,RESULTED_IN
963,4449,RESULTED_IN
964,4450,RESULTED_IN
965,4450,RESULTED_IN
965,4449,RESULTED_IN
966,4449,RESULTED_IN
966,4450,RESULTED_IN
966,4451,RESULTED_IN
967,4450,RESULTED_IN
967,4449,RESULTED_IN
968,4450,RESULTED_IN
970,4450,RESULTED_IN
970,4449,RESULTED_IN
973,4449,RESULTED_IN
974,4449,RESULTED_IN
977,4450,RESULTED_IN
979,4448,RESULTED_IN
979,4450,RESULTED_IN
979,4449,RESULTED_IN
980,4450,RESULTED_IN
980,4449,RESULTED_IN
982,4449,RESULTED_IN
982,4450,RESULTED_IN
983,4450,RESULTED_IN
984,4450,RESULTED_IN
986,4449,RESULTED_IN
987,4448,RESULTED_IN
989,4450,RESULTED_IN
989,4449,RESULTED_IN
990,4450,RESULTED_IN
991,4448,RESULTED_IN
991,4450,RESULTED_IN
996,4450,RESULTED_IN
997,4449,RESULTED_IN
999,4449,RESULTED_IN
999,4450,RESULTED_IN
1000,4450,RESULTED_IN
1001,4449,RESULTED_IN
1001,4450,RESULTED_IN
1002,4450,RESULTED_IN
1004,4450,RESULTED_IN
1005,4449,RESULTED_IN
1006,4450,RESULTED_IN
1008,4450,RESULTED_IN
1008,4449,RESULTED_IN
1009,4450,RESULTED_IN
1010,4450,RESULTED_IN
1011,4449,RESULTED_IN
1011,4450,RESULTED_IN
1014,4450,RESULTED_IN
1014,4449,RESULTED_IN
1015,4450,RESULTED_IN
1016,4449,RESULTED_IN
1016,4450,RESULTED_IN
1017,4449,RESULTED_IN
1018,4449,RESULTED_IN
1019,4450,RESULTED_IN
1019,4449,RESULTED_IN
1020,4450,RESULTED_IN
1021,4450,RESULTED_IN
1022,4449,RESULTED_IN
1023,4450,RESULTED_IN
1024,4449,RESULTED_IN
1025,4449,RESULTED_IN
1025,4450,RESULTED_IN
1026,4450,RESULTED_IN
1026,4448,RESULTED_IN
1026,4449,RESULTED_IN
1026,4451,RESULTED_IN
1029,4450,RESULTED_IN
1030,4448,RESULTED_IN
1030,4449,RESULTED_IN
1032,4450,RESULTED_IN
1033,4450,RESULTED_IN
1033,4449,RESULTED_IN
1034,4449,RESULTED_IN
1034,4450,RESULTED_IN
1035,4450,RESULTED_IN
1036,4449,RESULTED_IN
1036,4450,RESULTED_IN
1039,4449,RESULTED_IN
1039,4450,RESULTED_IN
1040,4450,RESULTED_IN
1041,4450,RESULTED_IN
1043,4450,RESULTED_IN
1043,4449,RESULTED_IN
1044,4449,RESULTED_IN
1044,4450,RESULTED_IN
1045,4449,RESULTED_IN
1045,4450,RESULTED_IN
1047,4451,RESULTED_IN
1047,4449,RESULTED_IN
1047,4452,RESULTED_IN
1047,4450,RESULTED_IN
1048,4449,RESULTED_IN
1052,4450,RESULTED_IN
1052,4449,RESULTED_IN
1054,4449,RESULTED_IN
1055,4450,RESULTED_IN
1057,4450,RESULTED_IN
1057,4448,RESULTED_IN
1057,4449,RESULTED_IN
1059,4449,RESULTED_IN
1060,4450,RESULTED_IN
1061,4450,RESULTED_IN
1061,4449,RESULTED_IN
1062,4449,RESULTED_IN
1063,4449,RESULTED_IN
1063,4450,RESULTED_IN
1064,4449,RESULTED_IN
1065,4449,RESULTED_IN
1065,4448,RESULTED_IN
1066,4450,RESULTED_IN
1068,4450,RESULTED_IN
1069,4449,RESULTED_IN
1071,4448,RESULTED_IN
1072,4448,RESULTED_IN
1072,4450,RESULTED_IN
1075,4450,RESULTED_IN
1076,4450,RESULTED_IN
1077,4450,RESULTED_IN
1077,4449,RESULTED_IN
1080,4448,RESULTED_IN
1080,4450,RESULTED_IN
1081,4450,RESULTED_IN
1081,4449,RESULTED_IN
1082,4449,RESULTED_IN
1083,4450,RESULTED_IN
1083,4449,RESULTED_IN
1084,4448,RESULTED_IN
1084,4450,RESULTED_IN
1085,4450,RESULTED_IN
1086,4449,RESULTED_IN
1087,4451,RESULTED_IN
1088,4450,RESULTED_IN
1089,4449,RESULTED_IN
1090,4449,RESULTED_IN
1091,4450,RESULTED_IN
1092,4449,RESULTED_IN
1092,4450,RESULTED_IN
1093,4450,RESULTED_IN
1094,4452,RESULTED_IN
1094,4450,RESULTED_IN
1095,4450,RESULTED_IN
1098,4450,RESULTED_IN
1098,4449,RESULTED_IN
1100,4450,RESULTED_IN
1101,4449,RESULTED_IN
1101,4450,RESULTED_IN
1103,4450,RESULTED_IN
1105,4450,RESULTED_IN
1107,4450,RESULTED_IN
1110,4450,RESULTED_IN
1111,4451,RESULTED_IN
1111,4450,RESULTED_IN
1111,4449,RESULTED_IN
1112,4450,RESULTED_IN
1113,4450,RESULTED_IN
1113,4449,RESULTED_IN
1114,4450,RESULTED_IN
1114,4449,RESULTED_IN
1115,4450,RESULTED_IN
1117,4448,RESULTED_IN
1117,4449,RESULTED_IN
1118,4449,RESULTED_IN
1119,4449,RESULTED_IN
1120,4450,RESULTED_IN
1121,4449,RESULTED_IN
1121,4450,RESULTED_IN
1121,4452,RESULTED_IN
1122,4450,RESULTED_IN
1123,4450,RESULTED_IN
1125,4450,RESULTED_IN
1126,4450,RESULTED_IN
1126,4449,RESULTED_IN
1126,4452,RESULTED_IN
1128,4450,RESULTED_IN
1130,4450,RESULTED_IN
1132,4449,RESULTED_IN
1132,4450,RESULTED_IN
1133,4450,RESULTED_IN
1135,4450,RESULTED_IN
1135,4449,RESULTED_IN
1137,4450,RESULTED_IN
1137,4449,RESULTED_IN
1138,4450,RESULTED_IN
1138,4449,RESULTED_IN
1140,4450,RESULTED_IN
1141,4451,RESULTED_IN
1141,4449,RESULTED_IN
1141,4450,RESULTED_IN
1142,4450,RESULTED_IN
1142,4448,RESULTED_IN
1143,4450,RESULTED_IN
1144,4450,RESULTED_IN
1144,4449,RESULTED_IN
1145,4450,RESULTED_IN
1146,4449,RESULTED_IN
1147,4450,RESULTED_IN
1147,4449,RESULTED_IN
1148,4450,RESULTED_IN
1148,4449,RESULTED_IN
1149,4449,RESULTED_IN
1149,4450,RESULTED_IN
1151,4449,RESULTED_IN
1151,4450,RESULTED_IN
1152,4450,RESULTED_IN
1154,4450,RESULTED_IN
1154,4448,RESULTED_IN
1156,4449,RESULTED_IN
1156,4450,RESULTED_IN
1157,4450,RESULTED_IN
1158,4450,RESULTED_IN
1161,4450,RESULTED_IN
1161,4449,RESULTED_IN
1162,4449,RESULTED_IN
1163,4450,RESULTED_IN
1163,4451,RESULTED_IN
1163,4449,RESULTED_IN
1163,4448,RESULTED_IN
1164,4450,RESULTED_IN
1165,4450,RESULTED_IN
1165,4449,RESULTED_IN
1167,4449,RESULTED_IN
1167,4450,RESULTED_IN
1168,4450,RESULTED_IN
1168,4449,RESULTED_IN
1169,4450,RESULTED_IN
1169,4449,RESULTED_IN
1170,4450,RESULTED_IN
1170,4449,RESULTED_IN
1172,4450,RESULTED_IN
1174,4449,RESULTED_IN
1175,4450,RESULTED_IN
1175,4449,RESULTED_IN
1178,4450,RESULTED_IN
1179,4450,RESULTED_IN
1179,4449,RESULTED_IN
1180,4450,RESULTED_IN
1181,4450,RESULTED_IN
1182,4450,RESULTED_IN
1182,4449,RESULTED_IN
1183,4450,RESULTED_IN
1184,4451,RESULTED_IN
1184,4449,RESULTED_IN
1184,4450,RESULTED_IN
1185,4449,RESULTED_IN
1185,4450,RESULTED_IN
1185,4448,RESULTED_IN
1188,4450,RESULTED_IN
1188,4449,RESULTED_IN
1189,4449,RESULTED_IN
1191,4449,RESULTED_IN
1193,4449,RESULTED_IN
1194,4451,RESULTED_IN
1194,4448,RESULTED_IN
1194,4449,RESULTED_IN
1195,4449,RESULTED_IN
1195,4450,RESULTED_IN
1198,4450,RESULTED_IN
1199,4449,RESULTED_IN
1200,4450,RESULTED_IN
1200,4449,RESULTED_IN
1201,4450,RESULTED_IN
1201,4449,RESULTED_IN
1202,4450,RESULTED_IN
1203,4450,RESULTED_IN
1204,4449,RESULTED_IN
1204,4450,RESULTED_IN
1205,4450,RESULTED_IN
1206,4451,RESULTED_IN
1206,4449,RESULTED_IN
1207,4449,RESULTED_IN
1207,4448,RESULTED_IN
1215,4449,RESULTED_IN
1215,4450,RESULTED_IN
1216,4450,RESULTED_IN
1219,4449,RESULTED_IN
1219,4450,RESULTED_IN
1220,4450,RESULTED_IN
1221,4449,RESULTED_IN
1221,4448,RESULTED_IN
1222,4450,RESULTED_IN
1223,4450,RESULTED_IN
1224,4449,RESULTED_IN
1224,4450,RESULTED_IN
1225,4450,RESULTED_IN
1228,4450,RESULTED_IN
1228,4448,RESULTED_IN
1229,4449,RESULTED_IN
1229,4450,RESULTED_IN
1230,4450,RESULTED_IN
1230,4449,RESULTED_IN
1231,4452,RESULTED_IN
1231,4449,RESULTED_IN
1233,4449,RESULTED_IN
1235,4450,RESULTED_IN
1235,4449,RESULTED_IN
1236,4448,RESULTED_IN
1236,4450,RESULTED_IN
1237,4450,RESULTED_IN
1238,4449,RESULTED_IN
1239,4448,RESULTED_IN
1239,4450,RESULTED_IN
1240,4450,RESULTED_IN
1241,4450,RESULTED_IN
1242,4450,RESULTED_IN
1243,4450,RESULTED_IN
1244,4450,RESULTED_IN
1244,4449,RESULTED_IN
1246,4450,RESULTED_IN
1247,4450,RESULTED_IN
1247,4449,RESULTED_IN
1247,4448,RESULTED_IN
1248,4450,RESULTED_IN
1250,4450,RESULTED_IN
1252,4450,RESULTED_IN
1254,4449,RESULTED_IN
1256,4449,RESULTED_IN
1257,4451,RESULTED_IN
1257,4449,RESULTED_IN
1257,4450,RESULTED_IN
1258,4449,RESULTED_IN
1258,4450,RESULTED_IN
1259,4449,RESULTED_IN
1260,4449,RESULTED_IN
1262,4449,RESULTED_IN
1262,4452,RESULTED_IN
1263,4449,RESULTED_IN
1264,4449,RESULTED_IN
1267,4449,RESULTED_IN
1267,4450,RESULTED_IN
1268,4450,RESULTED_IN
1268,4449,RESULTED_IN
1269,4450,RESULTED_IN
1271,4450,RESULTED_IN
1272,4450,RESULTED_IN
1273,4449,RESULTED_IN
1274,4451,RESULTED_IN
1274,4449,RESULTED_IN
1274,4448,RESULTED_IN
1275,4450,RESULTED_IN
1276,4449,RESULTED_IN
1276,4450,RESULTED_IN
1277,4449,RESULTED_IN
1279,4450,RESULTED_IN
1280,4450,RESULTED_IN
1280,4449,RESULTED_IN
1283,4450,RESULTED_IN
1284,4450,RESULTED_IN
1285,4450,RESULTED_IN
1286,4450,RESULTED_IN
1288,4450,RESULTED_IN
1289,4449,RESULTED_IN
1290,4450,RESULTED_IN
1290,4449,RESULTED_IN
1291,4449,RESULTED_IN
1291,4450,RESULTED_IN
1294,4449,RESULTED_IN
1296,4449,RESULTED_IN
1296,4450,RESULTED_IN
1297,4450,RESULTED_IN
1299,4449,RESULTED_IN
1301,4450,RESULTED_IN
1301,4451,RESULTED_IN
1301,4449,RESULTED_IN
1302,4451,RESULTED_IN
1302,4449,RESULTED_IN
1303,4450,RESULTED_IN
1303,4452,RESULTED_IN
1303,4448,RESULTED_IN
1304,4449,RESULTED_IN
1305,4450,RESULTED_IN
1306,4450,RESULTED_IN
1307,4449,RESULTED_IN
1308,4450,RESULTED_IN
1309,4450,RESULTED_IN
1313,4450,RESULTED_IN
1316,4449,RESULTED_IN
1317,4450,RESULTED_IN
1319,4450,RESULTED_IN
1320,4448,RESULTED_IN
1320,4449,RESULTED_IN
1320,4450,RESULTED_IN
1323,4450,RESULTED_IN
1324,4450,RESULTED_IN
1324,4448,RESULTED_IN
1325,4450,RESULTED_IN
1325,4449,RESULTED_IN
1339,4450,RESULTED_IN
1340,4448,RESULTED_IN
1342,4449,RESULTED_IN
1351,4450,RESULTED_IN
1351,4452,RESULTED_IN
1351,4449,RESULTED_IN
1353,4450,RESULTED_IN
1356,4450,RESULTED_IN
1358,4450,RESULTED_IN
1358,4449,RESULTED_IN
1360,4449,RESULTED_IN
1360,4450,RESULTED_IN
1363,4449,RESULTED_IN
1364,4449,RESULTED_IN
1365,4450,RESULTED_IN
1365,4449,RESULTED_IN
1367,4449,RESULTED_IN
1367,4450,RESULTED_IN
1368,4450,RESULTED_IN
1369,4449,RESULTED_IN
1371,4449,RESULTED_IN
1371,4450,RESULTED_IN
1372,4448,RESULTED_IN
1372,4450,RESULTED_IN
1372,4449,RESULTED_IN
1374,4449,RESULTED_IN
1374,4448,RESULTED_IN
1375,4450,RESULTED_IN
1377,4450,RESULTED_IN
1378,4450,RESULTED_IN
1379,4449,RESULTED_IN
1381,4450,RESULTED_IN
1382,4450,RESULTED_IN
1383,4449,RESULTED_IN
1384,4450,RESULTED_IN
1384,4449,RESULTED_IN
1385,4450,RESULTED_IN
1385,4449,RESULTED_IN
1387,4449,RESULTED_IN
1387,4448,RESULTED_IN
1389,4450,RESULTED_IN
1390,4449,RESULTED_IN
1390,4450,RESULTED_IN
1393,4450,RESULTED_IN
1394,4449,RESULTED_IN
1395,4449,RESULTED_IN
1397,4450,RESULTED_IN
1397,4449,RESULTED_IN
1400,4449,RESULTED_IN
1400,4450,RESULTED_IN
1401,4451,RESULTED_IN
1401,4449,RESULTED_IN
1401,4450,RESULTED_IN
1402,4450,RESULTED_IN
1402,4449,RESULTED_IN
1403,4450,RESULTED_IN
1405,4450,RESULTED_IN
1405,4448,RESULTED_IN
1406,4449,RESULTED_IN
1407,4449,RESULTED_IN
1408,4452,RESULTED_IN
1408,4450,RESULTED_IN
1410,4449,RESULTED_IN
1410,4450,RESULTED_IN
1411,4450,RESULTED_IN
1412,4450,RESULTED_IN
1412,4449,RESULTED_IN
1412,4451,RESULTED_IN
1413,4449,RESULTED_IN
1415,4450,RESULTED_IN
1415,4449,RESULTED_IN
1417,4450,RESULTED_IN
1419,4450,RESULTED_IN
1421,4450,RESULTED_IN
1423,4449,RESULTED_IN
1423,4450,RESULTED_IN
1424,4450,RESULTED_IN
1424,4449,RESULTED_IN
1425,4450,RESULTED_IN
1425,4448,RESULTED_IN
1426,4449,RESULTED_IN
1426,4450,RESULTED_IN
1430,4450,RESULTED_IN
1431,4450,RESULTED_IN
1431,4449,RESULTED_IN
1432,4450,RESULTED_IN
1432,4449,RESULTED_IN
1433,4450,RESULTED_IN
1434,4450,RESULTED_IN
1434,4449,RESULTED_IN
1435,4449,RESULTED_IN
1436,4449,RESULTED_IN
1438,4450,RESULTED_IN
1438,4448,RESULTED_IN
1438,4449,RESULTED_IN
1438,4451,RESULTED_IN
1439,4450,RESULTED_IN
1440,4449,RESULTED_IN
1440,4450,RESULTED_IN
1441,4450,RESULTED_IN
1443,4450,RESULTED_IN
1445,4449,RESULTED_IN
1446,4448,RESULTED_IN
1446,4450,RESULTED_IN
1447,4450,RESULTED_IN
1448,4449,RESULTED_IN
1448,4450,RESULTED_IN
1449,4449,RESULTED_IN
1449,4450,RESULTED_IN
1450,4450,RESULTED_IN
1450,4452,RESULTED_IN
1450,4449,RESULTED_IN
1451,4450,RESULTED_IN
1451,4449,RESULTED_IN
1452,4450,RESULTED_IN
1453,4450,RESULTED_IN
1453,4448,RESULTED_IN
1454,4452,RESULTED_IN
1454,4449,RESULTED_IN
1454,4450,RESULTED_IN
1455,4450,RESULTED_IN
1455,4449,RESULTED_IN
1456,4450,RESULTED_IN
1458,4449,RESULTED_IN
1461,4450,RESULTED_IN
1462,4449,RESULTED_IN
1463,4449,RESULTED_IN
1463,4450,RESULTED_IN
1464,4451,RESULTED_IN
1464,4450,RESULTED_IN
1464,4449,RESULTED_IN
1465,4449,RESULTED_IN
1465,4450,RESULTED_IN
1466,4450,RESULTED_IN
1466,4449,RESULTED_IN
1467,4450,RESULTED_IN
1468,4450,RESULTED_IN
1470,4450,RESULTED_IN
1471,4450,RESULTED_IN
1472,4449,RESULTED_IN
1473,4450,RESULTED_IN
1473,4449,RESULTED_IN
1475,4449,RESULTED_IN
1476,4450,RESULTED_IN
1479,4450,RESULTED_IN
1480,4450,RESULTED_IN
1481,4450,RESULTED_IN
1481,4449,RESULTED_IN
1482,4449,RESULTED_IN
1482,4448,RESULTED_IN
1482,4450,RESULTED_IN
1483,4450,RESULTED_IN
1483,4449,RESULTED_IN
1484,4450,RESULTED_IN
1486,4449,RESULTED_IN
1487,4450,RESULTED_IN
1487,4449,RESULTED_IN
1488,4450,RESULTED_IN
1489,4449,RESULTED_IN
1489,4450,RESULTED_IN
1490,4450,RESULTED_IN
1490,4449,RESULTED_IN
1491,4450,RESULTED_IN
1491,4449,RESULTED_IN
1492,4451,RESULTED_IN
1492,4449,RESULTED_IN
1492,4450,RESULTED_IN
1493,4449,RESULTED_IN
1494,4450,RESULTED_IN
1495,4449,RESULTED_IN
1495,4450,RESULTED_IN
1498,4449,RESULTED_IN
1499,4450,RESULTED_IN
1499,4449,RESULTED_IN
1503,4449,RESULTED_IN
1504,4450,RESULTED_IN
1504,4449,RESULTED_IN
1505,4449,RESULTED_IN
1509,4450,RESULTED_IN
1510,4449,RESULTED_IN
1511,4449,RESULTED_IN
1511,4450,RESULTED_IN
1512,4450,RESULTED_IN
1513,4449,RESULTED_IN
1514,4449,RESULTED_IN
1515,4449,RESULTED_IN
1515,4450,RESULTED_IN
1516,4450,RESULTED_IN
1518,4450,RESULTED_IN
1519,4450,RESULTED_IN
1519,4449,RESULTED_IN
1520,4450,RESULTED_IN
1521,4450,RESULTED_IN
1521,4449,RESULTED_IN
1522,4450,RESULTED_IN
1523,4449,RESULTED_IN
1523,4452,RESULTED_IN
1524,4450,RESULTED_IN
1525,4449,RESULTED_IN
1525,4450,RESULTED_IN
1526,4449,RESULTED_IN
1528,4450,RESULTED_IN
1529,4449,RESULTED_IN
1529,4450,RESULTED_IN
1530,4450,RESULTED_IN
1530,4449,RESULTED_IN
1532,4450,RESULTED_IN
1533,4450,RESULTED_IN
1535,4448,RESULTED_IN
1535,4450,RESULTED_IN
1537,4449,RESULTED_IN
1538,4450,RESULTED_IN
1539,4449,RESULTED_IN
1540,4450,RESULTED_IN
1541,4449,RESULTED_IN
1541,4450,RESULTED_IN
1542,4450,RESULTED_IN
1544,4450,RESULTED_IN
1545,4450,RESULTED_IN
1545,4449,RESULTED_IN
1545,4451,RESULTED_IN
1546,4449,RESULTED_IN
1547,4449,RESULTED_IN
1549,4450,RESULTED_IN
1550,4449,RESULTED_IN
1551,4450,RESULTED_IN
1551,4449,RESULTED_IN
1552,4450,RESULTED_IN
1554,4450,RESULTED_IN
1554,4449,RESULTED_IN
1555,4449,RESULTED_IN
1555,4450,RESULTED_IN
1557,4450,RESULTED_IN
1558,4451,RESULTED_IN
1558,4449,RESULTED_IN
1561,4449,RESULTED_IN
1561,4450,RESULTED_IN
1563,4449,RESULTED_IN
1565,4450,RESULTED_IN
1566,4449,RESULTED_IN
1567,4450,RESULTED_IN
1567,4453,RESULTED_IN
1568,4450,RESULTED_IN
1568,4448,RESULTED_IN
1568,4449,RESULTED_IN
1570,4449,RESULTED_IN
1570,4450,RESULTED_IN
1571,4449,RESULTED_IN
1571,4450,RESULTED_IN
1572,4450,RESULTED_IN
1572,4449,RESULTED_IN
1573,4449,RESULTED_IN
1573,4450,RESULTED_IN
1574,4449,RESULTED_IN
1574,4451,RESULTED_IN
1575,4450,RESULTED_IN
1576,4450,RESULTED_IN
1576,4449,RESULTED_IN
1577,4449,RESULTED_IN
1577,4450,RESULTED_IN
1581,4449,RESULTED_IN
1582,4450,RESULTED_IN
1582,4449,RESULTED_IN
1583,4450,RESULTED_IN
1584,4450,RESULTED_IN
1585,4448,RESULTED_IN
1587,4450,RESULTED_IN
1589,4450,RESULTED_IN
1591,4450,RESULTED_IN
1592,4450,RESULTED_IN
1593,4450,RESULTED_IN
1594,4449,RESULTED_IN
1595,4449,RESULTED_IN
1595,4450,RESULTED_IN
1596,4448,RESULTED_IN
1596,4449,RESULTED_IN
1596,4450,RESULTED_IN
1597,4449,RESULTED_IN
1597,4448,RESULTED_IN
1597,4451,RESULTED_IN
1598,4449,RESULTED_IN
1598,4450,RESULTED_IN
1599,4449,RESULTED_IN
1601,4450,RESULTED_IN
1602,4449,RESULTED_IN
1603,4450,RESULTED_IN
1604,4449,RESULTED_IN
1604,4450,RESULTED_IN
1606,4450,RESULTED_IN
1606,4449,RESULTED_IN
1612,4450,RESULTED_IN
1612,4449,RESULTED_IN
1614,4449,RESULTED_IN
1615,4450,RESULTED_IN
1617,4449,RESULTED_IN
1617,4450,RESULTED_IN
1619,4450,RESULTED_IN
1619,4451,RESULTED_IN
1619,4449,RESULTED_IN
1620,4449,RESULTED_IN
1621,4449,RESULTED_IN
1622,4450,RESULTED_IN
1623,4449,RESULTED_IN
1623,4450,RESULTED_IN
1624,4449,RESULTED_IN
1625,4450,RESULTED_IN
1626,4449,RESULTED_IN
1627,4450,RESULTED_IN
1627,4451,RESULTED_IN
1628,4449,RESULTED_IN
1629,4450,RESULTED_IN
1630,4449,RESULTED_IN
1631,4450,RESULTED_IN
1631,4449,RESULTED_IN
1631,4448,RESULTED_IN
1632,4450,RESULTED_IN
1632,4449,RESULTED_IN
1635,4449,RESULTED_IN
1635,4450,RESULTED_IN
1636,4449,RESULTED_IN
1638,4449,RESULTED_IN
1639,4450,RESULTED_IN
1640,4449,RESULTED_IN
1640,4450,RESULTED_IN
1641,4449,RESULTED_IN
1642,4450,RESULTED_IN
1642,4449,RESULTED_IN
1643,4450,RESULTED_IN
1643,4449,RESULTED_IN
1643,4448,RESULTED_IN
1645,4450,RESULTED_IN
1645,4449,RESULTED_IN
1646,4450,RESULTED_IN
1648,4450,RESULTED_IN
1648,4449,RESULTED_IN
1649,4450,RESULTED_IN
1650,4449,RESULTED_IN
1651,4449,RESULTED_IN
1652,4450,RESULTED_IN
1654,4450,RESULTED_IN
1655,4450,RESULTED_IN
1656,4450,RESULTED_IN
1657,4450,RESULTED_IN
1659,4449,RESULTED_IN
1659,4448,RESULTED_IN
1659,4450,RESULTED_IN
1660,4450,RESULTED_IN
1661,4450,RESULTED_IN
1661,4449,RESULTED_IN
1662,4449,RESULTED_IN
1663,4448,RESULTED_IN
1664,4450,RESULTED_IN
1665,4450,RESULTED_IN
1665,4449,RESULTED_IN
1666,4450,RESULTED_IN
1668,4450,RESULTED_IN
1668,4449,RESULTED_IN
1669,4449,RESULTED_IN
1669,4450,RESULTED_IN
1670,4449,RESULTED_IN
1671,4449,RESULTED_IN
1672,4449,RESULTED_IN
1675,4450,RESULTED_IN
1675,4448,RESULTED_IN
1675,4451,RESULTED_IN
1681,4452,RESULTED_IN
1681,4449,RESULTED_IN
1682,4449,RESULTED_IN
1682,4448,RESULTED_IN
1682,4450,RESULTED_IN
1684,4449,RESULTED_IN
1684,4450,RESULTED_IN
1685,4450,RESULTED_IN
1686,4449,RESULTED_IN
1686,4450,RESULTED_IN
1687,4449,RESULTED_IN
1687,4450,RESULTED_IN
1688,4449,RESULTED_IN
1689,4450,RESULTED_IN
1689,4448,RESULTED_IN
1690,4452,RESULTED_IN
1690,4449,RESULTED_IN
1690,4450,RESULTED_IN
1691,4451,RESULTED_IN
1691,4450,RESULTED_IN
1692,4452,RESULTED_IN
1692,4450,RESULTED_IN
1693,4449,RESULTED_IN
1694,4450,RESULTED_IN
1694,4452,RESULTED_IN
1694,4449,RESULTED_IN
1695,4449,RESULTED_IN
1696,4449,RESULTED_IN
1696,4450,RESULTED_IN
1697,4449,RESULTED_IN
1698,4449,RESULTED_IN
1699,4450,RESULTED_IN
1702,4452,RESULTED_IN
1702,4450,RESULTED_IN
1703,4449,RESULTED_IN
1704,4449,RESULTED_IN
1704,4450,RESULTED_IN
1705,4449,RESULTED_IN
1707,4450,RESULTED_IN
1708,4450,RESULTED_IN
1708,4448,RESULTED_IN
1709,4449,RESULTED_IN
1709,4450,RESULTED_IN
1709,4451,RESULTED_IN
1710,4449,RESULTED_IN
1710,4450,RESULTED_IN
1711,4450,RESULTED_IN
1713,4449,RESULTED_IN
1713,4450,RESULTED_IN
1714,4450,RESULTED_IN
1714,4449,RESULTED_IN
1717,4449,RESULTED_IN
1717,4450,RESULTED_IN
1718,4449,RESULTED_IN
1720,4448,RESULTED_IN
1720,4449,RESULTED_IN
1720,4450,RESULTED_IN
1721,4449,RESULTED_IN
1722,4449,RESULTED_IN
1724,4450,RESULTED_IN
1725,4452,RESULTED_IN
1728,4449,RESULTED_IN
1728,4452,RESULTED_IN
1728,4450,RESULTED_IN
1730,4449,RESULTED_IN
1733,4450,RESULTED_IN
1734,4448,RESULTED_IN
1734,4450,RESULTED_IN
1735,4449,RESULTED_IN
1736,4450,RESULTED_IN
1736,4448,RESULTED_IN
1737,4448,RESULTED_IN
1744,4450,RESULTED_IN
1745,4450,RESULTED_IN
1746,4450,RESULTED_IN
1747,4450,RESULTED_IN
1747,4449,RESULTED_IN
1748,4450,RESULTED_IN
1748,4448,RESULTED_IN
1749,4449,RESULTED_IN
1749,4450,RESULTED_IN
1750,4449,RESULTED_IN
1751,4449,RESULTED_IN
1752,4449,RESULTED_IN
1753,4449,RESULTED_IN
1754,4449,RESULTED_IN
1754,4450,RESULTED_IN
1755,4450,RESULTED_IN
1756,4449,RESULTED_IN
1756,4450,RESULTED_IN
1758,4449,RESULTED_IN
1759,4449,RESULTED_IN
1760,4450,RESULTED_IN
1760,4449,RESULTED_IN
1761,4449,RESULTED_IN
1762,4450,RESULTED_IN
1762,4449,RESULTED_IN
1763,4450,RESULTED_IN
1763,4449,RESULTED_IN
1765,4450,RESULTED_IN
1767,4450,RESULTED_IN
1769,4450,RESULTED_IN
1771,4449,RESULTED_IN
1773,4449,RESULTED_IN
1773,4448,RESULTED_IN
1774,4449,RESULTED_IN
1775,4450,RESULTED_IN
1778,4450,RESULTED_IN
1779,4451,RESULTED_IN
1779,4450,RESULTED_IN
1779,4452,RESULTED_IN
1780,4450,RESULTED_IN
1780,4449,RESULTED_IN
1782,4449,RESULTED_IN
1783,4450,RESULTED_IN
1784,4449,RESULTED_IN
1784,4450,RESULTED_IN
1785,4449,RESULTED_IN
1786,4450,RESULTED_IN
1786,4449,RESULTED_IN
1788,4449,RESULTED_IN
1790,4451,RESULTED_IN
1790,4449,RESULTED_IN
1790,4448,RESULTED_IN
1791,4450,RESULTED_IN
1792,4451,RESULTED_IN
1793,4449,RESULTED_IN
1793,4450,RESULTED_IN
1794,4450,RESULTED_IN
1796,4449,RESULTED_IN
1797,4449,RESULTED_IN
1798,4449,RESULTED_IN
1798,4448,RESULTED_IN
1799,4450,RESULTED_IN
1800,4452,RESULTED_IN
1801,4448,RESULTED_IN
1801,4449,RESULTED_IN
1803,4449,RESULTED_IN
1804,4450,RESULTED_IN
1804,4449,RESULTED_IN
1805,4449,RESULTED_IN
1806,4449,RESULTED_IN
1806,4450,RESULTED_IN
1807,4450,RESULTED_IN
1809,4449,RESULTED_IN
1810,4450,RESULTED_IN
1811,4451,RESULTED_IN
1811,4449,RESULTED_IN
1812,4449,RESULTED_IN
1814,4450,RESULTED_IN
1815,4448,RESULTED_IN
1815,4450,RESULTED_IN
1815,4449,RESULTED_IN
1816,4450,RESULTED_IN
1816,4449,RESULTED_IN
1816,4448,RESULTED_IN
1817,4450,RESULTED_IN
1817,4449,RESULTED_IN
1818,4449,RESULTED_IN
1818,4450,RESULTED_IN
1819,4450,RESULTED_IN
1820,4450,RESULTED_IN
1821,4450,RESULTED_IN
1821,4449,RESULTED_IN
1822,4449,RESULTED_IN
1823,4450,RESULTED_IN
1824,4450,RESULTED_IN
1824,4449,RESULTED_IN
1826,4450,RESULTED_IN
1826,4449,RESULTED_IN
1827,4449,RESULTED_IN
1827,4450,RESULTED_IN
1828,4448,RESULTED_IN
1828,4451,RESULTED_IN
1829,4449,RESULTED_IN
1832,4450,RESULTED_IN
1833,4450,RESULTED_IN
1833,4449,RESULTED_IN
1835,4448,RESULTED_IN
1835,4449,RESULTED_IN
1835,4451,RESULTED_IN
1835,4450,RESULTED_IN
1836,4449,RESULTED_IN
1838,4449,RESULTED_IN
1840,4449,RESULTED_IN
1840,4450,RESULTED_IN
1841,4449,RESULTED_IN
1842,4450,RESULTED_IN
1842,4449,RESULTED_IN
1843,4448,RESULTED_IN
1844,4450,RESULTED_IN
1845,4450,RESULTED_IN
1845,4449,RESULTED_IN
1846,4449,RESULTED_IN
1846,4451,RESULTED_IN
1847,4449,RESULTED_IN
1849,4449,RESULTED_IN
1850,4449,RESULTED_IN
1852,4450,RESULTED_IN
1856,4449,RESULTED_IN
1856,4450,RESULTED_IN
1857,4450,RESULTED_IN
1858,4450,RESULTED_IN
1858,4449,RESULTED_IN
1858,4448,RESULTED_IN
1859,4450,RESULTED_IN
1860,4449,RESULTED_IN
1860,4448,RESULTED_IN
1861,4450,RESULTED_IN
1865,4450,RESULTED_IN
1865,4449,RESULTED_IN
1866,4449,RESULTED_IN
1867,4450,RESULTED_IN
1868,4450,RESULTED_IN
1869,4450,RESULTED_IN
1877,4450,RESULTED_IN
1877,4449,RESULTED_IN
1878,4450,RESULTED_IN
1880,4449,RESULTED_IN
1881,4450,RESULTED_IN
1882,4450,RESULTED_IN
1882,4449,RESULTED_IN
1883,4449,RESULTED_IN
1884,4449,RESULTED_IN
1886,4450,RESULTED_IN
1888,4450,RESULTED_IN
1888,4449,RESULTED_IN
1889,4449,RESULTED_IN
1890,4450,RESULTED_IN
1890,4448,RESULTED_IN
1891,4449,RESULTED_IN
1891,4450,RESULTED_IN
1892,4449,RESULTED_IN
1892,4450,RESULTED_IN
1893,4449,RESULTED_IN
1894,4449,RESULTED_IN
1894,4450,RESULTED_IN
1896,4451,RESULTED_IN
1896,4448,RESULTED_IN
1896,4449,RESULTED_IN
1898,4450,RESULTED_IN
1898,4449,RESULTED_IN
1899,4450,RESULTED_IN
1899,4449,RESULTED_IN
1901,4448,RESULTED_IN
1901,4450,RESULTED_IN
1902,4450,RESULTED_IN
1902,4449,RESULTED_IN
1903,4453,RESULTED_IN
1904,4450,RESULTED_IN
1906,4450,RESULTED_IN
1906,4449,RESULTED_IN
1907,4449,RESULTED_IN
1907,4450,RESULTED_IN
1908,4450,RESULTED_IN
1911,4450,RESULTED_IN
1912,4449,RESULTED_IN
1914,4449,RESULTED_IN
1915,4450,RESULTED_IN
1915,4448,RESULTED_IN
1916,4450,RESULTED_IN
1916,4449,RESULTED_IN
1918,4450,RESULTED_IN
1920,4450,RESULTED_IN
1923,4448,RESULTED_IN
1923,4449,RESULTED_IN
1923,4450,RESULTED_IN
1924,4449,RESULTED_IN
1925,4448,RESULTED_IN
1925,4450,RESULTED_IN
1926,4449,RESULTED_IN
1927,4449,RESULTED_IN
1927,4450,RESULTED_IN
1928,4450,RESULTED_IN
1928,4449,RESULTED_IN
1929,4449,RESULTED_IN
1929,4450,RESULTED_IN
1930,4449,RESULTED_IN
1932,4450,RESULTED_IN
1932,4449,RESULTED_IN
1935,4450,RESULTED_IN
1936,4450,RESULTED_IN
1937,4450,RESULTED_IN
1939,4449,RESULTED_IN
1940,4449,RESULTED_IN
1940,4450,RESULTED_IN
1941,4450,RESULTED_IN
1941,4449,RESULTED_IN
1941,4451,RESULTED_IN
1942,4450,RESULTED_IN
1943,4450,RESULTED_IN
1944,4450,RESULTED_IN
1946,4450,RESULTED_IN
1948,4449,RESULTED_IN
1948,4450,RESULTED_IN
1950,4449,RESULTED_IN
1952,4450,RESULTED_IN
1953,4449,RESULTED_IN
1953,4452,RESULTED_IN
1954,4448,RESULTED_IN
1955,4450,RESULTED_IN
1955,4449,RESULTED_IN
1956,4450,RESULTED_IN
1957,4450,RESULTED_IN
1957,4449,RESULTED_IN
1958,4449,RESULTED_IN
1959,4450,RESULTED_IN
1959,4449,RESULTED_IN
1960,4450,RESULTED_IN
1961,4450,RESULTED_IN
1961,4449,RESULTED_IN
1963,4450,RESULTED_IN
1965,4450,RESULTED_IN
1967,4450,RESULTED_IN
1968,4450,RESULTED_IN
1968,4449,RESULTED_IN
1969,4450,RESULTED_IN
1970,4450,RESULTED_IN
1971,4450,RESULTED_IN
1971,4449,RESULTED_IN
1972,4449,RESULTED_IN
1973,4450,RESULTED_IN
1974,4449,RESULTED_IN
1975,4450,RESULTED_IN
1976,4450,RESULTED_IN
1977,4450,RESULTED_IN
1977,4449,RESULTED_IN
1978,4448,RESULTED_IN
1978,4450,RESULTED_IN
1978,4449,RESULTED_IN
1979,4449,RESULTED_IN
1979,4450,RESULTED_IN
1980,4450,RESULTED_IN
1981,4449,RESULTED_IN
1981,4450,RESULTED_IN
1982,4450,RESULTED_IN
1982,4449,RESULTED_IN
1983,4450,RESULTED_IN
1984,4449,RESULTED_IN
1985,4450,RESULTED_IN
1986,4449,RESULTED_IN
1986,4448,RESULTED_IN
1987,4450,RESULTED_IN
1987,4449,RESULTED_IN
1988,4450,RESULTED_IN
1988,4448,RESULTED_IN
1991,4451,RESULTED_IN
1991,4449,RESULTED_IN
1992,4449,RESULTED_IN
1992,4450,RESULTED_IN
1994,4450,RESULTED_IN
1996,4450,RESULTED_IN
1996,4448,RESULTED_IN
1997,4449,RESULTED_IN
1998,4448,RESULTED_IN
1998,4449,RESULTED_IN
1998,4451,RESULTED_IN
1998,4450,RESULTED_IN
1999,4450,RESULTED_IN
1999,4449,RESULTED_IN
1999,4448,RESULTED_IN
2001,4450,RESULTED_IN
2002,4449,RESULTED_IN
2003,4449,RESULTED_IN
2003,4450,RESULTED_IN
2010,4450,RESULTED_IN
2012,4450,RESULTED_IN
2012,4449,RESULTED_IN
2014,4449,RESULTED_IN
2014,4450,RESULTED_IN
2016,4448,RESULTED_IN
2016,4449,RESULTED_IN
2017,4450,RESULTED_IN
2018,4449,RESULTED_IN
2019,4450,RESULTED_IN
2019,4449,RESULTED_IN
2021,4449,RESULTED_IN
2022,4450,RESULTED_IN
2023,4450,RESULTED_IN
2023,4448,RESULTED_IN
2023,4449,RESULTED_IN
2023,4451,RESULTED_IN
2024,4450,RESULTED_IN
2024,4449,RESULTED_IN
2024,4448,RESULTED_IN
2025,4450,RESULTED_IN
2026,4449,RESULTED_IN
2028,4450,RESULTED_IN
2029,4449,RESULTED_IN
2031,4451,RESULTED_IN
2031,4449,RESULTED_IN
2031,4448,RESULTED_IN
2033,4450,RESULTED_IN
2034,4450,RESULTED_IN
2035,4449,RESULTED_IN
2037,4450,RESULTED_IN
2038,4449,RESULTED_IN
2038,4450,RESULTED_IN
2039,4449,RESULTED_IN
2040,4449,RESULTED_IN
2040,4450,RESULTED_IN
2041,4449,RESULTED_IN
2041,4450,RESULTED_IN
2044,4450,RESULTED_IN
2045,4450,RESULTED_IN
2045,4449,RESULTED_IN
2046,4449,RESULTED_IN
2046,4450,RESULTED_IN
2047,4449,RESULTED_IN
2048,4449,RESULTED_IN
2051,4449,RESULTED_IN
2052,4452,RESULTED_IN
2052,4449,RESULTED_IN
2053,4450,RESULTED_IN
2055,4450,RESULTED_IN
2055,4449,RESULTED_IN
2055,4448,RESULTED_IN
2056,4449,RESULTED_IN
2058,4449,RESULTED_IN
2058,4448,RESULTED_IN
2059,4449,RESULTED_IN
2060,4450,RESULTED_IN
2061,4449,RESULTED_IN
2066,4449,RESULTED_IN
2066,4450,RESULTED_IN
2067,4449,RESULTED_IN
2068,4450,RESULTED_IN
2069,4450,RESULTED_IN
2069,4449,RESULTED_IN
2070,4449,RESULTED_IN
2071,4449,RESULTED_IN
2072,4450,RESULTED_IN
2072,4449,RESULTED_IN
2073,4448,RESULTED_IN
2075,4450,RESULTED_IN
2076,4449,RESULTED_IN
2077,4449,RESULTED_IN
2078,4450,RESULTED_IN
2078,4449,RESULTED_IN
2079,4449,RESULTED_IN
2080,4450,RESULTED_IN
2082,4449,RESULTED_IN
2082,4450,RESULTED_IN
2083,4450,RESULTED_IN
2085,4450,RESULTED_IN
2085,4449,RESULTED_IN
2086,4449,RESULTED_IN
2086,4450,RESULTED_IN
2087,4449,RESULTED_IN
2088,4449,RESULTED_IN
2089,4449,RESULTED_IN
2089,4451,RESULTED_IN
2089,4448,RESULTED_IN
2091,4449,RESULTED_IN
2091,4448,RESULTED_IN
2092,4450,RESULTED_IN
2092,4448,RESULTED_IN
2093,4451,RESULTED_IN
2095,4449,RESULTED_IN
2096,4448,RESULTED_IN
2097,4449,RESULTED_IN
2098,4449,RESULTED_IN
2099,4450,RESULTED_IN
2099,4449,RESULTED_IN
2100,4450,RESULTED_IN
2101,4450,RESULTED_IN
2101,4449,RESULTED_IN
2102,4449,RESULTED_IN
2103,4449,RESULTED_IN
2104,4450,RESULTED_IN
2106,4450,RESULTED_IN
2106,4449,RESULTED_IN
2107,4449,RESULTED_IN
2108,4450,RESULTED_IN
2109,4450,RESULTED_IN
2110,4450,RESULTED_IN
2110,4449,RESULTED_IN
2112,4449,RESULTED_IN
2116,4449,RESULTED_IN
2117,4449,RESULTED_IN
2118,4449,RESULTED_IN
2120,4449,RESULTED_IN
2121,4449,RESULTED_IN
2123,4450,RESULTED_IN
2123,4449,RESULTED_IN
2124,4451,RESULTED_IN
2124,4449,RESULTED_IN
2126,4450,RESULTED_IN
2127,4450,RESULTED_IN
2127,4449,RESULTED_IN
2128,4450,RESULTED_IN
2129,4450,RESULTED_IN
2131,4450,RESULTED_IN
2131,4449,RESULTED_IN
2134,4452,RESULTED_IN
2134,4451,RESULTED_IN
2134,4450,RESULTED_IN
2134,4449,RESULTED_IN
2135,4449,RESULTED_IN
2145,4450,RESULTED_IN
2146,4449,RESULTED_IN
2146,4450,RESULTED_IN
2147,4450,RESULTED_IN
2148,4448,RESULTED_IN
2148,4449,RESULTED_IN
2149,4450,RESULTED_IN
2150,4449,RESULTED_IN
2150,4450,RESULTED_IN
2151,4449,RESULTED_IN
2151,4452,RESULTED_IN
2152,4450,RESULTED_IN
2153,4449,RESULTED_IN
2153,4450,RESULTED_IN
2155,4449,RESULTED_IN
2158,4450,RESULTED_IN
2158,4449,RESULTED_IN
2159,4449,RESULTED_IN
2160,4448,RESULTED_IN
2161,4448,RESULTED_IN
2164,4450,RESULTED_IN
2165,4449,RESULTED_IN
2166,4449,RESULTED_IN
2167,4449,RESULTED_IN
2168,4449,RESULTED_IN
2169,4449,RESULTED_IN
2170,4449,RESULTED_IN
2171,4450,RESULTED_IN
2172,4450,RESULTED_IN
2174,4450,RESULTED_IN
2175,4450,RESULTED_IN
2177,4449,RESULTED_IN
2178,4450,RESULTED_IN
2178,4449,RESULTED_IN
2179,4453,RESULTED_IN
2179,4450,RESULTED_IN
2182,4450,RESULTED_IN
2182,4449,RESULTED_IN
2183,4450,RESULTED_IN
2185,4449,RESULTED_IN
2185,4450,RESULTED_IN
2186,4450,RESULTED_IN
2189,4449,RESULTED_IN
2189,4450,RESULTED_IN
2190,4450,RESULTED_IN
2192,4449,RESULTED_IN
2193,4449,RESULTED_IN
2193,4448,RESULTED_IN
2193,4450,RESULTED_IN
2195,4449,RESULTED_IN
2197,4448,RESULTED_IN
2197,4450,RESULTED_IN
2198,4450,RESULTED_IN
2199,4450,RESULTED_IN
2199,4449,RESULTED_IN
2200,4449,RESULTED_IN
2200,4450,RESULTED_IN
2201,4450,RESULTED_IN
2202,4450,RESULTED_IN
2202,4449,RESULTED_IN
2203,4450,RESULTED_IN
2204,4449,RESULTED_IN
2205,4449,RESULTED_IN
2206,4450,RESULTED_IN
2207,4449,RESULTED_IN
2208,4449,RESULTED_IN
2209,4449,RESULTED_IN
2209,4450,RESULTED_IN
2210,4449,RESULTED_IN
2210,4450,RESULTED_IN
2211,4449,RESULTED_IN
2212,4449,RESULTED_IN
2213,4452,RESULTED_IN
2214,4449,RESULTED_IN
2215,4449,RESULTED_IN
2217,4449,RESULTED_IN
2219,4450,RESULTED_IN
2220,4449,RESULTED_IN
2220,4451,RESULTED_IN
2221,4450,RESULTED_IN
2222,4448,RESULTED_IN
2223,4449,RESULTED_IN
2224,4450,RESULTED_IN
2224,4449,RESULTED_IN
2225,4450,RESULTED_IN
2227,4450,RESULTED_IN
2228,4449,RESULTED_IN
2229,4449,RESULTED_IN
2229,4450,RESULTED_IN
2230,4449,RESULTED_IN
2230,4450,RESULTED_IN
2231,4449,RESULTED_IN
2231,4450,RESULTED_IN
2234,4448,RESULTED_IN
2234,4449,RESULTED_IN
2235,4451,RESULTED_IN
2235,4450,RESULTED_IN
2235,4449,RESULTED_IN
2236,4449,RESULTED_IN
2236,4450,RESULTED_IN
2236,4452,RESULTED_IN
2236,4451,RESULTED_IN
2237,4448,RESULTED_IN
2237,4449,RESULTED_IN
2237,4450,RESULTED_IN
2238,4449,RESULTED_IN
2239,4449,RESULTED_IN
2240,4449,RESULTED_IN
2240,4448,RESULTED_IN
2240,4450,RESULTED_IN
2241,4449,RESULTED_IN
2242,4449,RESULTED_IN
2242,4450,RESULTED_IN
2243,4449,RESULTED_IN
2244,4449,RESULTED_IN
2244,4450,RESULTED_IN
2245,4449,RESULTED_IN
2246,4449,RESULTED_IN
2246,4450,RESULTED_IN
2247,4450,RESULTED_IN
2249,4450,RESULTED_IN
2249,4449,RESULTED_IN
2250,4450,RESULTED_IN
2250,4449,RESULTED_IN
2251,4449,RESULTED_IN
2252,4449,RESULTED_IN
2254,4450,RESULTED_IN
2255,4449,RESULTED_IN
2255,4450,RESULTED_IN
2256,4449,RESULTED_IN
2256,4451,RESULTED_IN
2257,4449,RESULTED_IN
2259,4449,RESULTED_IN
2259,4450,RESULTED_IN
2260,4450,RESULTED_IN
2262,4449,RESULTED_IN
2265,4450,RESULTED_IN
2266,4450,RESULTED_IN
2266,4449,RESULTED_IN
2267,4450,RESULTED_IN
2267,4449,RESULTED_IN
2267,4451,RESULTED_IN
2268,4450,RESULTED_IN
2269,4449,RESULTED_IN
2269,4450,RESULTED_IN
2270,4451,RESULTED_IN
2270,4449,RESULTED_IN
2270,4450,RESULTED_IN
2271,4450,RESULTED_IN
2271,4449,RESULTED_IN
2278,4450,RESULTED_IN
2278,4448,RESULTED_IN
2279,4448,RESULTED_IN
2280,4449,RESULTED_IN
2282,4449,RESULTED_IN
2283,4449,RESULTED_IN
2284,4449,RESULTED_IN
2285,4450,RESULTED_IN
2286,4449,RESULTED_IN
2287,4449,RESULTED_IN
2288,4449,RESULTED_IN
2289,4449,RESULTED_IN
2290,4450,RESULTED_IN
2291,4449,RESULTED_IN
2292,4449,RESULTED_IN
2292,4450,RESULTED_IN
2293,4450,RESULTED_IN
2294,4450,RESULTED_IN
2295,4450,RESULTED_IN
2296,4449,RESULTED_IN
2296,4450,RESULTED_IN
2296,4448,RESULTED_IN
2297,4449,RESULTED_IN
2299,4450,RESULTED_IN
2301,4449,RESULTED_IN
2301,4450,RESULTED_IN
2303,4450,RESULTED_IN
2305,4451,RESULTED_IN
2308,4452,RESULTED_IN
2309,4449,RESULTED_IN
2309,4450,RESULTED_IN
2310,4449,RESULTED_IN
2312,4449,RESULTED_IN
2313,4448,RESULTED_IN
2313,4450,RESULTED_IN
2314,4448,RESULTED_IN
2315,4449,RESULTED_IN
2316,4450,RESULTED_IN
2318,4449,RESULTED_IN
2318,4451,RESULTED_IN
2318,4450,RESULTED_IN
2320,4449,RESULTED_IN
2321,4449,RESULTED_IN
2323,4449,RESULTED_IN
2323,4451,RESULTED_IN
2323,4450,RESULTED_IN
2325,4449,RESULTED_IN
2325,4450,RESULTED_IN
2326,4450,RESULTED_IN
2327,4450,RESULTED_IN
2327,4449,RESULTED_IN
2328,4449,RESULTED_IN
2328,4450,RESULTED_IN
2329,4450,RESULTED_IN
2330,4449,RESULTED_IN
2332,4449,RESULTED_IN
2333,4449,RESULTED_IN
2334,4449,RESULTED_IN
2335,4450,RESULTED_IN
2337,4450,RESULTED_IN
2338,4449,RESULTED_IN
2339,4449,RESULTED_IN
2340,4449,RESULTED_IN
2342,4449,RESULTED_IN
2343,4449,RESULTED_IN
2344,4449,RESULTED_IN
2345,4449,RESULTED_IN
2346,4449,RESULTED_IN
2347,4449,RESULTED_IN
2347,4448,RESULTED_IN
2348,4449,RESULTED_IN
2349,4449,RESULTED_IN
2349,4451,RESULTED_IN
2351,4450,RESULTED_IN
2352,4449,RESULTED_IN
2353,4449,RESULTED_IN
2354,4449,RESULTED_IN
2355,4449,RESULTED_IN
2355,4450,RESULTED_IN
2356,4448,RESULTED_IN
2357,4450,RESULTED_IN
2358,4449,RESULTED_IN
2358,4450,RESULTED_IN
2360,4449,RESULTED_IN
2363,4449,RESULTED_IN
2364,4449,RESULTED_IN
2364,4450,RESULTED_IN
2365,4450,RESULTED_IN
2365,4449,RESULTED_IN
2366,4450,RESULTED_IN
2367,4449,RESULTED_IN
2368,4449,RESULTED_IN
2368,4451,RESULTED_IN
2369,4450,RESULTED_IN
2370,4450,RESULTED_IN
2371,4450,RESULTED_IN
2371,4449,RESULTED_IN
2372,4450,RESULTED_IN
2373,4449,RESULTED_IN
2373,4450,RESULTED_IN
2374,4449,RESULTED_IN
2375,4450,RESULTED_IN
2377,4449,RESULTED_IN
2379,4449,RESULTED_IN
2380,4449,RESULTED_IN
2380,4451,RESULTED_IN
2381,4449,RESULTED_IN
2382,4449,RESULTED_IN
2383,4449,RESULTED_IN
2384,4449,RESULTED_IN
2386,4448,RESULTED_IN
2386,4452,RESULTED_IN
2386,4450,RESULTED_IN
2388,4450,RESULTED_IN
2392,4449,RESULTED_IN
2393,4449,RESULTED_IN
2395,4450,RESULTED_IN
2396,4450,RESULTED_IN
2398,4450,RESULTED_IN
2399,4449,RESULTED_IN
2401,4450,RESULTED_IN
2403,4450,RESULTED_IN
2405,4450,RESULTED_IN
2411,4448,RESULTED_IN
2411,4450,RESULTED_IN
2412,4450,RESULTED_IN
2412,4449,RESULTED_IN
2414,4449,RESULTED_IN
2415,4449,RESULTED_IN
2415,4450,RESULTED_IN
2420,4450,RESULTED_IN
2420,4449,RESULTED_IN
2421,4449,RESULTED_IN
2423,4448,RESULTED_IN
2424,4449,RESULTED_IN
2425,4450,RESULTED_IN
2425,4449,RESULTED_IN
2426,4450,RESULTED_IN
2427,4450,RESULTED_IN
2427,4449,RESULTED_IN
2428,4450,RESULTED_IN
2430,4449,RESULTED_IN
2430,4450,RESULTED_IN
2432,4450,RESULTED_IN
2432,4449,RESULTED_IN
2433,4450,RESULTED_IN
2434,4450,RESULTED_IN
2435,4450,RESULTED_IN
2436,4449,RESULTED_IN
2437,4450,RESULTED_IN
2437,4449,RESULTED_IN
2439,4450,RESULTED_IN
2440,4448,RESULTED_IN
2441,4449,RESULTED_IN
2441,4450,RESULTED_IN
2441,4451,RESULTED_IN
2442,4452,RESULTED_IN
2442,4450,RESULTED_IN
2443,4450,RESULTED_IN
2444,4449,RESULTED_IN
2444,4450,RESULTED_IN
2445,4449,RESULTED_IN
2446,4449,RESULTED_IN
2446,4450,RESULTED_IN
2446,4448,RESULTED_IN
2447,4450,RESULTED_IN
2448,4450,RESULTED_IN
2449,4449,RESULTED_IN
2450,4449,RESULTED_IN
2452,4450,RESULTED_IN
2454,4449,RESULTED_IN
2458,4450,RESULTED_IN
2458,4449,RESULTED_IN
2459,4449,RESULTED_IN
2461,4449,RESULTED_IN
2462,4449,RESULTED_IN
2463,4449,RESULTED_IN
2464,4448,RESULTED_IN
2465,4450,RESULTED_IN
2466,4450,RESULTED_IN
2466,4449,RESULTED_IN
2467,4448,RESULTED_IN
2468,4451,RESULTED_IN
2468,4449,RESULTED_IN
2469,4450,RESULTED_IN
2470,4450,RESULTED_IN
2471,4450,RESULTED_IN
2474,4449,RESULTED_IN
2475,4450,RESULTED_IN
2476,4449,RESULTED_IN
2476,4450,RESULTED_IN
2477,4449,RESULTED_IN
2479,4450,RESULTED_IN
2483,4449,RESULTED_IN
2484,4450,RESULTED_IN
2487,4450,RESULTED_IN
2488,4449,RESULTED_IN
2489,4449,RESULTED_IN
2490,4449,RESULTED_IN
2490,4450,RESULTED_IN
2491,4449,RESULTED_IN
2494,4449,RESULTED_IN
2495,4448,RESULTED_IN
2495,4449,RESULTED_IN
2497,4450,RESULTED_IN
2501,4450,RESULTED_IN
2504,4449,RESULTED_IN
2504,4450,RESULTED_IN
2505,4450,RESULTED_IN
2506,4452,RESULTED_IN
2506,4449,RESULTED_IN
2507,4450,RESULTED_IN
2507,4449,RESULTED_IN
2508,4450,RESULTED_IN
2509,4449,RESULTED_IN
2509,4450,RESULTED_IN
2511,4449,RESULTED_IN
2511,4450,RESULTED_IN
2511,4448,RESULTED_IN
2512,4450,RESULTED_IN
2513,4449,RESULTED_IN
2513,4451,RESULTED_IN
2514,4450,RESULTED_IN
2514,4449,RESULTED_IN
2516,4450,RESULTED_IN
2517,4449,RESULTED_IN
2517,4451,RESULTED_IN
2519,4448,RESULTED_IN
2519,4450,RESULTED_IN
2520,4449,RESULTED_IN
2520,4450,RESULTED_IN
2520,4448,RESULTED_IN
2521,4449,RESULTED_IN
2523,4450,RESULTED_IN
2524,4450,RESULTED_IN
2525,4449,RESULTED_IN
2525,4450,RESULTED_IN
2526,4449,RESULTED_IN
2526,4450,RESULTED_IN
2527,4450,RESULTED_IN
2527,4449,RESULTED_IN
2528,4449,RESULTED_IN
2529,4449,RESULTED_IN
2530,4448,RESULTED_IN
2530,4449,RESULTED_IN
2530,4451,RESULTED_IN
2530,4450,RESULTED_IN
2533,4449,RESULTED_IN
2537,4450,RESULTED_IN
2537,4449,RESULTED_IN
2538,4449,RESULTED_IN
2538,4450,RESULTED_IN
2543,4449,RESULTED_IN
2545,4450,RESULTED_IN
2545,4449,RESULTED_IN
2546,4450,RESULTED_IN
2549,4449,RESULTED_IN
2550,4450,RESULTED_IN
2551,4449,RESULTED_IN
2551,4450,RESULTED_IN
2552,4450,RESULTED_IN
2552,4449,RESULTED_IN
2552,4451,RESULTED_IN
2554,4449,RESULTED_IN
2555,4449,RESULTED_IN
2555,4450,RESULTED_IN
2556,4449,RESULTED_IN
2556,4450,RESULTED_IN
2557,4449,RESULTED_IN
2558,4449,RESULTED_IN
2559,4450,RESULTED_IN
2559,4448,RESULTED_IN
2560,4449,RESULTED_IN
2562,4449,RESULTED_IN
2562,4451,RESULTED_IN
2564,4450,RESULTED_IN
2564,4452,RESULTED_IN
2565,4449,RESULTED_IN
2565,4451,RESULTED_IN
2567,4450,RESULTED_IN
2569,4449,RESULTED_IN
2571,4450,RESULTED_IN
2571,4451,RESULTED_IN
2571,4449,RESULTED_IN
2574,4449,RESULTED_IN
2576,4450,RESULTED_IN
2578,4449,RESULTED_IN
2579,4448,RESULTED_IN
2579,4450,RESULTED_IN
2580,4449,RESULTED_IN
2580,4450,RESULTED_IN
2583,4449,RESULTED_IN
2584,4450,RESULTED_IN
2584,4449,RESULTED_IN
2585,4450,RESULTED_IN
2585,4448,RESULTED_IN
2585,4449,RESULTED_IN
2586,4450,RESULTED_IN
2588,4450,RESULTED_IN
2589,4450,RESULTED_IN
2590,4450,RESULTED_IN
2590,4449,RESULTED_IN
2591,4449,RESULTED_IN
2592,4450,RESULTED_IN
2596,4450,RESULTED_IN
2597,4450,RESULTED_IN
2598,4449,RESULTED_IN
2598,4451,RESULTED_IN
2598,4450,RESULTED_IN
2599,4452,RESULTED_IN
2599,4449,RESULTED_IN
2599,4451,RESULTED_IN
2599,4450,RESULTED_IN
2600,4450,RESULTED_IN
2601,4450,RESULTED_IN
2602,4450,RESULTED_IN
2603,4450,RESULTED_IN
2605,4449,RESULTED_IN
2606,4450,RESULTED_IN
2606,4449,RESULTED_IN
2608,4449,RESULTED_IN
2609,4450,RESULTED_IN
2610,4449,RESULTED_IN
2613,4449,RESULTED_IN
2615,4449,RESULTED_IN
2615,4450,RESULTED_IN
2620,4450,RESULTED_IN
2623,4449,RESULTED_IN
2626,4449,RESULTED_IN
2627,4450,RESULTED_IN
2629,4449,RESULTED_IN
2629,4450,RESULTED_IN
2630,4449,RESULTED_IN
2631,4449,RESULTED_IN
2632,4450,RESULTED_IN
2632,4449,RESULTED_IN
2634,4450,RESULTED_IN
2635,4450,RESULTED_IN
2636,4448,RESULTED_IN
2636,4449,RESULTED_IN
2637,4450,RESULTED_IN
2638,4448,RESULTED_IN
2638,4450,RESULTED_IN
2640,4448,RESULTED_IN
2640,4450,RESULTED_IN
2641,4450,RESULTED_IN
2641,4449,RESULTED_IN
2642,4450,RESULTED_IN
2643,4450,RESULTED_IN
2643,4448,RESULTED_IN
2644,4449,RESULTED_IN
2645,4450,RESULTED_IN
2645,4449,RESULTED_IN
2647,4449,RESULTED_IN
2647,4450,RESULTED_IN
2652,4450,RESULTED_IN
2652,4449,RESULTED_IN
2654,4449,RESULTED_IN
2654,4448,RESULTED_IN
2655,4449,RESULTED_IN
2656,4450,RESULTED_IN
2657,4450,RESULTED_IN
2658,4449,RESULTED_IN
2660,4449,RESULTED_IN
2662,4451,RESULTED_IN
2662,4448,RESULTED_IN
2664,4450,RESULTED_IN
2664,4449,RESULTED_IN
2667,4449,RESULTED_IN
2668,4451,RESULTED_IN
2668,4449,RESULTED_IN
2669,4449,RESULTED_IN
2669,4450,RESULTED_IN
2670,4450,RESULTED_IN
2670,4451,RESULTED_IN
2670,4449,RESULTED_IN
2674,4450,RESULTED_IN
2675,4449,RESULTED_IN
2677,4449,RESULTED_IN
2680,4449,RESULTED_IN
2680,4450,RESULTED_IN
2681,4449,RESULTED_IN
2685,4450,RESULTED_IN
2685,4449,RESULTED_IN
2686,4449,RESULTED_IN
2686,4450,RESULTED_IN
2687,4450,RESULTED_IN
2689,4450,RESULTED_IN
2690,4449,RESULTED_IN
2691,4449,RESULTED_IN
2693,4451,RESULTED_IN
2693,4449,RESULTED_IN
2694,4449,RESULTED_IN
2695,4449,RESULTED_IN
2695,4450,RESULTED_IN
2699,4450,RESULTED_IN
2700,4449,RESULTED_IN
2701,4450,RESULTED_IN
2701,4449,RESULTED_IN
2702,4450,RESULTED_IN
2703,4450,RESULTED_IN
2704,4450,RESULTED_IN
2705,4450,RESULTED_IN
2709,4450,RESULTED_IN
2710,4450,RESULTED_IN
2714,4450,RESULTED_IN
2716,4449,RESULTED_IN
2719,4450,RESULTED_IN
2719,4451,RESULTED_IN
2722,4449,RESULTED_IN
2723,4452,RESULTED_IN
2724,4450,RESULTED_IN
2726,4450,RESULTED_IN
2727,4450,RESULTED_IN
2727,4449,RESULTED_IN
2728,4450,RESULTED_IN
2730,4450,RESULTED_IN
2731,4450,RESULTED_IN
2733,4449,RESULTED_IN
2734,4451,RESULTED_IN
2734,4449,RESULTED_IN
2735,4450,RESULTED_IN
2735,4452,RESULTED_IN
2736,4449,RESULTED_IN
2736,4450,RESULTED_IN
2737,4449,RESULTED_IN
2738,4449,RESULTED_IN
2740,4450,RESULTED_IN
2745,4450,RESULTED_IN
2746,4450,RESULTED_IN
2746,4449,RESULTED_IN
2749,4449,RESULTED_IN
2749,4451,RESULTED_IN
2750,4449,RESULTED_IN
2751,4451,RESULTED_IN
2751,4450,RESULTED_IN
2752,4450,RESULTED_IN
2752,4449,RESULTED_IN
2753,4450,RESULTED_IN
2754,4449,RESULTED_IN
2756,4450,RESULTED_IN
2757,4448,RESULTED_IN
2759,4450,RESULTED_IN
2760,4449,RESULTED_IN
2761,4450,RESULTED_IN
2762,4450,RESULTED_IN
2763,4450,RESULTED_IN
2765,4449,RESULTED_IN
2766,4449,RESULTED_IN
2766,4450,RESULTED_IN
2768,4450,RESULTED_IN
2769,4448,RESULTED_IN
2769,4450,RESULTED_IN
2770,4449,RESULTED_IN
2771,4450,RESULTED_IN
2773,4449,RESULTED_IN
2773,4450,RESULTED_IN
2774,4450,RESULTED_IN
2774,4449,RESULTED_IN
2776,4449,RESULTED_IN
2778,4449,RESULTED_IN
2778,4450,RESULTED_IN
2780,4450,RESULTED_IN
2780,4449,RESULTED_IN
2783,4449,RESULTED_IN
2784,4449,RESULTED_IN
2785,4449,RESULTED_IN
2786,4449,RESULTED_IN
2786,4451,RESULTED_IN
2787,4449,RESULTED_IN
2789,4450,RESULTED_IN
2789,4449,RESULTED_IN
2792,4449,RESULTED_IN
2793,4450,RESULTED_IN
2794,4448,RESULTED_IN
2795,4449,RESULTED_IN
2796,4449,RESULTED_IN
2796,4450,RESULTED_IN
2797,4449,RESULTED_IN
2797,4450,RESULTED_IN
2799,4449,RESULTED_IN
2799,4450,RESULTED_IN
2800,4448,RESULTED_IN
2806,4450,RESULTED_IN
2806,4449,RESULTED_IN
2809,4450,RESULTED_IN
2809,4449,RESULTED_IN
2810,4450,RESULTED_IN
2811,4450,RESULTED_IN
2812,4450,RESULTED_IN
2812,4449,RESULTED_IN
2815,4449,RESULTED_IN
2815,4450,RESULTED_IN
2816,4448,RESULTED_IN
2816,4450,RESULTED_IN
2816,4449,RESULTED_IN
2817,4450,RESULTED_IN
2818,4449,RESULTED_IN
2818,4451,RESULTED_IN
2819,4449,RESULTED_IN
2819,4450,RESULTED_IN
2820,4450,RESULTED_IN
2820,4448,RESULTED_IN
2820,4449,RESULTED_IN
2823,4449,RESULTED_IN
2825,4449,RESULTED_IN
2827,4448,RESULTED_IN
2829,4450,RESULTED_IN
2830,4448,RESULTED_IN
2832,4448,RESULTED_IN
2832,4450,RESULTED_IN
2833,4449,RESULTED_IN
2834,4450,RESULTED_IN
2834,4449,RESULTED_IN
2841,4449,RESULTED_IN
2842,4450,RESULTED_IN
2843,4450,RESULTED_IN
2843,4448,RESULTED_IN
2843,4449,RESULTED_IN
2848,4449,RESULTED_IN
2849,4450,RESULTED_IN
2850,4450,RESULTED_IN
2853,4450,RESULTED_IN
2854,4449,RESULTED_IN
2854,4448,RESULTED_IN
2854,4451,RESULTED_IN
2855,4450,RESULTED_IN
2856,4450,RESULTED_IN
2856,4449,RESULTED_IN
2857,4448,RESULTED_IN
2857,4450,RESULTED_IN
2858,4449,RESULTED_IN
2858,4450,RESULTED_IN
2859,4449,RESULTED_IN
2859,4450,RESULTED_IN
2860,4449,RESULTED_IN
2860,4450,RESULTED_IN
2861,4449,RESULTED_IN
2862,4449,RESULTED_IN
2863,4450,RESULTED_IN
2863,4448,RESULTED_IN
2864,4449,RESULTED_IN
2864,4450,RESULTED_IN
2865,4449,RESULTED_IN
2866,4450,RESULTED_IN
2867,4449,RESULTED_IN
2868,4450,RESULTED_IN
2869,4449,RESULTED_IN
2869,4450,RESULTED_IN
2871,4450,RESULTED_IN
2872,4450,RESULTED_IN
2873,4450,RESULTED_IN
2874,4449,RESULTED_IN
2874,4450,RESULTED_IN
2875,4449,RESULTED_IN
2875,4448,RESULTED_IN
2875,4450,RESULTED_IN
2876,4449,RESULTED_IN
2876,4450,RESULTED_IN
2877,4450,RESULTED_IN
2878,4449,RESULTED_IN
2879,4449,RESULTED_IN
2880,4449,RESULTED_IN
2883,4448,RESULTED_IN
2883,4449,RESULTED_IN
2884,4449,RESULTED_IN
2885,4449,RESULTED_IN
2885,4450,RESULTED_IN
2886,4450,RESULTED_IN
2886,4449,RESULTED_IN
2888,4450,RESULTED_IN
2889,4450,RESULTED_IN
2890,4449,RESULTED_IN
2890,4450,RESULTED_IN
2892,4449,RESULTED_IN
2895,4448,RESULTED_IN
2895,4450,RESULTED_IN
2896,4449,RESULTED_IN
2897,4449,RESULTED_IN
2898,4450,RESULTED_IN
2899,4449,RESULTED_IN
2899,4450,RESULTED_IN
2899,4448,RESULTED_IN
2900,4449,RESULTED_IN
2901,4450,RESULTED_IN
2902,4448,RESULTED_IN
2903,4449,RESULTED_IN
2903,4450,RESULTED_IN
2904,4449,RESULTED_IN
2905,4450,RESULTED_IN
2905,4449,RESULTED_IN
2907,4450,RESULTED_IN
2908,4450,RESULTED_IN
2909,4448,RESULTED_IN
2909,4449,RESULTED_IN
2911,4450,RESULTED_IN
2912,4450,RESULTED_IN
2916,4449,RESULTED_IN
2916,4450,RESULTED_IN
2917,4449,RESULTED_IN
2918,4449,RESULTED_IN
2919,4449,RESULTED_IN
2920,4449,RESULTED_IN
2921,4449,RESULTED_IN
2922,4449,RESULTED_IN
2922,4450,RESULTED_IN
2922,4448,RESULTED_IN
2923,4450,RESULTED_IN
2924,4449,RESULTED_IN
2925,4449,RESULTED_IN
2925,4450,RESULTED_IN
2926,4450,RESULTED_IN
2927,4449,RESULTED_IN
2928,4450,RESULTED_IN
2929,4450,RESULTED_IN
2929,4448,RESULTED_IN
2929,4449,RESULTED_IN
2930,4448,RESULTED_IN
2931,4450,RESULTED_IN
2932,4449,RESULTED_IN
2934,4449,RESULTED_IN
2936,4449,RESULTED_IN
2936,4450,RESULTED_IN
2938,4449,RESULTED_IN
2939,4449,RESULTED_IN
2941,4449,RESULTED_IN
2941,4450,RESULTED_IN
2942,4450,RESULTED_IN
2942,4449,RESULTED_IN
2943,4449,RESULTED_IN
2945,4450,RESULTED_IN
2947,4449,RESULTED_IN
2948,4448,RESULTED_IN
2948,4451,RESULTED_IN
2948,4449,RESULTED_IN
2949,4449,RESULTED_IN
2950,4448,RESULTED_IN
2957,4449,RESULTED_IN
2958,4450,RESULTED_IN
2960,4450,RESULTED_IN
2960,4451,RESULTED_IN
2960,4449,RESULTED_IN
2961,4450,RESULTED_IN
2962,4449,RESULTED_IN
2963,4449,RESULTED_IN
2964,4449,RESULTED_IN
2964,4450,RESULTED_IN
2965,4449,RESULTED_IN
2965,4450,RESULTED_IN
2967,4450,RESULTED_IN
2968,4450,RESULTED_IN
2970,4449,RESULTED_IN
2970,4451,RESULTED_IN
2970,4450,RESULTED_IN
2974,4449,RESULTED_IN
2976,4449,RESULTED_IN
2977,4450,RESULTED_IN
2978,4450,RESULTED_IN
2978,4451,RESULTED_IN
2978,4449,RESULTED_IN
2980,4449,RESULTED_IN
2981,4449,RESULTED_IN
2982,4448,RESULTED_IN
2983,4449,RESULTED_IN
2984,4451,RESULTED_IN
2985,4450,RESULTED_IN
2986,4450,RESULTED_IN
2987,4449,RESULTED_IN
2988,4449,RESULTED_IN
2989,4451,RESULTED_IN
2991,4449,RESULTED_IN
2992,4449,RESULTED_IN
2992,4450,RESULTED_IN
2993,4448,RESULTED_IN
2993,4449,RESULTED_IN
2993,4450,RESULTED_IN
2995,4450,RESULTED_IN
2997,4449,RESULTED_IN
2998,4450,RESULTED_IN
2999,4450,RESULTED_IN
3000,4450,RESULTED_IN
3001,4450,RESULTED_IN
3001,4448,RESULTED_IN
3001,4449,RESULTED_IN
3003,4450,RESULTED_IN
3004,4449,RESULTED_IN
3004,4450,RESULTED_IN
3005,4449,RESULTED_IN
3006,4448,RESULTED_IN
3006,4449,RESULTED_IN
3007,4449,RESULTED_IN
3008,4449,RESULTED_IN
3008,4448,RESULTED_IN
3008,4450,RESULTED_IN
3009,4448,RESULTED_IN
3009,4450,RESULTED_IN
3012,4450,RESULTED_IN
3012,4449,RESULTED_IN
3013,4450,RESULTED_IN
3015,4450,RESULTED_IN
3016,4450,RESULTED_IN
3018,4448,RESULTED_IN
3021,4449,RESULTED_IN
3023,4451,RESULTED_IN
3023,4449,RESULTED_IN
3023,4448,RESULTED_IN
3024,4449,RESULTED_IN
3025,4450,RESULTED_IN
3025,4448,RESULTED_IN
3026,4451,RESULTED_IN
3026,4448,RESULTED_IN
3026,4449,RESULTED_IN
3028,4450,RESULTED_IN
3029,4448,RESULTED_IN
3029,4449,RESULTED_IN
3029,4450,RESULTED_IN
3030,4450,RESULTED_IN
3031,4450,RESULTED_IN
3032,4450,RESULTED_IN
3034,4450,RESULTED_IN
3034,4449,RESULTED_IN
3035,4449,RESULTED_IN
3035,4448,RESULTED_IN
3036,4449,RESULTED_IN
3037,4449,RESULTED_IN
3038,4449,RESULTED_IN
3039,4450,RESULTED_IN
3039,4449,RESULTED_IN
3041,4449,RESULTED_IN
3041,4450,RESULTED_IN
3042,4450,RESULTED_IN
3043,4449,RESULTED_IN
3044,4449,RESULTED_IN
3047,4452,RESULTED_IN
3047,4449,RESULTED_IN
3049,4449,RESULTED_IN
3050,4450,RESULTED_IN
3050,4449,RESULTED_IN
3052,4449,RESULTED_IN
3053,4449,RESULTED_IN
3053,4450,RESULTED_IN
3054,4450,RESULTED_IN
3055,4450,RESULTED_IN
3056,4449,RESULTED_IN
3058,4450,RESULTED_IN
3058,4449,RESULTED_IN
3060,4449,RESULTED_IN
3061,4449,RESULTED_IN
3063,4449,RESULTED_IN
3064,4450,RESULTED_IN
3065,4449,RESULTED_IN
3066,4448,RESULTED_IN
3069,4449,RESULTED_IN
3070,4449,RESULTED_IN
3070,4450,RESULTED_IN
3070,4448,RESULTED_IN
3073,4450,RESULTED_IN
3073,4449,RESULTED_IN
3074,4449,RESULTED_IN
3076,4450,RESULTED_IN
3077,4450,RESULTED_IN
3078,4449,RESULTED_IN
3079,4450,RESULTED_IN
3080,4450,RESULTED_IN
3084,4449,RESULTED_IN
3086,4452,RESULTED_IN
3086,4450,RESULTED_IN
3087,4450,RESULTED_IN
3088,4450,RESULTED_IN
3088,4449,RESULTED_IN
3092,4451,RESULTED_IN
3092,4449,RESULTED_IN
3092,4448,RESULTED_IN
3098,4449,RESULTED_IN
3098,4450,RESULTED_IN
3099,4450,RESULTED_IN
3100,4449,RESULTED_IN
3100,4450,RESULTED_IN
3101,4449,RESULTED_IN
3102,4449,RESULTED_IN
3104,4452,RESULTED_IN
3104,4450,RESULTED_IN
3105,4450,RESULTED_IN
3106,4449,RESULTED_IN
3106,4450,RESULTED_IN
3107,4449,RESULTED_IN
3108,4449,RESULTED_IN
3110,4450,RESULTED_IN
3112,4450,RESULTED_IN
3115,4450,RESULTED_IN
3116,4450,RESULTED_IN
3118,4450,RESULTED_IN
3120,4449,RESULTED_IN
3120,4451,RESULTED_IN
3121,4450,RESULTED_IN
3123,4449,RESULTED_IN
3124,4450,RESULTED_IN
3126,4448,RESULTED_IN
3133,4448,RESULTED_IN
3134,4449,RESULTED_IN
3135,4448,RESULTED_IN
3135,4449,RESULTED_IN
3137,4449,RESULTED_IN
3138,4450,RESULTED_IN
3138,4449,RESULTED_IN
3141,4450,RESULTED_IN
3141,4449,RESULTED_IN
3142,4450,RESULTED_IN
3144,4451,RESULTED_IN
3144,4449,RESULTED_IN
3144,4452,RESULTED_IN
3145,4449,RESULTED_IN
3145,4448,RESULTED_IN
3146,4449,RESULTED_IN
3146,4448,RESULTED_IN
3147,4449,RESULTED_IN
3148,4448,RESULTED_IN
3149,4450,RESULTED_IN
3150,4449,RESULTED_IN
3150,4450,RESULTED_IN
3151,4450,RESULTED_IN
3152,4450,RESULTED_IN
3154,4450,RESULTED_IN
3154,4451,RESULTED_IN
3156,4452,RESULTED_IN
3156,4450,RESULTED_IN
3157,4448,RESULTED_IN
3157,4450,RESULTED_IN
3159,4449,RESULTED_IN
3160,4450,RESULTED_IN
3161,4450,RESULTED_IN
3164,4449,RESULTED_IN
3164,4451,RESULTED_IN
3164,4450,RESULTED_IN
3164,4448,RESULTED_IN
3165,4450,RESULTED_IN
3167,4450,RESULTED_IN
3167,4449,RESULTED_IN
3168,4449,RESULTED_IN
3169,4451,RESULTED_IN
3169,4448,RESULTED_IN
3169,4450,RESULTED_IN
3169,4449,RESULTED_IN
3170,4450,RESULTED_IN
3171,4450,RESULTED_IN
3172,4449,RESULTED_IN
3173,4449,RESULTED_IN
3174,4449,RESULTED_IN
3174,4450,RESULTED_IN
3175,4450,RESULTED_IN
3175,4449,RESULTED_IN
3177,4449,RESULTED_IN
3178,4449,RESULTED_IN
3178,4450,RESULTED_IN
3179,4450,RESULTED_IN
3179,4449,RESULTED_IN
3180,4449,RESULTED_IN
3181,4448,RESULTED_IN
3181,4450,RESULTED_IN
3183,4450,RESULTED_IN
3184,4449,RESULTED_IN
3186,4450,RESULTED_IN
3187,4450,RESULTED_IN
3187,4451,RESULTED_IN
3188,4449,RESULTED_IN
3188,4448,RESULTED_IN
3189,4449,RESULTED_IN
3190,4448,RESULTED_IN
3190,4450,RESULTED_IN
3195,4448,RESULTED_IN
3198,4450,RESULTED_IN
3199,4450,RESULTED_IN
3203,4451,RESULTED_IN
3203,4450,RESULTED_IN
3204,4448,RESULTED_IN
3205,4450,RESULTED_IN
3206,4449,RESULTED_IN
3207,4448,RESULTED_IN
3208,4449,RESULTED_IN
3209,4448,RESULTED_IN
3211,4448,RESULTED_IN
3212,4449,RESULTED_IN
3215,4448,RESULTED_IN
3217,4449,RESULTED_IN
3218,4450,RESULTED_IN
3219,4450,RESULTED_IN
3220,4450,RESULTED_IN
3221,4449,RESULTED_IN
3225,4450,RESULTED_IN
3227,4451,RESULTED_IN
3228,4451,RESULTED_IN
3229,4449,RESULTED_IN
3230,4450,RESULTED_IN
3231,4449,RESULTED_IN
3231,4450,RESULTED_IN
3236,4450,RESULTED_IN
3237,4450,RESULTED_IN
3237,4449,RESULTED_IN
3239,4449,RESULTED_IN
3239,4450,RESULTED_IN
3242,4450,RESULTED_IN
3245,4449,RESULTED_IN
3248,4449,RESULTED_IN
3248,4450,RESULTED_IN
3250,4451,RESULTED_IN
3250,4450,RESULTED_IN
3251,4449,RESULTED_IN
3252,4449,RESULTED_IN
3253,4450,RESULTED_IN
3255,4450,RESULTED_IN
3256,4448,RESULTED_IN
3256,4449,RESULTED_IN
3258,4449,RESULTED_IN
3260,4449,RESULTED_IN
3261,4449,RESULTED_IN
3262,4449,RESULTED_IN
3264,4450,RESULTED_IN
3266,4449,RESULTED_IN
3267,4450,RESULTED_IN
3267,4449,RESULTED_IN
3268,4449,RESULTED_IN
3270,4449,RESULTED_IN
3270,4450,RESULTED_IN
3272,4449,RESULTED_IN
3272,4450,RESULTED_IN
3275,4449,RESULTED_IN
3276,4452,RESULTED_IN
3277,4449,RESULTED_IN
3280,4450,RESULTED_IN
3281,4449,RESULTED_IN
3283,4449,RESULTED_IN
3285,4449,RESULTED_IN
3286,4449,RESULTED_IN
3287,4450,RESULTED_IN
3288,4449,RESULTED_IN
3288,4450,RESULTED_IN
3291,4450,RESULTED_IN
3293,4449,RESULTED_IN
3295,4450,RESULTED_IN
3296,4449,RESULTED_IN
3298,4449,RESULTED_IN
3299,4449,RESULTED_IN
3301,4449,RESULTED_IN
3305,4451,RESULTED_IN
3309,4450,RESULTED_IN
3309,4449,RESULTED_IN
3310,4449,RESULTED_IN
3312,4450,RESULTED_IN
3313,4450,RESULTED_IN
3314,4449,RESULTED_IN
3316,4449,RESULTED_IN
3317,4448,RESULTED_IN
3318,4449,RESULTED_IN
3319,4450,RESULTED_IN
3320,4449,RESULTED_IN
3321,4450,RESULTED_IN
3322,4448,RESULTED_IN
3322,4449,RESULTED_IN
3322,4451,RESULTED_IN
3326,4450,RESULTED_IN
3326,4448,RESULTED_IN
3327,4448,RESULTED_IN
3327,4449,RESULTED_IN
3327,4451,RESULTED_IN
3327,4450,RESULTED_IN
3328,4450,RESULTED_IN
3329,4449,RESULTED_IN
3330,4450,RESULTED_IN
3334,4449,RESULTED_IN
3335,4449,RESULTED_IN
3338,4449,RESULTED_IN
3338,4450,RESULTED_IN
3341,4449,RESULTED_IN
3341,4450,RESULTED_IN
3342,4449,RESULTED_IN
3342,4450,RESULTED_IN
3343,4450,RESULTED_IN
3345,4449,RESULTED_IN
3346,4448,RESULTED_IN
3346,4450,RESULTED_IN
3346,4449,RESULTED_IN
3348,4449,RESULTED_IN
3352,4450,RESULTED_IN
3352,4449,RESULTED_IN
3353,4450,RESULTED_IN
3355,4450,RESULTED_IN
3355,4449,RESULTED_IN
3356,4449,RESULTED_IN
3361,4450,RESULTED_IN
3362,4450,RESULTED_IN
3366,4450,RESULTED_IN
3367,4450,RESULTED_IN
3368,4450,RESULTED_IN
3368,4448,RESULTED_IN
3370,4451,RESULTED_IN
3370,4449,RESULTED_IN
3373,4449,RESULTED_IN
3374,4449,RESULTED_IN
3374,4450,RESULTED_IN
3377,4448,RESULTED_IN
3377,4450,RESULTED_IN
3378,4449,RESULTED_IN
3379,4450,RESULTED_IN
3380,4451,RESULTED_IN
3381,4449,RESULTED_IN
3382,4449,RESULTED_IN
3383,4449,RESULTED_IN
3383,4450,RESULTED_IN
3384,4450,RESULTED_IN
3385,4449,RESULTED_IN
3385,4450,RESULTED_IN
3386,4450,RESULTED_IN
3389,4449,RESULTED_IN
3389,4450,RESULTED_IN
3391,4450,RESULTED_IN
3392,4449,RESULTED_IN
3392,4450,RESULTED_IN
3393,4450,RESULTED_IN
3394,4449,RESULTED_IN
3394,4450,RESULTED_IN
3395,4449,RESULTED_IN
3396,4449,RESULTED_IN
3398,4449,RESULTED_IN
3403,4449,RESULTED_IN
3404,4449,RESULTED_IN
3406,4450,RESULTED_IN
3410,4450,RESULTED_IN
3414,4449,RESULTED_IN
3415,4449,RESULTED_IN
3416,4450,RESULTED_IN
3418,4450,RESULTED_IN
3419,4449,RESULTED_IN
3421,4449,RESULTED_IN
3421,4450,RESULTED_IN
3422,4449,RESULTED_IN
3423,4448,RESULTED_IN
3427,4449,RESULTED_IN
3429,4449,RESULTED_IN
3430,4448,RESULTED_IN
3431,4450,RESULTED_IN
3432,4450,RESULTED_IN
3433,4449,RESULTED_IN
3433,4450,RESULTED_IN
3434,4449,RESULTED_IN
3434,4450,RESULTED_IN
3435,4450,RESULTED_IN
3438,4449,RESULTED_IN
3441,4448,RESULTED_IN
3443,4450,RESULTED_IN
3444,4449,RESULTED_IN
3444,4450,RESULTED_IN
3445,4449,RESULTED_IN
3445,4448,RESULTED_IN
3446,4450,RESULTED_IN
3448,4449,RESULTED_IN
3449,4450,RESULTED_IN
3450,4448,RESULTED_IN
3450,4449,RESULTED_IN
3450,4451,RESULTED_IN
3450,4450,RESULTED_IN
3453,4448,RESULTED_IN
3453,4450,RESULTED_IN
3458,4450,RESULTED_IN
3458,4449,RESULTED_IN
3459,4450,RESULTED_IN
3460,4449,RESULTED_IN
3460,4448,RESULTED_IN
3460,4450,RESULTED_IN
3463,4450,RESULTED_IN
3463,4449,RESULTED_IN
3465,4448,RESULTED_IN
3468,4448,RESULTED_IN
3469,4449,RESULTED_IN
3471,4449,RESULTED_IN
3472,4449,RESULTED_IN
3472,4450,RESULTED_IN
3473,4450,RESULTED_IN
3475,4450,RESULTED_IN
3475,4449,RESULTED_IN
3477,4450,RESULTED_IN
3478,4449,RESULTED_IN
3478,4450,RESULTED_IN
3479,4450,RESULTED_IN
3479,4448,RESULTED_IN
3481,4450,RESULTED_IN
3481,4449,RESULTED_IN
3482,4450,RESULTED_IN
3486,4450,RESULTED_IN
3486,4451,RESULTED_IN
3486,4452,RESULTED_IN
3487,4449,RESULTED_IN
3487,4450,RESULTED_IN
3488,4450,RESULTED_IN
3491,4450,RESULTED_IN
3492,4449,RESULTED_IN
3492,4450,RESULTED_IN
3493,4449,RESULTED_IN
3495,4450,RESULTED_IN
3497,4450,RESULTED_IN
3498,4448,RESULTED_IN
3499,4450,RESULTED_IN
3501,4448,RESULTED_IN
3501,4449,RESULTED_IN
3501,4451,RESULTED_IN
3501,4450,RESULTED_IN
3502,4448,RESULTED_IN
3503,4449,RESULTED_IN
3503,4450,RESULTED_IN
3505,4450,RESULTED_IN
3507,4450,RESULTED_IN
3510,4449,RESULTED_IN
3516,4449,RESULTED_IN
3517,4450,RESULTED_IN
3518,4449,RESULTED_IN
3518,4450,RESULTED_IN
3519,4449,RESULTED_IN
3519,4450,RESULTED_IN
3520,4449,RESULTED_IN
3521,4449,RESULTED_IN
3522,4450,RESULTED_IN
3522,4449,RESULTED_IN
3524,4449,RESULTED_IN
3524,4450,RESULTED_IN
3525,4449,RESULTED_IN
3527,4450,RESULTED_IN
3528,4450,RESULTED_IN
3531,4449,RESULTED_IN
3532,4449,RESULTED_IN
3534,4450,RESULTED_IN
3535,4450,RESULTED_IN
3536,4450,RESULTED_IN
3537,4450,RESULTED_IN
3539,4450,RESULTED_IN
3540,4448,RESULTED_IN
3541,4450,RESULTED_IN
3542,4450,RESULTED_IN
3543,4450,RESULTED_IN
3544,4450,RESULTED_IN
3545,4450,RESULTED_IN
3546,4449,RESULTED_IN
3548,4450,RESULTED_IN
3549,4450,RESULTED_IN
3550,4450,RESULTED_IN
3551,4450,RESULTED_IN
3552,4450,RESULTED_IN
3553,4450,RESULTED_IN
3554,4450,RESULTED_IN
3555,4450,RESULTED_IN
3556,4450,RESULTED_IN
3557,4450,RESULTED_IN
3560,4450,RESULTED_IN
3562,4450,RESULTED_IN
3562,4449,RESULTED_IN
3563,4450,RESULTED_IN
3564,4449,RESULTED_IN
3565,4450,RESULTED_IN
3565,4449,RESULTED_IN
3566,4450,RESULTED_IN
3566,4449,RESULTED_IN
3567,4448,RESULTED_IN
3567,4450,RESULTED_IN
3568,4450,RESULTED_IN
3568,4449,RESULTED_IN
3569,4450,RESULTED_IN
3570,4450,RESULTED_IN
3571,4449,RESULTED_IN
3573,4450,RESULTED_IN
3575,4448,RESULTED_IN
3578,4449,RESULTED_IN
3578,4450,RESULTED_IN
3579,4450,RESULTED_IN
3582,4450,RESULTED_IN
3583,4450,RESULTED_IN
3584,4450,RESULTED_IN
3587,4448,RESULTED_IN
3588,4448,RESULTED_IN
3588,4450,RESULTED_IN
3589,4448,RESULTED_IN
3591,4449,RESULTED_IN
3592,4450,RESULTED_IN
3592,4449,RESULTED_IN
3593,4450,RESULTED_IN
3594,4449,RESULTED_IN
3594,4450,RESULTED_IN
3595,4450,RESULTED_IN
3596,4449,RESULTED_IN
3598,4450,RESULTED_IN
3598,4449,RESULTED_IN
3599,4449,RESULTED_IN
3600,4450,RESULTED_IN
3601,4450,RESULTED_IN
3602,4450,RESULTED_IN
3603,4450,RESULTED_IN
3604,4450,RESULTED_IN
3605,4450,RESULTED_IN
3606,4450,RESULTED_IN
3608,4450,RESULTED_IN
3613,4449,RESULTED_IN
3613,4450,RESULTED_IN
3614,4450,RESULTED_IN
3615,4450,RESULTED_IN
3616,4450,RESULTED_IN
3617,4449,RESULTED_IN
3624,4449,RESULTED_IN
3626,4450,RESULTED_IN
3627,4450,RESULTED_IN
3628,4450,RESULTED_IN
3629,4450,RESULTED_IN
3632,4449,RESULTED_IN
3633,4450,RESULTED_IN
3635,4450,RESULTED_IN
3636,4449,RESULTED_IN
3639,4449,RESULTED_IN
3639,4448,RESULTED_IN
3643,4449,RESULTED_IN
3643,4451,RESULTED_IN
3643,4450,RESULTED_IN
3644,4450,RESULTED_IN
3645,4450,RESULTED_IN
3646,4450,RESULTED_IN
3647,4450,RESULTED_IN
3648,4450,RESULTED_IN
3649,4450,RESULTED_IN
3651,4450,RESULTED_IN
3651,4451,RESULTED_IN
3651,4448,RESULTED_IN
3652,4450,RESULTED_IN
3652,4449,RESULTED_IN
3653,4449,RESULTED_IN
3653,4448,RESULTED_IN
3655,4449,RESULTED_IN
3657,4450,RESULTED_IN
3658,4450,RESULTED_IN
3659,4450,RESULTED_IN
3660,4450,RESULTED_IN
3661,4450,RESULTED_IN
3662,4450,RESULTED_IN
3663,4450,RESULTED_IN
3664,4450,RESULTED_IN
3665,4450,RESULTED_IN
3666,4450,RESULTED_IN
3667,4450,RESULTED_IN
3668,4450,RESULTED_IN
3669,4450,RESULTED_IN
3670,4450,RESULTED_IN
3671,4450,RESULTED_IN
3672,4450,RESULTED_IN
3673,4450,RESULTED_IN
3674,4450,RESULTED_IN
3675,4450,RESULTED_IN
3676,4449,RESULTED_IN
3676,4450,RESULTED_IN
3677,4449,RESULTED_IN
3677,4448,RESULTED_IN
3686,4449,RESULTED_IN
3687,4449,RESULTED_IN
3688,4451,RESULTED_IN
3688,4449,RESULTED_IN
3688,4450,RESULTED_IN
3689,4449,RESULTED_IN
3690,4449,RESULTED_IN
3691,4450,RESULTED_IN
3692,4450,RESULTED_IN
3692,4449,RESULTED_IN
3693,4449,RESULTED_IN
3693,4450,RESULTED_IN
3694,4448,RESULTED_IN
3694,4449,RESULTED_IN
3695,4450,RESULTED_IN
3697,4450,RESULTED_IN
3697,4449,RESULTED_IN
3699,4448,RESULTED_IN
3700,4450,RESULTED_IN
3701,4449,RESULTED_IN
3701,4450,RESULTED_IN
3706,4449,RESULTED_IN
3708,4448,RESULTED_IN
3708,4449,RESULTED_IN
3710,4450,RESULTED_IN
3710,4449,RESULTED_IN
3711,4450,RESULTED_IN
3712,4449,RESULTED_IN
3713,4450,RESULTED_IN
3714,4450,RESULTED_IN
3718,4449,RESULTED_IN
3719,4450,RESULTED_IN
3720,4450,RESULTED_IN
3721,4450,RESULTED_IN
3722,4450,RESULTED_IN
3723,4450,RESULTED_IN
3724,4450,RESULTED_IN
3725,4450,RESULTED_IN
3726,4450,RESULTED_IN
3729,4449,RESULTED_IN
3732,4449,RESULTED_IN
3733,4449,RESULTED_IN
3734,4450,RESULTED_IN
3734,4449,RESULTED_IN
3734,4451,RESULTED_IN
3735,4449,RESULTED_IN
3736,4449,RESULTED_IN
3737,4449,RESULTED_IN
3738,4448,RESULTED_IN
3738,4450,RESULTED_IN
3739,4451,RESULTED_IN
3739,4449,RESULTED_IN
3739,4452,RESULTED_IN
3739,4448,RESULTED_IN
3739,4450,RESULTED_IN
3740,4449,RESULTED_IN
3742,4450,RESULTED_IN
3743,4450,RESULTED_IN
3744,4450,RESULTED_IN
3746,4449,RESULTED_IN
3750,4450,RESULTED_IN
3750,4452,RESULTED_IN
3750,4449,RESULTED_IN
3751,4450,RESULTED_IN
3751,4449,RESULTED_IN
3756,4450,RESULTED_IN
3758,4449,RESULTED_IN
3768,4450,RESULTED_IN
3768,4449,RESULTED_IN
3769,4450,RESULTED_IN
3769,4449,RESULTED_IN
3771,4449,RESULTED_IN
3771,4450,RESULTED_IN
3772,4450,RESULTED_IN
3773,4450,RESULTED_IN
3774,4450,RESULTED_IN
3775,4450,RESULTED_IN
3776,4450,RESULTED_IN
3777,4450,RESULTED_IN
3779,4450,RESULTED_IN
3780,4449,RESULTED_IN
3784,4449,RESULTED_IN
3786,4450,RESULTED_IN
3787,4450,RESULTED_IN
3788,4450,RESULTED_IN
3789,4449,RESULTED_IN
3791,4450,RESULTED_IN
3791,4449,RESULTED_IN
3792,4450,RESULTED_IN
3795,4450,RESULTED_IN
3795,4448,RESULTED_IN
3795,4449,RESULTED_IN
3797,4450,RESULTED_IN
3798,4450,RESULTED_IN
3799,4450,RESULTED_IN
3801,4448,RESULTED_IN
3802,4450,RESULTED_IN
3804,4450,RESULTED_IN
3805,4450,RESULTED_IN
3806,4450,RESULTED_IN
3808,4450,RESULTED_IN
3808,4451,RESULTED_IN
3809,4450,RESULTED_IN
3810,4450,RESULTED_IN
3810,4449,RESULTED_IN
3812,4450,RESULTED_IN
3813,4450,RESULTED_IN
3815,4448,RESULTED_IN
3816,4449,RESULTED_IN
3818,4450,RESULTED_IN
3819,4450,RESULTED_IN
3820,4450,RESULTED_IN
3821,4448,RESULTED_IN
3822,4450,RESULTED_IN
3823,4450,RESULTED_IN
3824,4450,RESULTED_IN
3825,4450,RESULTED_IN
3826,4450,RESULTED_IN
3827,4450,RESULTED_IN
3828,4449,RESULTED_IN
3829,4449,RESULTED_IN
3830,4450,RESULTED_IN
3831,4450,RESULTED_IN
3832,4450,RESULTED_IN
3833,4449,RESULTED_IN
3834,4449,RESULTED_IN
3835,4450,RESULTED_IN
3836,4448,RESULTED_IN
3836,4449,RESULTED_IN
3837,4450,RESULTED_IN
3838,4449,RESULTED_IN
3839,4450,RESULTED_IN
3841,4448,RESULTED_IN
3842,4450,RESULTED_IN
3843,4449,RESULTED_IN
3844,4450,RESULTED_IN
3845,4450,RESULTED_IN
3847,4450,RESULTED_IN
3848,4450,RESULTED_IN
3849,4450,RESULTED_IN
3853,4448,RESULTED_IN
3853,4450,RESULTED_IN
3855,4448,RESULTED_IN
3855,4450,RESULTED_IN
3857,4450,RESULTED_IN
3858,4450,RESULTED_IN
3859,4450,RESULTED_IN
3860,4450,RESULTED_IN
3861,4449,RESULTED_IN
3862,4450,RESULTED_IN
3863,4450,RESULTED_IN
3864,4450,RESULTED_IN
3866,4449,RESULTED_IN
3867,4449,RESULTED_IN
3868,4450,RESULTED_IN
3869,4450,RESULTED_IN
3869,4449,RESULTED_IN
3870,4449,RESULTED_IN
3870,4450,RESULTED_IN
3871,4449,RESULTED_IN
3872,4449,RESULTED_IN
3874,4449,RESULTED_IN
3875,4449,RESULTED_IN
3875,4448,RESULTED_IN
3875,4450,RESULTED_IN
3876,4449,RESULTED_IN
3877,4449,RESULTED_IN
3878,4449,RESULTED_IN
3879,4449,RESULTED_IN
3880,4450,RESULTED_IN
3881,4450,RESULTED_IN
3881,4449,RESULTED_IN
3882,4450,RESULTED_IN
3883,4449,RESULTED_IN
3884,4449,RESULTED_IN
3884,4450,RESULTED_IN
3885,4449,RESULTED_IN
3885,4450,RESULTED_IN
3886,4450,RESULTED_IN
3888,4450,RESULTED_IN
3891,4450,RESULTED_IN
3892,4449,RESULTED_IN
3893,4449,RESULTED_IN
3894,4450,RESULTED_IN
3895,4449,RESULTED_IN
3896,4450,RESULTED_IN
3897,4449,RESULTED_IN
3898,4450,RESULTED_IN
3899,4450,RESULTED_IN
3900,4450,RESULTED_IN
3902,4450,RESULTED_IN
3902,4449,RESULTED_IN
3903,4449,RESULTED_IN
3903,4450,RESULTED_IN
3905,4448,RESULTED_IN
3907,4449,RESULTED_IN
3908,4450,RESULTED_IN
3909,4448,RESULTED_IN
3910,4449,RESULTED_IN
3910,4450,RESULTED_IN
3911,4449,RESULTED_IN
3912,4450,RESULTED_IN
3913,4449,RESULTED_IN
3913,4448,RESULTED_IN
3914,4450,RESULTED_IN
3915,4452,RESULTED_IN
3915,4449,RESULTED_IN
3915,4450,RESULTED_IN
3918,4450,RESULTED_IN
3920,4450,RESULTED_IN
3921,4450,RESULTED_IN
3922,4450,RESULTED_IN
3923,4450,RESULTED_IN
3924,4449,RESULTED_IN
3925,4450,RESULTED_IN
3925,4449,RESULTED_IN
3926,4449,RESULTED_IN
3927,4450,RESULTED_IN
3928,4450,RESULTED_IN
3929,4450,RESULTED_IN
3930,4450,RESULTED_IN
3931,4450,RESULTED_IN
3932,4450,RESULTED_IN
3933,4448,RESULTED_IN
3933,4449,RESULTED_IN
3936,4448,RESULTED_IN
3936,4450,RESULTED_IN
3937,4449,RESULTED_IN
3938,4450,RESULTED_IN
3941,4450,RESULTED_IN
3942,4450,RESULTED_IN
3943,4450,RESULTED_IN
3944,4450,RESULTED_IN
3945,4450,RESULTED_IN
3946,4450,RESULTED_IN
3947,4450,RESULTED_IN
3948,4450,RESULTED_IN
3949,4450,RESULTED_IN
3950,4450,RESULTED_IN
3951,4450,RESULTED_IN
3953,4450,RESULTED_IN
3954,4450,RESULTED_IN
3957,4450,RESULTED_IN
3960,4449,RESULTED_IN
3961,4449,RESULTED_IN
3963,4449,RESULTED_IN
3963,4451,RESULTED_IN
3964,4449,RESULTED_IN
3964,4450,RESULTED_IN
3965,4450,RESULTED_IN
3967,4449,RESULTED_IN
3978,4450,RESULTED_IN
3979,4449,RESULTED_IN
3980,4449,RESULTED_IN
3980,4448,RESULTED_IN
3981,4450,RESULTED_IN
3981,4449,RESULTED_IN
3981,4448,RESULTED_IN
3982,4449,RESULTED_IN
3983,4449,RESULTED_IN
3986,4449,RESULTED_IN
3987,4450,RESULTED_IN
3988,4450,RESULTED_IN
3989,4449,RESULTED_IN
3991,4450,RESULTED_IN
3992,4449,RESULTED_IN
3994,4450,RESULTED_IN
3994,4449,RESULTED_IN
3995,4449,RESULTED_IN
3996,4450,RESULTED_IN
3996,4449,RESULTED_IN
3998,4449,RESULTED_IN
3999,4449,RESULTED_IN
4000,4450,RESULTED_IN
4002,4450,RESULTED_IN
4002,4449,RESULTED_IN
4003,4449,RESULTED_IN
4004,4449,RESULTED_IN
4005,4450,RESULTED_IN
4005,4449,RESULTED_IN
4006,4449,RESULTED_IN
4006,4450,RESULTED_IN
4007,4449,RESULTED_IN
4008,4449,RESULTED_IN
4008,4451,RESULTED_IN
4010,4450,RESULTED_IN
4010,4449,RESULTED_IN
4012,4449,RESULTED_IN
4013,4450,RESULTED_IN
4015,4449,RESULTED_IN
4015,4450,RESULTED_IN
4017,4449,RESULTED_IN
4018,4449,RESULTED_IN
4020,4449,RESULTED_IN
4021,4450,RESULTED_IN
4022,4450,RESULTED_IN
4024,4450,RESULTED_IN
4025,4450,RESULTED_IN
4026,4449,RESULTED_IN
4027,4449,RESULTED_IN
4029,4450,RESULTED_IN
4029,4449,RESULTED_IN
4031,4448,RESULTED_IN
4032,4449,RESULTED_IN
4032,4450,RESULTED_IN
4033,4451,RESULTED_IN
4033,4449,RESULTED_IN
4034,4449,RESULTED_IN
4035,4450,RESULTED_IN
4037,4450,RESULTED_IN
4038,4450,RESULTED_IN
4042,4450,RESULTED_IN
4043,4450,RESULTED_IN
4043,4449,RESULTED_IN
4043,4451,RESULTED_IN
4044,4450,RESULTED_IN
4044,4449,RESULTED_IN
4045,4450,RESULTED_IN
4046,4450,RESULTED_IN
4047,4448,RESULTED_IN
4049,4449,RESULTED_IN
4050,4449,RESULTED_IN
4051,4449,RESULTED_IN
4051,4450,RESULTED_IN
4052,4449,RESULTED_IN
4055,4449,RESULTED_IN
4059,4450,RESULTED_IN
4061,4450,RESULTED_IN
4065,4449,RESULTED_IN
4065,4450,RESULTED_IN
4069,4450,RESULTED_IN
4069,4449,RESULTED_IN
4069,4448,RESULTED_IN
4070,4448,RESULTED_IN
4071,4450,RESULTED_IN
4071,4448,RESULTED_IN
4074,4450,RESULTED_IN
4074,4448,RESULTED_IN
4077,4449,RESULTED_IN
4078,4449,RESULTED_IN
4082,4449,RESULTED_IN
4083,4450,RESULTED_IN
4083,4449,RESULTED_IN
4083,4448,RESULTED_IN
4083,4451,RESULTED_IN
4086,4449,RESULTED_IN
4088,4449,RESULTED_IN
4089,4450,RESULTED_IN
4102,4448,RESULTED_IN
4102,4450,RESULTED_IN
4102,4449,RESULTED_IN
4103,4449,RESULTED_IN
4104,4449,RESULTED_IN
4107,4450,RESULTED_IN
4108,4450,RESULTED_IN
4109,4449,RESULTED_IN
4109,4450,RESULTED_IN
4110,4449,RESULTED_IN
4111,4449,RESULTED_IN
4111,4450,RESULTED_IN
4111,4451,RESULTED_IN
4116,4450,RESULTED_IN
4120,4449,RESULTED_IN
4121,4449,RESULTED_IN
4124,4449,RESULTED_IN
4125,4448,RESULTED_IN
4126,4450,RESULTED_IN
4127,4450,RESULTED_IN
4127,4448,RESULTED_IN
4131,4449,RESULTED_IN
4134,4448,RESULTED_IN
4136,4449,RESULTED_IN
4137,4450,RESULTED_IN
4137,4449,RESULTED_IN
4138,4449,RESULTED_IN
4139,4451,RESULTED_IN
4139,4449,RESULTED_IN
4139,4450,RESULTED_IN
4140,4450,RESULTED_IN
4140,4449,RESULTED_IN
4141,4449,RESULTED_IN
4142,4449,RESULTED_IN
4142,4450,RESULTED_IN
4144,4449,RESULTED_IN
4146,4449,RESULTED_IN
4146,4450,RESULTED_IN
4149,4449,RESULTED_IN
4150,4450,RESULTED_IN
4152,4450,RESULTED_IN
4153,4450,RESULTED_IN
4154,4450,RESULTED_IN
4155,4448,RESULTED_IN
4156,4453,RESULTED_IN
4156,4450,RESULTED_IN
4160,4450,RESULTED_IN
4161,4450,RESULTED_IN
4161,4449,RESULTED_IN
4163,4449,RESULTED_IN
4164,4449,RESULTED_IN
4166,4449,RESULTED_IN
4167,4450,RESULTED_IN
4167,4449,RESULTED_IN
4169,4449,RESULTED_IN
4172,4449,RESULTED_IN
4173,4450,RESULTED_IN
4173,4449,RESULTED_IN
4174,4449,RESULTED_IN
4174,4450,RESULTED_IN
4175,4449,RESULTED_IN
4176,4450,RESULTED_IN
4176,4451,RESULTED_IN
4176,4449,RESULTED_IN
4177,4449,RESULTED_IN
4178,4450,RESULTED_IN
4179,4450,RESULTED_IN
4180,4449,RESULTED_IN
4181,4449,RESULTED_IN
4181,4450,RESULTED_IN
4182,4449,RESULTED_IN
4183,4449,RESULTED_IN
4183,4450,RESULTED_IN
4184,4450,RESULTED_IN
4185,4450,RESULTED_IN
4186,4450,RESULTED_IN
4188,4449,RESULTED_IN
4190,4449,RESULTED_IN
4191,4449,RESULTED_IN
4192,4449,RESULTED_IN
4192,4450,RESULTED_IN
4194,4451,RESULTED_IN
4194,4449,RESULTED_IN
4194,4450,RESULTED_IN
4195,4450,RESULTED_IN
4196,4450,RESULTED_IN
4196,4449,RESULTED_IN
4198,4450,RESULTED_IN
4198,4449,RESULTED_IN
4200,4449,RESULTED_IN
4200,4450,RESULTED_IN
4201,4450,RESULTED_IN
4202,4449,RESULTED_IN
4203,4449,RESULTED_IN
4203,4450,RESULTED_IN
4204,4450,RESULTED_IN
4205,4450,RESULTED_IN
4205,4449,RESULTED_IN
4206,4450,RESULTED_IN
4207,4450,RESULTED_IN
4208,4449,RESULTED_IN
4208,4450,RESULTED_IN
4209,4450,RESULTED_IN
4209,4448,RESULTED_IN
4210,4452,RESULTED_IN
4210,4450,RESULTED_IN
4211,4449,RESULTED_IN
4211,4450,RESULTED_IN
4212,4449,RESULTED_IN
4213,4450,RESULTED_IN
4213,4449,RESULTED_IN
4215,4449,RESULTED_IN
4215,4450,RESULTED_IN
4217,4450,RESULTED_IN
4217,4449,RESULTED_IN
4219,4450,RESULTED_IN
4220,4450,RESULTED_IN
4221,4449,RESULTED_IN
4222,4450,RESULTED_IN
4223,4450,RESULTED_IN
4224,4450,RESULTED_IN
4224,4449,RESULTED_IN
4225,4450,RESULTED_IN
4225,4448,RESULTED_IN
4226,4450,RESULTED_IN
4226,4452,RESULTED_IN
4227,4450,RESULTED_IN
4228,4450,RESULTED_IN
4230,4450,RESULTED_IN
4231,4450,RESULTED_IN
4231,4449,RESULTED_IN
4232,4450,RESULTED_IN
4233,4450,RESULTED_IN
4233,4451,RESULTED_IN
4233,4449,RESULTED_IN
4234,4448,RESULTED_IN
4234,4449,RESULTED_IN
4237,4449,RESULTED_IN
4237,4450,RESULTED_IN
4238,4449,RESULTED_IN
4238,4450,RESULTED_IN
4239,4450,RESULTED_IN
4239,4449,RESULTED_IN
4240,4450,RESULTED_IN
4240,4449,RESULTED_IN
4242,4450,RESULTED_IN
4242,4449,RESULTED_IN
4243,4450,RESULTED_IN
4243,4449,RESULTED_IN
4244,4450,RESULTED_IN
4245,4450,RESULTED_IN
4246,4449,RESULTED_IN
4246,4450,RESULTED_IN
4247,4450,RESULTED_IN
4248,4450,RESULTED_IN
4248,4449,RESULTED_IN
4249,4450,RESULTED_IN
4249,4449,RESULTED_IN
4251,4449,RESULTED_IN
4251,4450,RESULTED_IN
4253,4450,RESULTED_IN
4256,4450,RESULTED_IN
4256,4449,RESULTED_IN
4257,4450,RESULTED_IN
4258,4449,RESULTED_IN
4258,4450,RESULTED_IN
4259,4450,RESULTED_IN
4259,4449,RESULTED_IN
4260,4450,RESULTED_IN
4261,4449,RESULTED_IN
4261,4450,RESULTED_IN
4262,4449,RESULTED_IN
4263,4449,RESULTED_IN
4264,4449,RESULTED_IN
4265,4450,RESULTED_IN
4266,4450,RESULTED_IN
4266,4449,RESULTED_IN
4267,4450,RESULTED_IN
4267,4449,RESULTED_IN
4268,4451,RESULTED_IN
4268,4449,RESULTED_IN
4268,4450,RESULTED_IN
4271,4448,RESULTED_IN
4271,4449,RESULTED_IN
4272,4449,RESULTED_IN
4273,4449,RESULTED_IN
4274,4450,RESULTED_IN
4274,4449,RESULTED_IN
4275,4450,RESULTED_IN
4276,4450,RESULTED_IN
4276,4449,RESULTED_IN
4277,4450,RESULTED_IN
4278,4450,RESULTED_IN
4279,4449,RESULTED_IN
4280,4449,RESULTED_IN
4281,4449,RESULTED_IN
4282,4450,RESULTED_IN
4283,4450,RESULTED_IN
4284,4450,RESULTED_IN
4285,4449,RESULTED_IN
4286,4450,RESULTED_IN
4287,4450,RESULTED_IN
4288,4450,RESULTED_IN
4289,4450,RESULTED_IN
4290,4450,RESULTED_IN
4290,4452,RESULTED_IN
4291,4450,RESULTED_IN
4292,4451,RESULTED_IN
4292,4449,RESULTED_IN
4293,4450,RESULTED_IN
4294,4450,RESULTED_IN
4294,4449,RESULTED_IN
4295,4450,RESULTED_IN
4295,4449,RESULTED_IN
4296,4450,RESULTED_IN
4298,4449,RESULTED_IN
4301,4450,RESULTED_IN
4301,4449,RESULTED_IN
4304,4449,RESULTED_IN
4305,4451,RESULTED_IN
4305,4449,RESULTED_IN
4305,4448,RESULTED_IN
4305,4450,RESULTED_IN
4306,4450,RESULTED_IN
4307,4449,RESULTED_IN
4307,4451,RESULTED_IN
4307,4450,RESULTED_IN
4308,4450,RESULTED_IN
4310,4449,RESULTED_IN
4310,4450,RESULTED_IN
4311,4449,RESULTED_IN
4311,4450,RESULTED_IN
4312,4449,RESULTED_IN
4313,4449,RESULTED_IN
4313,4450,RESULTED_IN
4314,4450,RESULTED_IN
4315,4449,RESULTED_IN
4315,4450,RESULTED_IN
4316,4450,RESULTED_IN
4317,4450,RESULTED_IN
4317,4449,RESULTED_IN
4318,4449,RESULTED_IN
4319,4449,RESULTED_IN
4319,4450,RESULTED_IN
4320,4448,RESULTED_IN
4320,4449,RESULTED_IN
4321,4450,RESULTED_IN
4322,4450,RESULTED_IN
4322,4449,RESULTED_IN
4323,4450,RESULTED_IN
4324,4450,RESULTED_IN
4324,4449,RESULTED_IN
4325,4449,RESULTED_IN
4325,4450,RESULTED_IN
4326,4449,RESULTED_IN
4327,4449,RESULTED_IN
4328,4449,RESULTED_IN
4328,4451,RESULTED_IN
4328,4448,RESULTED_IN
4329,4450,RESULTED_IN
4330,4450,RESULTED_IN
4330,4449,RESULTED_IN
4331,4449,RESULTED_IN
4331,4450,RESULTED_IN
4332,4450,RESULTED_IN
4333,4449,RESULTED_IN
4333,4450,RESULTED_IN
4334,4449,RESULTED_IN
4334,4450,RESULTED_IN
4335,4450,RESULTED_IN
4336,4450,RESULTED_IN
4336,4452,RESULTED_IN
4337,4450,RESULTED_IN
4337,4449,RESULTED_IN
4338,4449,RESULTED_IN
4340,4450,RESULTED_IN
4341,4449,RESULTED_IN
4341,4450,RESULTED_IN
4342,4449,RESULTED_IN
4342,4450,RESULTED_IN
4344,4449,RESULTED_IN
4344,4450,RESULTED_IN
4345,4450,RESULTED_IN
4346,4450,RESULTED_IN
4346,4449,RESULTED_IN
4348,4449,RESULTED_IN
4348,4450,RESULTED_IN
4349,4450,RESULTED_IN
4350,4450,RESULTED_IN
4351,4449,RESULTED_IN
4351,4450,RESULTED_IN
4352,4450,RESULTED_IN
4353,4449,RESULTED_IN
4353,4450,RESULTED_IN
4354,4450,RESULTED_IN
4354,4449,RESULTED_IN
4355,4449,RESULTED_IN
4355,4451,RESULTED_IN
4356,4449,RESULTED_IN
4356,4450,RESULTED_IN
4357,4450,RESULTED_IN
4357,4449,RESULTED_IN
4358,4450,RESULTED_IN
4359,4449,RESULTED_IN
4359,4450,RESULTED_IN
4361,4449,RESULTED_IN
4361,4450,RESULTED_IN
4362,4450,RESULTED_IN
4362,4449,RESULTED_IN
4363,4450,RESULTED_IN
4363,4449,RESULTED_IN
4364,4449,RESULTED_IN
4364,4450,RESULTED_IN
4365,4448,RESULTED_IN
4365,4450,RESULTED_IN
4365,4449,RESULTED_IN
4366,4449,RESULTED_IN
4366,4450,RESULTED_IN
4367,4450,RESULTED_IN
4368,4450,RESULTED_IN
4368,4449,RESULTED_IN
4371,4450,RESULTED_IN
4372,4450,RESULTED_IN
4373,4450,RESULTED_IN
4373,4449,RESULTED_IN
4374,4450,RESULTED_IN
4375,4449,RESULTED_IN
4375,4450,RESULTED_IN
4376,4449,RESULTED_IN
4377,4449,RESULTED_IN
4378,4450,RESULTED_IN
4378,4449,RESULTED_IN
4379,4450,RESULTED_IN
4380,4449,RESULTED_IN
4380,4448,RESULTED_IN
4380,4452,RESULTED_IN
4381,4450,RESULTED_IN
4381,4449,RESULTED_IN
4382,4449,RESULTED_IN
4382,4453,RESULTED_IN
4382,4450,RESULTED_IN
4383,4450,RESULTED_IN
4384,4450,RESULTED_IN
4385,4449,RESULTED_IN
4385,4450,RESULTED_IN
4385,4451,RESULTED_IN
4386,4450,RESULTED_IN
4386,4449,RESULTED_IN
4387,4450,RESULTED_IN
4387,4449,RESULTED_IN
4388,4450,RESULTED_IN
4388,4449,RESULTED_IN
4390,4450,RESULTED_IN
4391,4449,RESULTED_IN
4392,4450,RESULTED_IN
4392,4449,RESULTED_IN
4393,4450,RESULTED_IN
4394,4449,RESULTED_IN
4395,4450,RESULTED_IN
4396,4449,RESULTED_IN
4396,4450,RESULTED_IN
4397,4450,RESULTED_IN
4397,4449,RESULTED_IN
4398,4450,RESULTED_IN
4398,4449,RESULTED_IN
4399,4449,RESULTED_IN
4399,4450,RESULTED_IN
4400,4448,RESULTED_IN
4400,4449,RESULTED_IN
4400,4450,RESULTED_IN
4401,4449,RESULTED_IN
4401,4450,RESULTED_IN
4402,4450,RESULTED_IN
4403,4450,RESULTED_IN
4404,4449,RESULTED_IN
4404,4450,RESULTED_IN
4405,4449,RESULTED_IN
4405,4450,RESULTED_IN
4406,4450,RESULTED_IN
4407,4450,RESULTED_IN
4408,4449,RESULTED_IN
4409,4450,RESULTED_IN
4409,4449,RESULTED_IN
4410,4449,RESULTED_IN
4411,4449,RESULTED_IN
4411,4448,RESULTED_IN
4412,4450,RESULTED_IN
4412,4449,RESULTED_IN
4413,4450,RESULTED_IN
4413,4449,RESULTED_IN
4414,4450,RESULTED_IN
4415,4450,RESULTED_IN
4416,4449,RESULTED_IN
4417,4449,RESULTED_IN
4418,4449,RESULTED_IN
4418,4450,RESULTED_IN
4418,4451,RESULTED_IN
4419,4450,RESULTED_IN
4420,4449,RESULTED_IN
4421,4450,RESULTED_IN
4421,4449,RESULTED_IN
4422,4451,RESULTED_IN
4422,4449,RESULTED_IN
4423,4449,RESULTED_IN
4423,4450,RESULTED_IN
4424,4450,RESULTED_IN
4424,4449,RESULTED_IN
4424,4448,RESULTED_IN
4425,4450,RESULTED_IN
4425,4449,RESULTED_IN
4425,4448,RESULTED_IN
4426,4449,RESULTED_IN
4426,4451,RESULTED_IN
4427,4449,RESULTED_IN
4427,4451,RESULTED_IN
4428,4449,RESULTED_IN
4428,4450,RESULTED_IN
4429,4450,RESULTED_IN
4429,4449,RESULTED_IN
4430,4450,RESULTED_IN
4431,4448,RESULTED_IN
4431,4449,RESULTED_IN
4432,4450,RESULTED_IN
4433,4451,RESULTED_IN
4433,4449,RESULTED_IN
4434,4449,RESULTED_IN
4434,4450,RESULTED_IN
4435,4449,RESULTED_IN
4435,4450,RESULTED_IN
4436,4450,RESULTED_IN
4437,4449,RESULTED_IN
4438,4450,RESULTED_IN
4439,4449,RESULTED_IN
4439,4450,RESULTED_IN
4440,4448,RESULTED_IN
4440,4449,RESULTED_IN
4440,4450,RESULTED_IN
4441,4449,RESULTED_IN
4442,4449,RESULTED_IN
4444,4449,RESULTED_IN
4445,4449,RESULTED_IN
4445,4450,RESULTED_IN
4445,4451,RESULTED_IN
4446,4449,RESULTED_IN
4447,4449,RESULTED_IN
4447,4450,RESULTED_IN
