{
  "version": "1.2.0-beta.0",
  "graph": {
    "nodes": [
      {
        "id": "n0",
        "position": {
          "x": 0,
          "y": 146.00230094495006
        },
        "caption": "AgeGroup"
      },
      {
        "id": "n1",
        "position": {
          "x": 273.2358924535036,
          "y": 325.2142677769551
        },
        "caption": "Case"
      },
      {
        "id": "n2",
        "position": {
          "x": 273.2358924535036,
          "y": 0
        },
        "caption": "Drug"
      },
      {
        "id": "n3",
        "position": {
          "x": 0,
          "y": 393.8338330958364
        },
        "caption": "Manufacturer"
      },
      {
        "id": "n4",
        "position": {
          "x": 527.9001430797724,
          "y": 393.8338330958364
        },
        "caption": "Outcome"
      },
      {
        "id": "n5",
        "position": {
          "x": 156.20398044687215,
          "y": 553.9882723299118
        },
        "caption": "Reaction"
      },
      {
        "id": "n6",
        "position": {
          "x": 390.26780446013504,
          "y": 553.9882723299118
        },
        "caption": "ReportSource"
      },
      {
        "id": "n7",
        "position": {
          "x": 527.9001430797724,
          "y": 204.74594363166077
        },
        "caption": "Therapy"
      }
    ],
    "relationships": [
      {
        "id": "n0",
        "type": "FALLS_UNDER",
        "fromId": "n1",
        "toId": "n0"
      },
      {
        "id": "n1",
        "type": "HAS_REACTION",
        "fromId": "n1",
        "toId": "n5"
      },
      {
        "id": "n2",
        "type": "IS_CONCOMITANT",
        "fromId": "n1",
        "toId": "n2"
      },
      {
        "id": "n3",
        "type": "IS_INTERACTING",
        "fromId": "n1",
        "toId": "n2"
      },
      {
        "id": "n4",
        "type": "IS_PRIMARY_SUSPECT",
        "fromId": "n1",
        "toId": "n2"
      },
      {
        "id": "n5",
        "type": "IS_SECONDARY_SUSPECT",
        "fromId": "n1",
        "toId": "n2"
      },
      {
        "id": "n6",
        "type": "PRESCRIBED",
        "fromId": "n7",
        "toId": "n2"
      },
      {
        "id": "n7",
        "type": "RECEIVED",
        "fromId": "n1",
        "toId": "n7"
      },
      {
        "id": "n8",
        "type": "REGISTERED",
        "fromId": "n3",
        "toId": "n1"
      },
      {
        "id": "n9",
        "type": "REPORTED_BY",
        "fromId": "n1",
        "toId": "n6"
      },
      {
        "id": "n10",
        "type": "RESULTED_IN",
        "fromId": "n1",
        "toId": "n4"
      }
    ]
  },
  "dataModel": {
    "version": "1.2.0-beta.0",
    "graphSchemaRepresentation": {
      "version": "1.0.0",
      "graphSchema": {
        "nodeLabels": [
          {
            "$id": "nl:n0",
            "token": "AgeGroup"
          },
          {
            "$id": "nl:n1",
            "token": "Case"
          },
          {
            "$id": "nl:n2",
            "token": "Drug"
          },
          {
            "$id": "nl:n3",
            "token": "Manufacturer"
          },
          {
            "$id": "nl:n4",
            "token": "Outcome"
          },
          {
            "$id": "nl:n5",
            "token": "Reaction"
          },
          {
            "$id": "nl:n6",
            "token": "ReportSource"
          },
          {
            "$id": "nl:n7",
            "token": "Therapy"
          }
        ],
        "relationshipTypes": [
          {
            "$id": "rt:n0",
            "token": "FALLS_UNDER"
          },
          {
            "$id": "rt:n1",
            "token": "HAS_REACTION"
          },
          {
            "$id": "rt:n2",
            "token": "IS_CONCOMITANT"
          },
          {
            "$id": "rt:n3",
            "token": "IS_INTERACTING"
          },
          {
            "$id": "rt:n4",
            "token": "IS_PRIMARY_SUSPECT"
          },
          {
            "$id": "rt:n5",
            "token": "IS_SECONDARY_SUSPECT"
          },
          {
            "$id": "rt:n6",
            "token": "PRESCRIBED"
          },
          {
            "$id": "rt:n7",
            "token": "RECEIVED"
          },
          {
            "$id": "rt:n8",
            "token": "REGISTERED"
          },
          {
            "$id": "rt:n9",
            "token": "REPORTED_BY"
          },
          {
            "$id": "rt:n10",
            "token": "RESULTED_IN"
          }
        ],
        "nodeObjectTypes": [
          {
            "$id": "n:n0",
            "labels": [
              {
                "$ref": "#nl:n0"
              }
            ],
            "properties": [
              {
                "$id": "p:1",
                "token": "id",
                "type": {
                  "type": "integer"
                },
                "nullable": true
              },
              {
                "$id": "p:2",
                "token": "ageGroup",
                "type": {
                  "type": "string"
                },
                "nullable": true
              }
            ]
          },
          {
            "$id": "n:n1",
            "labels": [
              {
                "$ref": "#nl:n1"
              }
            ],
            "properties": [
              {
                "$id": "p:3",
                "token": "id",
                "type": {
                  "type": "integer"
                },
                "nullable": true
              },
              {
                "$id": "p:4",
                "token": "reporterOccupation",
                "type": {
                  "type": "string"
                },
                "nullable": true
              },
              {
                "$id": "p:5",
                "token": "gender",
                "type": {
                  "type": "string"
                },
                "nullable": true
              },
              {
                "$id": "p:6",
                "token": "eventDate",
                "type": {
                  "type": "datetime"
                },
                "nullable": true
              },
              {
                "$id": "p:7",
                "token": "reportDate",
                "type": {
                  "type": "datetime"
                },
                "nullable": true
              },
              {
                "$id": "p:8",
                "token": "primaryid",
                "type": {
                  "type": "integer"
                },
                "nullable": true
              },
              {
                "$id": "p:9",
                "token": "age",
                "type": {
                  "type": "float"
                },
                "nullable": true
              },
              {
                "$id": "p:10",
                "token": "ageUnit",
                "type": {
                  "type": "string"
                },
                "nullable": true
              }
            ]
          },
          {
            "$id": "n:n2",
            "labels": [
              {
                "$ref": "#nl:n2"
              }
            ],
            "properties": [
              {
                "$id": "p:11",
                "token": "id",
                "type": {
                  "type": "integer"
                },
                "nullable": true
              },
              {
                "$id": "p:12",
                "token": "primarySubstabce",
                "type": {
                  "type": "string"
                },
                "nullable": true
              },
              {
                "$id": "p:13",
                "token": "name",
                "type": {
                  "type": "string"
                },
                "nullable": true
              }
            ]
          },
          {
            "$id": "n:n3",
            "labels": [
              {
                "$ref": "#nl:n3"
              }
            ],
            "properties": [
              {
                "$id": "p:14",
                "token": "id",
                "type": {
                  "type": "integer"
                },
                "nullable": true
              },
              {
                "$id": "p:15",
                "token": "manufacturerName",
                "type": {
                  "type": "string"
                },
                "nullable": true
              }
            ]
          },
          {
            "$id": "n:n4",
            "labels": [
              {
                "$ref": "#nl:n4"
              }
            ],
            "properties": [
              {
                "$id": "p:16",
                "token": "id",
                "type": {
                  "type": "integer"
                },
                "nullable": true
              },
              {
                "$id": "p:17",
                "token": "outcome",
                "type": {
                  "type": "string"
                },
                "nullable": true
              },
              {
                "$id": "p:18",
                "token": "code",
                "type": {
                  "type": "string"
                },
                "nullable": true
              }
            ]
          },
          {
            "$id": "n:n5",
            "labels": [
              {
                "$ref": "#nl:n5"
              }
            ],
            "properties": [
              {
                "$id": "p:19",
                "token": "id",
                "type": {
                  "type": "integer"
                },
                "nullable": true
              },
              {
                "$id": "p:20",
                "token": "description",
                "type": {
                  "type": "string"
                },
                "nullable": true
              }
            ]
          },
          {
            "$id": "n:n6",
            "labels": [
              {
                "$ref": "#nl:n6"
              }
            ],
            "properties": [
              {
                "$id": "p:21",
                "token": "id",
                "type": {
                  "type": "integer"
                },
                "nullable": true
              },
              {
                "$id": "p:22",
                "token": "code",
                "type": {
                  "type": "string"
                },
                "nullable": true
              },
              {
                "$id": "p:23",
                "token": "name",
                "type": {
                  "type": "string"
                },
                "nullable": true
              }
            ]
          },
          {
            "$id": "n:n7",
            "labels": [
              {
                "$ref": "#nl:n7"
              }
            ],
            "properties": [
              {
                "$id": "p:24",
                "token": "id",
                "type": {
                  "type": "integer"
                },
                "nullable": true
              },
              {
                "$id": "p:25",
                "token": "primaryid",
                "type": {
                  "type": "integer"
                },
                "nullable": true
              }
            ]
          }
        ],
        "relationshipObjectTypes": [
          {
            "$id": "r:n0",
            "type": {
              "$ref": "#rt:n0"
            },
            "from": {
              "$ref": "#n:n1"
            },
            "to": {
              "$ref": "#n:n0"
            },
            "properties": []
          },
          {
            "$id": "r:n1",
            "type": {
              "$ref": "#rt:n1"
            },
            "from": {
              "$ref": "#n:n1"
            },
            "to": {
              "$ref": "#n:n5"
            },
            "properties": []
          },
          {
            "$id": "r:n2",
            "type": {
              "$ref": "#rt:n2"
            },
            "from": {
              "$ref": "#n:n1"
            },
            "to": {
              "$ref": "#n:n2"
            },
            "properties": [
              {
                "$id": "p:26",
                "token": "indication",
                "type": {
                  "type": "string"
                },
                "nullable": true
              },
              {
                "$id": "p:27",
                "token": "doseAmount",
                "type": {
                  "type": "string"
                },
                "nullable": true
              },
              {
                "$id": "p:28",
                "token": "doseUnit",
                "type": {
                  "type": "string"
                },
                "nullable": true
              },
              {
                "$id": "p:29",
                "token": "drugSequence",
                "type": {
                  "type": "integer"
                },
                "nullable": true
              },
              {
                "$id": "p:30",
                "token": "route",
                "type": {
                  "type": "string"
                },
                "nullable": true
              }
            ]
          },
          {
            "$id": "r:n3",
            "type": {
              "$ref": "#rt:n3"
            },
            "from": {
              "$ref": "#n:n1"
            },
            "to": {
              "$ref": "#n:n2"
            },
            "properties": [
              {
                "$id": "p:31",
                "token": "route",
                "type": {
                  "type": "string"
                },
                "nullable": true
              },
              {
                "$id": "p:32",
                "token": "indication",
                "type": {
                  "type": "string"
                },
                "nullable": true
              },
              {
                "$id": "p:33",
                "token": "doseAmount",
                "type": {
                  "type": "integer"
                },
                "nullable": true
              },
              {
                "$id": "p:34",
                "token": "doseUnit",
                "type": {
                  "type": "string"
                },
                "nullable": true
              },
              {
                "$id": "p:35",
                "token": "drugSequence",
                "type": {
                  "type": "integer"
                },
                "nullable": true
              }
            ]
          },
          {
            "$id": "r:n4",
            "type": {
              "$ref": "#rt:n4"
            },
            "from": {
              "$ref": "#n:n1"
            },
            "to": {
              "$ref": "#n:n2"
            },
            "properties": [
              {
                "$id": "p:36",
                "token": "indication",
                "type": {
                  "type": "string"
                },
                "nullable": true
              },
              {
                "$id": "p:37",
                "token": "doseAmount",
                "type": {
                  "type": "float"
                },
                "nullable": true
              },
              {
                "$id": "p:38",
                "token": "doseUnit",
                "type": {
                  "type": "string"
                },
                "nullable": true
              },
              {
                "$id": "p:39",
                "token": "drugSequence",
                "type": {
                  "type": "boolean"
                },
                "nullable": true
              },
              {
                "$id": "p:40",
                "token": "route",
                "type": {
                  "type": "string"
                },
                "nullable": true
              }
            ]
          },
          {
            "$id": "r:n5",
            "type": {
              "$ref": "#rt:n5"
            },
            "from": {
              "$ref": "#n:n1"
            },
            "to": {
              "$ref": "#n:n2"
            },
            "properties": [
              {
                "$id": "p:41",
                "token": "indication",
                "type": {
                  "type": "string"
                },
                "nullable": true
              },
              {
                "$id": "p:42",
                "token": "doseAmount",
                "type": {
                  "type": "float"
                },
                "nullable": true
              },
              {
                "$id": "p:43",
                "token": "doseUnit",
                "type": {
                  "type": "string"
                },
                "nullable": true
              },
              {
                "$id": "p:44",
                "token": "drugSequence",
                "type": {
                  "type": "integer"
                },
                "nullable": true
              },
              {
                "$id": "p:45",
                "token": "route",
                "type": {
                  "type": "string"
                },
                "nullable": true
              }
            ]
          },
          {
            "$id": "r:n6",
            "type": {
              "$ref": "#rt:n6"
            },
            "from": {
              "$ref": "#n:n7"
            },
            "to": {
              "$ref": "#n:n2"
            },
            "properties": [
              {
                "$id": "p:46",
                "token": "drugSequence",
                "type": {
                  "type": "integer"
                },
                "nullable": true
              },
              {
                "$id": "p:47",
                "token": "endYear",
                "type": {
                  "type": "integer"
                },
                "nullable": true
              },
              {
                "$id": "p:48",
                "token": "startYear",
                "type": {
                  "type": "integer"
                },
                "nullable": true
              }
            ]
          },
          {
            "$id": "r:n7",
            "type": {
              "$ref": "#rt:n7"
            },
            "from": {
              "$ref": "#n:n1"
            },
            "to": {
              "$ref": "#n:n7"
            },
            "properties": []
          },
          {
            "$id": "r:n8",
            "type": {
              "$ref": "#rt:n8"
            },
            "from": {
              "$ref": "#n:n3"
            },
            "to": {
              "$ref": "#n:n1"
            },
            "properties": []
          },
          {
            "$id": "r:n9",
            "type": {
              "$ref": "#rt:n9"
            },
            "from": {
              "$ref": "#n:n1"
            },
            "to": {
              "$ref": "#n:n6"
            },
            "properties": []
          },
          {
            "$id": "r:n10",
            "type": {
              "$ref": "#rt:n10"
            },
            "from": {
              "$ref": "#n:n1"
            },
            "to": {
              "$ref": "#n:n4"
            },
            "properties": []
          }
        ]
      }
    },
    "graphSchemaExtensionsRepresentation": {
      "nodeKeyProperties": [
        {
          "node": {
            "$ref": "#n:n0"
          },
          "keyProperty": {
            "$ref": "#p:1"
          }
        },
        {
          "node": {
            "$ref": "#n:n1"
          },
          "keyProperty": {
            "$ref": "#p:3"
          }
        },
        {
          "node": {
            "$ref": "#n:n2"
          },
          "keyProperty": {
            "$ref": "#p:11"
          }
        },
        {
          "node": {
            "$ref": "#n:n3"
          },
          "keyProperty": {
            "$ref": "#p:14"
          }
        },
        {
          "node": {
            "$ref": "#n:n4"
          },
          "keyProperty": {
            "$ref": "#p:16"
          }
        },
        {
          "node": {
            "$ref": "#n:n5"
          },
          "keyProperty": {
            "$ref": "#p:19"
          }
        },
        {
          "node": {
            "$ref": "#n:n6"
          },
          "keyProperty": {
            "$ref": "#p:21"
          }
        },
        {
          "node": {
            "$ref": "#n:n7"
          },
          "keyProperty": {
            "$ref": "#p:24"
          }
        }
      ]
    },
    "graphMappingRepresentation": {
      "dataSourceSchema": {
        "type": "local/csv",
        "tableSchemas": [
          {
            "$id": "t:1",
            "name": "healthcare-analytics.nodes.ReportSource.csv",
            "expanded": true,
            "fields": [
              {
                "name": ":ID",
                "type": "integer",
                "sample": "7155",
                "include": true
              },
              {
                "name": "code",
                "type": "string",
                "sample": "HP",
                "include": true
              },
              {
                "name": "name",
                "type": "string",
                "sample": "Health Professional",
                "include": true
              },
              {
                "name": ":LABEL",
                "type": "string",
                "sample": "ReportSource",
                "include": true
              }
            ]
          },
          {
            "$id": "t:2",
            "name": "healthcare-analytics.nodes.Therapy.csv",
            "expanded": true,
            "fields": [
              {
                "name": ":ID",
                "type": "integer",
                "sample": "9660",
                "include": true
              },
              {
                "name": "primaryid:long",
                "type": "integer",
                "sample": "101678656",
                "include": true
              },
              {
                "name": ":LABEL",
                "type": "string",
                "sample": "Therapy",
                "include": true
              }
            ]
          },
          {
            "$id": "t:3",
            "name": "healthcare-analytics.relationships.FALLS_UNDER.csv",
            "expanded": true,
            "fields": [
              {
                "name": ":START_ID",
                "type": "integer",
                "sample": "0",
                "include": true
              },
              {
                "name": ":END_ID",
                "type": "integer",
                "sample": "142",
                "include": true
              },
              {
                "name": ":TYPE",
                "type": "string",
                "sample": "FALLS_UNDER",
                "include": true
              }
            ]
          },
          {
            "$id": "t:4",
            "name": "healthcare-analytics.relationships.HAS_REACTION.csv",
            "expanded": true,
            "fields": [
              {
                "name": ":START_ID",
                "type": "integer",
                "sample": "0",
                "include": true
              },
              {
                "name": ":END_ID",
                "type": "integer",
                "sample": "4454",
                "include": true
              },
              {
                "name": ":TYPE",
                "type": "string",
                "sample": "HAS_REACTION",
                "include": true
              }
            ]
          },
          {
            "$id": "t:5",
            "name": "healthcare-analytics.relationships.IS_CONCOMITANT.csv",
            "expanded": true,
            "fields": [
              {
                "name": ":START_ID",
                "type": "integer",
                "sample": "0",
                "include": true
              },
              {
                "name": ":END_ID",
                "type": "integer",
                "sample": "7162",
                "include": true
              },
              {
                "name": ":TYPE",
                "type": "string",
                "sample": "IS_CONCOMITANT",
                "include": true
              },
              {
                "name": "indication",
                "type": "string",
                "sample": "Seizure",
                "include": true
              },
              {
                "name": "doseAmount",
                "type": "string",
                "sample": "0.5",
                "include": true
              },
              {
                "name": "doseUnit",
                "type": "string",
                "sample": "MG",
                "include": true
              },
              {
                "name": "drugSequence",
                "type": "integer",
                "sample": "3",
                "include": true
              },
              {
                "name": "route",
                "type": "string",
                "sample": "Oral",
                "include": true
              }
            ]
          },
          {
            "$id": "t:6",
            "name": "healthcare-analytics.relationships.IS_INTERACTING.csv",
            "expanded": true,
            "fields": [
              {
                "name": ":START_ID",
                "type": "integer",
                "sample": "3452",
                "include": true
              },
              {
                "name": ":END_ID",
                "type": "integer",
                "sample": "9365",
                "include": true
              },
              {
                "name": ":TYPE",
                "type": "string",
                "sample": "IS_INTERACTING",
                "include": true
              },
              {
                "name": "route",
                "type": "string",
                "sample": "Unknown",
                "include": true
              },
              {
                "name": "indication",
                "type": "string",
                "sample": "Blood cholesterol increased",
                "include": true
              },
              {
                "name": "doseAmount",
                "type": "integer",
                "sample": "20",
                "include": true
              },
              {
                "name": "doseUnit",
                "type": "string",
                "sample": "MG",
                "include": true
              },
              {
                "name": "drugSequence",
                "type": "integer",
                "sample": "2",
                "include": true
              }
            ]
          },
          {
            "$id": "t:7",
            "name": "healthcare-analytics.relationships.IS_PRIMARY_SUSPECT.csv",
            "expanded": true,
            "fields": [
              {
                "name": ":START_ID",
                "type": "integer",
                "sample": "0",
                "include": true
              },
              {
                "name": ":END_ID",
                "type": "integer",
                "sample": "7160",
                "include": true
              },
              {
                "name": ":TYPE",
                "type": "string",
                "sample": "IS_PRIMARY_SUSPECT",
                "include": true
              },
              {
                "name": "indication",
                "type": "string",
                "sample": "Glioblastoma",
                "include": true
              },
              {
                "name": "doseAmount",
                "type": "float",
                "sample": "5",
                "include": true
              },
              {
                "name": "doseUnit",
                "type": "string",
                "sample": "MG",
                "include": true
              },
              {
                "name": "drugSequence",
                "type": "boolean",
                "sample": "1",
                "include": true
              },
              {
                "name": "route",
                "type": "string",
                "sample": "Oral",
                "include": true
              }
            ]
          },
          {
            "$id": "t:8",
            "name": "healthcare-analytics.relationships.IS_SECONDARY_SUSPECT.csv",
            "expanded": true,
            "fields": [
              {
                "name": ":START_ID",
                "type": "integer",
                "sample": "0",
                "include": true
              },
              {
                "name": ":END_ID",
                "type": "integer",
                "sample": "7161",
                "include": true
              },
              {
                "name": ":TYPE",
                "type": "string",
                "sample": "IS_SECONDARY_SUSPECT",
                "include": true
              },
              {
                "name": "indication",
                "type": "string",
                "sample": "Glioblastoma",
                "include": true
              },
              {
                "name": "doseAmount",
                "type": "float",
                "sample": "400",
                "include": true
              },
              {
                "name": "doseUnit",
                "type": "string",
                "sample": "MG",
                "include": true
              },
              {
                "name": "drugSequence",
                "type": "integer",
                "sample": "2",
                "include": true
              },
              {
                "name": "route",
                "type": "string",
                "sample": "Oral",
                "include": true
              }
            ]
          },
          {
            "$id": "t:9",
            "name": "healthcare-analytics.relationships.PRESCRIBED.csv",
            "expanded": true,
            "fields": [
              {
                "name": ":START_ID",
                "type": "integer",
                "sample": "9660",
                "include": true
              },
              {
                "name": ":END_ID",
                "type": "integer",
                "sample": "7170",
                "include": true
              },
              {
                "name": ":TYPE",
                "type": "string",
                "sample": "PRESCRIBED",
                "include": true
              },
              {
                "name": "drugSequence",
                "type": "integer",
                "sample": "1",
                "include": true
              },
              {
                "name": "endYear",
                "type": "integer",
                "sample": "2014",
                "include": true
              },
              {
                "name": "startYear",
                "type": "integer",
                "sample": "2014",
                "include": true
              }
            ]
          },
          {
            "$id": "t:10",
            "name": "healthcare-analytics.relationships.RECEIVED.csv",
            "expanded": true,
            "fields": [
              {
                "name": ":START_ID",
                "type": "integer",
                "sample": "1",
                "include": true
              },
              {
                "name": ":END_ID",
                "type": "integer",
                "sample": "9660",
                "include": true
              },
              {
                "name": ":TYPE",
                "type": "string",
                "sample": "RECEIVED",
                "include": true
              }
            ]
          },
          {
            "$id": "t:11",
            "name": "healthcare-analytics.relationships.REGISTERED.csv",
            "expanded": true,
            "fields": [
              {
                "name": ":START_ID",
                "type": "integer",
                "sample": "128",
                "include": true
              },
              {
                "name": ":END_ID",
                "type": "integer",
                "sample": "0",
                "include": true
              },
              {
                "name": ":TYPE",
                "type": "string",
                "sample": "REGISTERED",
                "include": true
              }
            ]
          },
          {
            "$id": "t:12",
            "name": "healthcare-analytics.relationships.REPORTED_BY.csv",
            "expanded": true,
            "fields": [
              {
                "name": ":START_ID",
                "type": "integer",
                "sample": "0",
                "include": true
              },
              {
                "name": ":END_ID",
                "type": "integer",
                "sample": "7155",
                "include": true
              },
              {
                "name": ":TYPE",
                "type": "string",
                "sample": "REPORTED_BY",
                "include": true
              }
            ]
          },
          {
            "$id": "t:13",
            "name": "healthcare-analytics.relationships.RESULTED_IN.csv",
            "expanded": true,
            "fields": [
              {
                "name": ":START_ID",
                "type": "integer",
                "sample": "0",
                "include": true
              },
              {
                "name": ":END_ID",
                "type": "integer",
                "sample": "4448",
                "include": true
              },
              {
                "name": ":TYPE",
                "type": "string",
                "sample": "RESULTED_IN",
                "include": true
              }
            ]
          },
          {
            "$id": "t:14",
            "name": "healthcare-analytics.nodes.AgeGroup.csv",
            "expanded": true,
            "fields": [
              {
                "name": ":ID",
                "type": "integer",
                "sample": "142",
                "include": true
              },
              {
                "name": "ageGroup",
                "type": "string",
                "sample": "Adult",
                "include": true
              },
              {
                "name": ":LABEL",
                "type": "string",
                "sample": "AgeGroup",
                "include": true
              }
            ]
          },
          {
            "$id": "t:15",
            "name": "healthcare-analytics.nodes.Case.csv",
            "expanded": true,
            "fields": [
              {
                "name": ":ID",
                "type": "integer",
                "sample": "0",
                "include": true
              },
              {
                "name": "reporterOccupation",
                "type": "string",
                "sample": "Physician",
                "include": true
              },
              {
                "name": "gender",
                "type": "string",
                "sample": "F",
                "include": true
              },
              {
                "name": "eventDate:date",
                "type": "datetime",
                "sample": "2014-03-25",
                "include": true
              },
              {
                "name": "reportDate:date",
                "type": "datetime",
                "sample": "2021-08-27",
                "include": true
              },
              {
                "name": "primaryid:long",
                "type": "integer",
                "sample": "100654764",
                "include": true
              },
              {
                "name": "age:double",
                "type": "float",
                "sample": "56.0",
                "include": true
              },
              {
                "name": "ageUnit",
                "type": "string",
                "sample": "YR",
                "include": true
              },
              {
                "name": ":LABEL",
                "type": "string",
                "sample": "Case",
                "include": true
              }
            ]
          },
          {
            "$id": "t:16",
            "name": "healthcare-analytics.nodes.Drug.csv",
            "expanded": true,
            "fields": [
              {
                "name": ":ID",
                "type": "integer",
                "sample": "7160",
                "include": true
              },
              {
                "name": "primarySubstabce",
                "type": "string",
                "sample": "EVEROLIMUS",
                "include": true
              },
              {
                "name": "name",
                "type": "string",
                "sample": "AFINITOR",
                "include": true
              },
              {
                "name": ":LABEL",
                "type": "string",
                "sample": "Drug",
                "include": true
              }
            ]
          },
          {
            "$id": "t:17",
            "name": "healthcare-analytics.nodes.Manufacturer.csv",
            "expanded": true,
            "fields": [
              {
                "name": ":ID",
                "type": "integer",
                "sample": "128",
                "include": true
              },
              {
                "name": "manufacturerName",
                "type": "string",
                "sample": "NOVARTIS",
                "include": true
              },
              {
                "name": ":LABEL",
                "type": "string",
                "sample": "Manufacturer",
                "include": true
              }
            ]
          },
          {
            "$id": "t:18",
            "name": "healthcare-analytics.nodes.Outcome.csv",
            "expanded": true,
            "fields": [
              {
                "name": ":ID",
                "type": "integer",
                "sample": "4448",
                "include": true
              },
              {
                "name": "outcome",
                "type": "string",
                "sample": "Death",
                "include": true
              },
              {
                "name": "code",
                "type": "string",
                "sample": "DE",
                "include": true
              },
              {
                "name": ":LABEL",
                "type": "string",
                "sample": "Outcome",
                "include": true
              }
            ]
          },
          {
            "$id": "t:19",
            "name": "healthcare-analytics.nodes.Reaction.csv",
            "expanded": true,
            "fields": [
              {
                "name": ":ID",
                "type": "integer",
                "sample": "4454",
                "include": true
              },
              {
                "name": "description",
                "type": "string",
                "sample": "Pulmonary embolism",
                "include": true
              },
              {
                "name": ":LABEL",
                "type": "string",
                "sample": "Reaction",
                "include": true
              }
            ]
          }
        ]
      },
      "nodeMappings": [
        {
          "node": {
            "$ref": "#n:n0"
          },
          "tableSchema": {
            "$ref": "#t:14"
          },
          "propertyMappings": [
            {
              "fieldName": ":ID",
              "property": {
                "$ref": "#p:1"
              }
            },
            {
              "fieldName": "ageGroup",
              "property": {
                "$ref": "#p:2"
              }
            }
          ]
        },
        {
          "node": {
            "$ref": "#n:n1"
          },
          "tableSchema": {
            "$ref": "#t:15"
          },
          "propertyMappings": [
            {
              "fieldName": ":ID",
              "property": {
                "$ref": "#p:3"
              }
            },
            {
              "fieldName": "reporterOccupation",
              "property": {
                "$ref": "#p:4"
              }
            },
            {
              "fieldName": "gender",
              "property": {
                "$ref": "#p:5"
              }
            },
            {
              "fieldName": "eventDate:date",
              "property": {
                "$ref": "#p:6"
              }
            },
            {
              "fieldName": "reportDate:date",
              "property": {
                "$ref": "#p:7"
              }
            },
            {
              "fieldName": "primaryid:long",
              "property": {
                "$ref": "#p:8"
              }
            },
            {
              "fieldName": "age:double",
              "property": {
                "$ref": "#p:9"
              }
            },
            {
              "fieldName": "ageUnit",
              "property": {
                "$ref": "#p:10"
              }
            }
          ]
        },
        {
          "node": {
            "$ref": "#n:n2"
          },
          "tableSchema": {
            "$ref": "#t:16"
          },
          "propertyMappings": [
            {
              "fieldName": ":ID",
              "property": {
                "$ref": "#p:11"
              }
            },
            {
              "fieldName": "primarySubstabce",
              "property": {
                "$ref": "#p:12"
              }
            },
            {
              "fieldName": "name",
              "property": {
                "$ref": "#p:13"
              }
            }
          ]
        },
        {
          "node": {
            "$ref": "#n:n3"
          },
          "tableSchema": {
            "$ref": "#t:17"
          },
          "propertyMappings": [
            {
              "fieldName": ":ID",
              "property": {
                "$ref": "#p:14"
              }
            },
            {
              "fieldName": "manufacturerName",
              "property": {
                "$ref": "#p:15"
              }
            }
          ]
        },
        {
          "node": {
            "$ref": "#n:n4"
          },
          "tableSchema": {
            "$ref": "#t:18"
          },
          "propertyMappings": [
            {
              "fieldName": ":ID",
              "property": {
                "$ref": "#p:16"
              }
            },
            {
              "fieldName": "outcome",
              "property": {
                "$ref": "#p:17"
              }
            },
            {
              "fieldName": "code",
              "property": {
                "$ref": "#p:18"
              }
            }
          ]
        },
        {
          "node": {
            "$ref": "#n:n5"
          },
          "tableSchema": {
            "$ref": "#t:19"
          },
          "propertyMappings": [
            {
              "fieldName": ":ID",
              "property": {
                "$ref": "#p:19"
              }
            },
            {
              "fieldName": "description",
              "property": {
                "$ref": "#p:20"
              }
            }
          ]
        },
        {
          "node": {
            "$ref": "#n:n6"
          },
          "tableSchema": {
            "$ref": "#t:1"
          },
          "propertyMappings": [
            {
              "fieldName": ":ID",
              "property": {
                "$ref": "#p:21"
              }
            },
            {
              "fieldName": "code",
              "property": {
                "$ref": "#p:22"
              }
            },
            {
              "fieldName": "name",
              "property": {
                "$ref": "#p:23"
              }
            }
          ]
        },
        {
          "node": {
            "$ref": "#n:n7"
          },
          "tableSchema": {
            "$ref": "#t:2"
          },
          "propertyMappings": [
            {
              "fieldName": ":ID",
              "property": {
                "$ref": "#p:24"
              }
            },
            {
              "fieldName": "primaryid:long",
              "property": {
                "$ref": "#p:25"
              }
            }
          ]
        }
      ],
      "relationshipMappings": [
        {
          "relationship": {
            "$ref": "#r:n0"
          },
          "tableSchema": {
            "$ref": "#t:3"
          },
          "propertyMappings": [],
          "fromMapping": {
            "fieldName": ":START_ID"
          },
          "toMapping": {
            "fieldName": ":END_ID"
          }
        },
        {
          "relationship": {
            "$ref": "#r:n1"
          },
          "tableSchema": {
            "$ref": "#t:4"
          },
          "propertyMappings": [],
          "fromMapping": {
            "fieldName": ":START_ID"
          },
          "toMapping": {
            "fieldName": ":END_ID"
          }
        },
        {
          "relationship": {
            "$ref": "#r:n2"
          },
          "tableSchema": {
            "$ref": "#t:5"
          },
          "propertyMappings": [
            {
              "fieldName": "indication",
              "property": {
                "$ref": "#p:26"
              }
            },
            {
              "fieldName": "doseAmount",
              "property": {
                "$ref": "#p:27"
              }
            },
            {
              "fieldName": "doseUnit",
              "property": {
                "$ref": "#p:28"
              }
            },
            {
              "fieldName": "drugSequence",
              "property": {
                "$ref": "#p:29"
              }
            },
            {
              "fieldName": "route",
              "property": {
                "$ref": "#p:30"
              }
            }
          ],
          "fromMapping": {
            "fieldName": ":START_ID"
          },
          "toMapping": {
            "fieldName": ":END_ID"
          }
        },
        {
          "relationship": {
            "$ref": "#r:n3"
          },
          "tableSchema": {
            "$ref": "#t:6"
          },
          "propertyMappings": [
            {
              "fieldName": "route",
              "property": {
                "$ref": "#p:31"
              }
            },
            {
              "fieldName": "indication",
              "property": {
                "$ref": "#p:32"
              }
            },
            {
              "fieldName": "doseAmount",
              "property": {
                "$ref": "#p:33"
              }
            },
            {
              "fieldName": "doseUnit",
              "property": {
                "$ref": "#p:34"
              }
            },
            {
              "fieldName": "drugSequence",
              "property": {
                "$ref": "#p:35"
              }
            }
          ],
          "fromMapping": {
            "fieldName": ":START_ID"
          },
          "toMapping": {
            "fieldName": ":END_ID"
          }
        },
        {
          "relationship": {
            "$ref": "#r:n4"
          },
          "tableSchema": {
            "$ref": "#t:7"
          },
          "propertyMappings": [
            {
              "fieldName": "indication",
              "property": {
                "$ref": "#p:36"
              }
            },
            {
              "fieldName": "doseAmount",
              "property": {
                "$ref": "#p:37"
              }
            },
            {
              "fieldName": "doseUnit",
              "property": {
                "$ref": "#p:38"
              }
            },
            {
              "fieldName": "drugSequence",
              "property": {
                "$ref": "#p:39"
              }
            },
            {
              "fieldName": "route",
              "property": {
                "$ref": "#p:40"
              }
            }
          ],
          "fromMapping": {
            "fieldName": ":START_ID"
          },
          "toMapping": {
            "fieldName": ":END_ID"
          }
        },
        {
          "relationship": {
            "$ref": "#r:n5"
          },
          "tableSchema": {
            "$ref": "#t:8"
          },
          "propertyMappings": [
            {
              "fieldName": "indication",
              "property": {
                "$ref": "#p:41"
              }
            },
            {
              "fieldName": "doseAmount",
              "property": {
                "$ref": "#p:42"
              }
            },
            {
              "fieldName": "doseUnit",
              "property": {
                "$ref": "#p:43"
              }
            },
            {
              "fieldName": "drugSequence",
              "property": {
                "$ref": "#p:44"
              }
            },
            {
              "fieldName": "route",
              "property": {
                "$ref": "#p:45"
              }
            }
          ],
          "fromMapping": {
            "fieldName": ":START_ID"
          },
          "toMapping": {
            "fieldName": ":END_ID"
          }
        },
        {
          "relationship": {
            "$ref": "#r:n6"
          },
          "tableSchema": {
            "$ref": "#t:9"
          },
          "propertyMappings": [
            {
              "fieldName": "drugSequence",
              "property": {
                "$ref": "#p:46"
              }
            },
            {
              "fieldName": "endYear",
              "property": {
                "$ref": "#p:47"
              }
            },
            {
              "fieldName": "startYear",
              "property": {
                "$ref": "#p:48"
              }
            }
          ],
          "fromMapping": {
            "fieldName": ":START_ID"
          },
          "toMapping": {
            "fieldName": ":END_ID"
          }
        },
        {
          "relationship": {
            "$ref": "#r:n7"
          },
          "tableSchema": {
            "$ref": "#t:10"
          },
          "propertyMappings": [],
          "fromMapping": {
            "fieldName": ":START_ID"
          },
          "toMapping": {
            "fieldName": ":END_ID"
          }
        },
        {
          "relationship": {
            "$ref": "#r:n8"
          },
          "tableSchema": {
            "$ref": "#t:11"
          },
          "propertyMappings": [],
          "fromMapping": {
            "fieldName": ":START_ID"
          },
          "toMapping": {
            "fieldName": ":END_ID"
          }
        },
        {
          "relationship": {
            "$ref": "#r:n9"
          },
          "tableSchema": {
            "$ref": "#t:12"
          },
          "propertyMappings": [],
          "fromMapping": {
            "fieldName": ":START_ID"
          },
          "toMapping": {
            "fieldName": ":END_ID"
          }
        },
        {
          "relationship": {
            "$ref": "#r:n10"
          },
          "tableSchema": {
            "$ref": "#t:13"
          },
          "propertyMappings": [],
          "fromMapping": {
            "fieldName": ":START_ID"
          },
          "toMapping": {
            "fieldName": ":END_ID"
          }
        }
      ]
    },
    "configurations": {
      "idsToIgnore": []
    }
  }
}